ISO-10303-21;
HEADER;
/* Generated by software containing ST-Developer
 * from STEP Tools, Inc. (www.steptools.com) 
 */

FILE_DESCRIPTION(
/* description */ (''),
/* implementation_level */ '2;1');

FILE_NAME(
/* name */ 
'C:/Users/PC One/OriginDesigned Dropbox/Dropbox OriginDesigned/001 Ori
gin/007 Origin Tech/.KANE MODELS/90 Degree Cast Corner for 3030 Extrus
ion (KJN)/Design/90 Degree Cast Corner for 3030 Extrusion (KJN).step',
/* time_stamp */ '2021-06-21T10:39:50+01:00',
/* author */ (''),
/* organization */ (''),
/* preprocessor_version */ 'ST-DEVELOPER v18.1',
/* originating_system */ 'Autodesk Translation Framework v10.9.0.1377',

/* authorisation */ '');

FILE_SCHEMA (('AUTOMOTIVE_DESIGN { 1 0 10303 214 3 1 1 }'));
ENDSEC;

DATA;
#10=MECHANICAL_DESIGN_GEOMETRIC_PRESENTATION_REPRESENTATION('',(#13),#7634);
#11=SHAPE_REPRESENTATION_RELATIONSHIP('SRR','None',#7641,#12);
#12=ADVANCED_BREP_SHAPE_REPRESENTATION('',(#14),#7633);
#13=STYLED_ITEM('',(#7650),#14);
#14=MANIFOLD_SOLID_BREP('Body1',#4125);
#15=TOROIDAL_SURFACE('',#4362,0.500000000000025,0.250000000000004);
#16=TOROIDAL_SURFACE('',#4366,0.500000000000025,0.25);
#17=TOROIDAL_SURFACE('',#4374,0.500000000000007,0.25);
#18=TOROIDAL_SURFACE('',#4382,0.500000000000007,0.250000000000004);
#19=TOROIDAL_SURFACE('',#4496,0.500000000000025,0.250000000000004);
#20=TOROIDAL_SURFACE('',#4500,0.500000000000025,0.25);
#21=TOROIDAL_SURFACE('',#4508,0.500000000000007,0.25);
#22=TOROIDAL_SURFACE('',#4516,0.500000000000007,0.250000000000004);
#23=CYLINDRICAL_SURFACE('',#4293,0.1);
#24=CYLINDRICAL_SURFACE('',#4294,0.1);
#25=CYLINDRICAL_SURFACE('',#4298,0.1);
#26=CYLINDRICAL_SURFACE('',#4299,0.1);
#27=CYLINDRICAL_SURFACE('',#4304,0.1);
#28=CYLINDRICAL_SURFACE('',#4305,0.1);
#29=CYLINDRICAL_SURFACE('',#4306,0.1);
#30=CYLINDRICAL_SURFACE('',#4307,0.1);
#31=CYLINDRICAL_SURFACE('',#4308,0.1);
#32=CYLINDRICAL_SURFACE('',#4309,0.1);
#33=CYLINDRICAL_SURFACE('',#4310,0.1);
#34=CYLINDRICAL_SURFACE('',#4311,0.1);
#35=CYLINDRICAL_SURFACE('',#4323,0.1);
#36=CYLINDRICAL_SURFACE('',#4334,0.1);
#37=CYLINDRICAL_SURFACE('',#4335,0.1);
#38=CYLINDRICAL_SURFACE('',#4340,0.1);
#39=CYLINDRICAL_SURFACE('',#4341,0.1);
#40=CYLINDRICAL_SURFACE('',#4346,0.1);
#41=CYLINDRICAL_SURFACE('',#4347,0.1);
#42=CYLINDRICAL_SURFACE('',#4352,0.1);
#43=CYLINDRICAL_SURFACE('',#4353,0.1);
#44=CYLINDRICAL_SURFACE('',#4354,0.1);
#45=CYLINDRICAL_SURFACE('',#4355,0.1);
#46=CYLINDRICAL_SURFACE('',#4356,0.1);
#47=CYLINDRICAL_SURFACE('',#4373,0.25);
#48=CYLINDRICAL_SURFACE('',#4378,0.25);
#49=CYLINDRICAL_SURFACE('',#4386,0.25);
#50=CYLINDRICAL_SURFACE('',#4390,0.25);
#51=CYLINDRICAL_SURFACE('',#4391,0.25);
#52=CYLINDRICAL_SURFACE('',#4395,0.25);
#53=CYLINDRICAL_SURFACE('',#4396,0.25);
#54=CYLINDRICAL_SURFACE('',#4397,0.25);
#55=CYLINDRICAL_SURFACE('',#4398,0.25);
#56=CYLINDRICAL_SURFACE('',#4399,0.25);
#57=CYLINDRICAL_SURFACE('',#4400,0.25);
#58=CYLINDRICAL_SURFACE('',#4401,0.25);
#59=CYLINDRICAL_SURFACE('',#4424,0.1);
#60=CYLINDRICAL_SURFACE('',#4432,0.1);
#61=CYLINDRICAL_SURFACE('',#4436,0.1);
#62=CYLINDRICAL_SURFACE('',#4437,0.1);
#63=CYLINDRICAL_SURFACE('',#4438,0.1);
#64=CYLINDRICAL_SURFACE('',#4439,0.1);
#65=CYLINDRICAL_SURFACE('',#4440,0.1);
#66=CYLINDRICAL_SURFACE('',#4441,0.1);
#67=CYLINDRICAL_SURFACE('',#4442,0.1);
#68=CYLINDRICAL_SURFACE('',#4443,0.1);
#69=CYLINDRICAL_SURFACE('',#4444,0.1);
#70=CYLINDRICAL_SURFACE('',#4445,0.1);
#71=CYLINDRICAL_SURFACE('',#4457,0.1);
#72=CYLINDRICAL_SURFACE('',#4468,0.1);
#73=CYLINDRICAL_SURFACE('',#4473,0.1);
#74=CYLINDRICAL_SURFACE('',#4474,0.1);
#75=CYLINDRICAL_SURFACE('',#4483,0.1);
#76=CYLINDRICAL_SURFACE('',#4484,0.1);
#77=CYLINDRICAL_SURFACE('',#4485,0.1);
#78=CYLINDRICAL_SURFACE('',#4486,0.1);
#79=CYLINDRICAL_SURFACE('',#4487,0.1);
#80=CYLINDRICAL_SURFACE('',#4488,0.1);
#81=CYLINDRICAL_SURFACE('',#4489,0.1);
#82=CYLINDRICAL_SURFACE('',#4490,0.1);
#83=CYLINDRICAL_SURFACE('',#4507,0.25);
#84=CYLINDRICAL_SURFACE('',#4512,0.25);
#85=CYLINDRICAL_SURFACE('',#4520,0.25);
#86=CYLINDRICAL_SURFACE('',#4524,0.25);
#87=CYLINDRICAL_SURFACE('',#4525,0.25);
#88=CYLINDRICAL_SURFACE('',#4529,0.25);
#89=CYLINDRICAL_SURFACE('',#4530,0.25);
#90=CYLINDRICAL_SURFACE('',#4531,0.25);
#91=CYLINDRICAL_SURFACE('',#4532,0.25);
#92=CYLINDRICAL_SURFACE('',#4533,0.25);
#93=CYLINDRICAL_SURFACE('',#4534,0.25);
#94=CYLINDRICAL_SURFACE('',#4535,0.25);
#95=CYLINDRICAL_SURFACE('',#4556,0.2);
#96=CYLINDRICAL_SURFACE('',#4558,0.200000000000001);
#97=CYLINDRICAL_SURFACE('',#4559,0.2);
#98=CYLINDRICAL_SURFACE('',#4561,0.2);
#99=CYLINDRICAL_SURFACE('',#4562,0.200000000000004);
#100=CYLINDRICAL_SURFACE('',#4564,0.200000000000004);
#101=CYLINDRICAL_SURFACE('',#4565,0.200000000000004);
#102=CYLINDRICAL_SURFACE('',#4567,0.199999999999999);
#103=SPHERICAL_SURFACE('',#4275,0.1);
#104=SPHERICAL_SURFACE('',#4285,0.0999999999999979);
#105=SPHERICAL_SURFACE('',#4289,0.0999999999999979);
#106=SPHERICAL_SURFACE('',#4300,0.0999999999999979);
#107=SPHERICAL_SURFACE('',#4327,0.0999999999999979);
#108=SPHERICAL_SURFACE('',#4336,0.1);
#109=SPHERICAL_SURFACE('',#4342,0.0999999999999979);
#110=SPHERICAL_SURFACE('',#4348,0.0999999999999979);
#111=SPHERICAL_SURFACE('',#4406,0.0999999999999979);
#112=SPHERICAL_SURFACE('',#4413,0.0999999999999979);
#113=SPHERICAL_SURFACE('',#4417,0.1);
#114=SPHERICAL_SURFACE('',#4428,0.0999999999999979);
#115=SPHERICAL_SURFACE('',#4461,0.0999999999999979);
#116=SPHERICAL_SURFACE('',#4469,0.1);
#117=SPHERICAL_SURFACE('',#4475,0.1);
#118=SPHERICAL_SURFACE('',#4479,0.0999999999999979);
#119=B_SPLINE_SURFACE_WITH_KNOTS('',3,3,((#6427,#6428,#6429,#6430,#6431),
(#6432,#6433,#6434,#6435,#6436),(#6437,#6438,#6439,#6440,#6441),(#6442,
#6443,#6444,#6445,#6446),(#6447,#6448,#6449,#6450,#6451)),.UNSPECIFIED.,
 .F.,.F.,.F.,(4,1,4),(4,1,4),(0.,0.571428571428571,1.),(4.71238898038468,
5.49778714378213,6.28318530717959),.UNSPECIFIED.);
#120=B_SPLINE_SURFACE_WITH_KNOTS('',3,3,((#6464,#6465,#6466,#6467,#6468),
(#6469,#6470,#6471,#6472,#6473),(#6474,#6475,#6476,#6477,#6478),(#6479,
#6480,#6481,#6482,#6483),(#6484,#6485,#6486,#6487,#6488)),.UNSPECIFIED.,
 .F.,.F.,.F.,(4,1,4),(4,1,4),(0.,0.571428571428571,1.),(4.33680868994201E-16,
0.785398163397449,1.5707963267949),.UNSPECIFIED.);
#121=B_SPLINE_SURFACE_WITH_KNOTS('',3,3,((#6494,#6495,#6496,#6497,#6498),
(#6499,#6500,#6501,#6502,#6503),(#6504,#6505,#6506,#6507,#6508),(#6509,
#6510,#6511,#6512,#6513),(#6514,#6515,#6516,#6517,#6518)),.UNSPECIFIED.,
 .F.,.F.,.F.,(4,1,4),(4,1,4),(0.,0.571428571428571,1.),(0.,0.785398163397456,
1.57079632679491),.UNSPECIFIED.);
#122=B_SPLINE_SURFACE_WITH_KNOTS('',3,3,((#6544,#6545,#6546,#6547,#6548),
(#6549,#6550,#6551,#6552,#6553),(#6554,#6555,#6556,#6557,#6558),(#6559,
#6560,#6561,#6562,#6563),(#6564,#6565,#6566,#6567,#6568)),.UNSPECIFIED.,
 .F.,.F.,.F.,(4,1,4),(4,1,4),(0.,0.571428571428571,1.),(4.71238898038467,
5.49778714378213,6.28318530717959),.UNSPECIFIED.);
#123=B_SPLINE_SURFACE_WITH_KNOTS('',3,3,((#6612,#6613,#6614,#6615,#6616),
(#6617,#6618,#6619,#6620,#6621),(#6622,#6623,#6624,#6625,#6626),(#6627,
#6628,#6629,#6630,#6631),(#6632,#6633,#6634,#6635,#6636)),.UNSPECIFIED.,
 .F.,.F.,.F.,(4,1,4),(4,1,4),(0.,0.571428571428571,1.),(2.60208521396524E-16,
0.785398163397449,1.5707963267949),.UNSPECIFIED.);
#124=B_SPLINE_SURFACE_WITH_KNOTS('',3,3,((#6642,#6643,#6644,#6645,#6646),
(#6647,#6648,#6649,#6650,#6651),(#6652,#6653,#6654,#6655,#6656),(#6657,
#6658,#6659,#6660,#6661),(#6662,#6663,#6664,#6665,#6666)),.UNSPECIFIED.,
 .F.,.F.,.F.,(4,1,4),(4,1,4),(0.,0.571428571428571,1.),(4.71238898038467,
5.49778714378213,6.28318530717959),.UNSPECIFIED.);
#125=B_SPLINE_SURFACE_WITH_KNOTS('',3,3,((#6674,#6675,#6676,#6677,#6678),
(#6679,#6680,#6681,#6682,#6683),(#6684,#6685,#6686,#6687,#6688),(#6689,
#6690,#6691,#6692,#6693),(#6694,#6695,#6696,#6697,#6698)),.UNSPECIFIED.,
 .F.,.F.,.F.,(4,1,4),(4,1,4),(0.,0.571428571428571,1.),(4.71238898038468,
5.49778714378213,6.28318530717959),.UNSPECIFIED.);
#126=B_SPLINE_SURFACE_WITH_KNOTS('',3,3,((#6711,#6712,#6713,#6714,#6715),
(#6716,#6717,#6718,#6719,#6720),(#6721,#6722,#6723,#6724,#6725),(#6726,
#6727,#6728,#6729,#6730),(#6731,#6732,#6733,#6734,#6735)),.UNSPECIFIED.,
 .F.,.F.,.F.,(4,1,4),(4,1,4),(0.,0.571428571428571,1.),(0.,0.78539816339745,
1.5707963267949),.UNSPECIFIED.);
#127=B_SPLINE_SURFACE_WITH_KNOTS('',3,3,((#6809,#6810,#6811,#6812,#6813,
#6814),(#6815,#6816,#6817,#6818,#6819,#6820),(#6821,#6822,#6823,#6824,#6825,
#6826),(#6827,#6828,#6829,#6830,#6831,#6832),(#6833,#6834,#6835,#6836,#6837,
#6838),(#6839,#6840,#6841,#6842,#6843,#6844)),.UNSPECIFIED.,.F.,.F.,.F.,
(4,1,1,4),(4,1,1,4),(0.,0.285714285714286,0.571428571428571,1.),(2.77555756156289E-16,
0.673198425769242,1.12199737628207,1.5707963267949),.UNSPECIFIED.);
#128=B_SPLINE_SURFACE_WITH_KNOTS('',3,3,((#6860,#6861,#6862,#6863,#6864),
(#6865,#6866,#6867,#6868,#6869),(#6870,#6871,#6872,#6873,#6874),(#6875,
#6876,#6877,#6878,#6879),(#6880,#6881,#6882,#6883,#6884)),.UNSPECIFIED.,
 .F.,.F.,.F.,(4,1,4),(4,1,4),(0.,0.5,1.),(4.71238898038469,5.49778714378214,
6.28318530717959),.UNSPECIFIED.);
#129=B_SPLINE_SURFACE_WITH_KNOTS('',3,3,((#6898,#6899,#6900,#6901,#6902,
#6903),(#6904,#6905,#6906,#6907,#6908,#6909),(#6910,#6911,#6912,#6913,#6914,
#6915),(#6916,#6917,#6918,#6919,#6920,#6921),(#6922,#6923,#6924,#6925,#6926,
#6927),(#6928,#6929,#6930,#6931,#6932,#6933)),.UNSPECIFIED.,.F.,.F.,.F.,
(4,1,1,4),(4,1,1,4),(0.,0.285714285714286,0.571428571428571,1.),(-1.5707963267949,
-0.897597901025658,-0.448798950512829,-4.16333634234431E-16),
 .UNSPECIFIED.);
#130=B_SPLINE_SURFACE_WITH_KNOTS('',3,3,((#6943,#6944,#6945,#6946,#6947),
(#6948,#6949,#6950,#6951,#6952),(#6953,#6954,#6955,#6956,#6957),(#6958,
#6959,#6960,#6961,#6962),(#6963,#6964,#6965,#6966,#6967)),.UNSPECIFIED.,
 .F.,.F.,.F.,(4,1,4),(4,1,4),(0.,0.5,1.),(1.38777878078144E-16,0.785398163397448,
1.5707963267949),.UNSPECIFIED.);
#131=B_SPLINE_SURFACE_WITH_KNOTS('',3,3,((#7002,#7003,#7004,#7005,#7006),
(#7007,#7008,#7009,#7010,#7011),(#7012,#7013,#7014,#7015,#7016),(#7017,
#7018,#7019,#7020,#7021),(#7022,#7023,#7024,#7025,#7026)),.UNSPECIFIED.,
 .F.,.F.,.F.,(4,1,4),(4,1,4),(0.,0.571428571428571,1.),(0.,0.785398163397456,
1.57079632679491),.UNSPECIFIED.);
#132=B_SPLINE_SURFACE_WITH_KNOTS('',3,3,((#7046,#7047,#7048,#7049,#7050),
(#7051,#7052,#7053,#7054,#7055),(#7056,#7057,#7058,#7059,#7060),(#7061,
#7062,#7063,#7064,#7065),(#7066,#7067,#7068,#7069,#7070)),.UNSPECIFIED.,
 .F.,.F.,.F.,(4,1,4),(4,1,4),(0.,0.571428571428571,1.),(4.71238898038467,
5.49778714378213,6.28318530717959),.UNSPECIFIED.);
#133=B_SPLINE_SURFACE_WITH_KNOTS('',3,3,((#7078,#7079,#7080,#7081,#7082),
(#7083,#7084,#7085,#7086,#7087),(#7088,#7089,#7090,#7091,#7092),(#7093,
#7094,#7095,#7096,#7097),(#7098,#7099,#7100,#7101,#7102)),.UNSPECIFIED.,
 .F.,.F.,.F.,(4,1,4),(4,1,4),(0.,0.571428571428571,1.),(4.71238898038468,
5.49778714378213,6.28318530717959),.UNSPECIFIED.);
#134=B_SPLINE_SURFACE_WITH_KNOTS('',3,3,((#7118,#7119,#7120,#7121,#7122),
(#7123,#7124,#7125,#7126,#7127),(#7128,#7129,#7130,#7131,#7132),(#7133,
#7134,#7135,#7136,#7137),(#7138,#7139,#7140,#7141,#7142)),.UNSPECIFIED.,
 .F.,.F.,.F.,(4,1,4),(4,1,4),(0.,0.571428571428571,1.),(2.60208521396521E-16,
0.785398163397449,1.5707963267949),.UNSPECIFIED.);
#135=B_SPLINE_SURFACE_WITH_KNOTS('',3,3,((#7180,#7181,#7182,#7183,#7184),
(#7185,#7186,#7187,#7188,#7189),(#7190,#7191,#7192,#7193,#7194),(#7195,
#7196,#7197,#7198,#7199),(#7200,#7201,#7202,#7203,#7204)),.UNSPECIFIED.,
 .F.,.F.,.F.,(4,1,4),(4,1,4),(0.,0.571428571428571,1.),(2.6020852139652E-16,
0.785398163397449,1.5707963267949),.UNSPECIFIED.);
#136=B_SPLINE_SURFACE_WITH_KNOTS('',3,3,((#7210,#7211,#7212,#7213,#7214),
(#7215,#7216,#7217,#7218,#7219),(#7220,#7221,#7222,#7223,#7224),(#7225,
#7226,#7227,#7228,#7229),(#7230,#7231,#7232,#7233,#7234)),.UNSPECIFIED.,
 .F.,.F.,.F.,(4,1,4),(4,1,4),(0.,0.571428571428571,1.),(4.71238898038469,
5.49778714378214,6.28318530717959),.UNSPECIFIED.);
#137=B_SPLINE_SURFACE_WITH_KNOTS('',3,3,((#7242,#7243,#7244,#7245,#7246),
(#7247,#7248,#7249,#7250,#7251),(#7252,#7253,#7254,#7255,#7256),(#7257,
#7258,#7259,#7260,#7261),(#7262,#7263,#7264,#7265,#7266)),.UNSPECIFIED.,
 .F.,.F.,.F.,(4,1,4),(4,1,4),(0.,0.571428571428571,1.),(4.71238898038467,
5.49778714378213,6.28318530717959),.UNSPECIFIED.);
#138=B_SPLINE_SURFACE_WITH_KNOTS('',3,3,((#7279,#7280,#7281,#7282,#7283),
(#7284,#7285,#7286,#7287,#7288),(#7289,#7290,#7291,#7292,#7293),(#7294,
#7295,#7296,#7297,#7298),(#7299,#7300,#7301,#7302,#7303)),.UNSPECIFIED.,
 .F.,.F.,.F.,(4,1,4),(4,1,4),(0.,0.571428571428571,1.),(1.73472347597682E-16,
0.785398163397449,1.5707963267949),.UNSPECIFIED.);
#139=B_SPLINE_SURFACE_WITH_KNOTS('',3,3,((#7377,#7378,#7379,#7380,#7381,
#7382),(#7383,#7384,#7385,#7386,#7387,#7388),(#7389,#7390,#7391,#7392,#7393,
#7394),(#7395,#7396,#7397,#7398,#7399,#7400),(#7401,#7402,#7403,#7404,#7405,
#7406),(#7407,#7408,#7409,#7410,#7411,#7412)),.UNSPECIFIED.,.F.,.F.,.F.,
(4,1,1,4),(4,1,1,4),(0.,0.285714285714286,0.571428571428571,1.),(2.08166817117218E-16,
0.673198425769241,1.12199737628207,1.5707963267949),.UNSPECIFIED.);
#140=B_SPLINE_SURFACE_WITH_KNOTS('',3,3,((#7428,#7429,#7430,#7431,#7432),
(#7433,#7434,#7435,#7436,#7437),(#7438,#7439,#7440,#7441,#7442),(#7443,
#7444,#7445,#7446,#7447),(#7448,#7449,#7450,#7451,#7452)),.UNSPECIFIED.,
 .F.,.F.,.F.,(4,1,4),(4,1,4),(0.,0.5,1.),(4.71238898038469,5.49778714378214,
6.28318530717959),.UNSPECIFIED.);
#141=B_SPLINE_SURFACE_WITH_KNOTS('',3,3,((#7466,#7467,#7468,#7469,#7470,
#7471),(#7472,#7473,#7474,#7475,#7476,#7477),(#7478,#7479,#7480,#7481,#7482,
#7483),(#7484,#7485,#7486,#7487,#7488,#7489),(#7490,#7491,#7492,#7493,#7494,
#7495),(#7496,#7497,#7498,#7499,#7500,#7501)),.UNSPECIFIED.,.F.,.F.,.F.,
(4,1,1,4),(4,1,1,4),(0.,0.285714285714286,0.571428571428571,1.),(-1.5707963267949,
-0.897597901025657,-0.448798950512829,-2.08166817117215E-16),
 .UNSPECIFIED.);
#142=B_SPLINE_SURFACE_WITH_KNOTS('',3,3,((#7511,#7512,#7513,#7514,#7515),
(#7516,#7517,#7518,#7519,#7520),(#7521,#7522,#7523,#7524,#7525),(#7526,
#7527,#7528,#7529,#7530),(#7531,#7532,#7533,#7534,#7535)),.UNSPECIFIED.,
 .F.,.F.,.F.,(4,1,4),(4,1,4),(0.,0.5,1.),(-2.77555756156289E-16,0.785398163397448,
1.5707963267949),.UNSPECIFIED.);
#143=CONICAL_SURFACE('',#4181,0.700000000000002,0.785398163397452);
#144=CONICAL_SURFACE('',#4185,1.04999999999999,0.785398163397451);
#145=CONICAL_SURFACE('',#4189,1.04999999999999,0.785398163397464);
#146=CONICAL_SURFACE('',#4193,0.700000000000003,0.785398163397452);
#147=CONICAL_SURFACE('',#4201,0.700000000000007,0.785398163397463);
#148=CONICAL_SURFACE('',#4205,1.04999999999999,0.785398163397453);
#149=CONICAL_SURFACE('',#4209,1.04999999999999,0.785398163397464);
#150=CONICAL_SURFACE('',#4213,0.700000000000001,0.785398163397463);
#151=CIRCLE('',#4157,0.499999999999998);
#152=CIRCLE('',#4158,0.500000000000025);
#153=CIRCLE('',#4171,0.200000000000001);
#154=CIRCLE('',#4172,0.2);
#155=CIRCLE('',#4175,0.2);
#156=CIRCLE('',#4176,0.2);
#157=CIRCLE('',#4182,0.650000000000003);
#158=CIRCLE('',#4183,0.750000000000002);
#159=CIRCLE('',#4186,1.09999999999999);
#160=CIRCLE('',#4187,0.999999999999993);
#161=CIRCLE('',#4190,1.09999999999999);
#162=CIRCLE('',#4191,0.999999999999992);
#163=CIRCLE('',#4194,0.650000000000003);
#164=CIRCLE('',#4195,0.750000000000002);
#165=CIRCLE('',#4202,0.650000000000007);
#166=CIRCLE('',#4203,0.750000000000008);
#167=CIRCLE('',#4206,1.09999999999999);
#168=CIRCLE('',#4207,0.999999999999992);
#169=CIRCLE('',#4210,1.09999999999999);
#170=CIRCLE('',#4211,0.999999999999992);
#171=CIRCLE('',#4214,0.650000000000001);
#172=CIRCLE('',#4215,0.750000000000002);
#173=CIRCLE('',#4222,0.499999999999998);
#174=CIRCLE('',#4223,0.500000000000007);
#175=CIRCLE('',#4248,0.499999999999998);
#176=CIRCLE('',#4249,0.500000000000007);
#177=CIRCLE('',#4252,0.200000000000004);
#178=CIRCLE('',#4253,0.199999999999999);
#179=CIRCLE('',#4256,0.199999999999999);
#180=CIRCLE('',#4257,0.200000000000004);
#181=CIRCLE('',#4264,0.499999999999998);
#182=CIRCLE('',#4265,0.500000000000025);
#183=CIRCLE('',#4273,0.1);
#184=CIRCLE('',#4274,0.0999999999999979);
#185=CIRCLE('',#4276,0.1);
#186=CIRCLE('',#4277,0.1);
#187=CIRCLE('',#4278,0.0999999999999979);
#188=CIRCLE('',#4280,0.1);
#189=CIRCLE('',#4281,0.1);
#190=CIRCLE('',#4282,0.0999999999999981);
#191=CIRCLE('',#4284,0.1);
#192=CIRCLE('',#4286,0.1);
#193=CIRCLE('',#4287,0.0999999999999979);
#194=CIRCLE('',#4288,0.1);
#195=CIRCLE('',#4290,0.1);
#196=CIRCLE('',#4291,0.0999999999999979);
#197=CIRCLE('',#4292,0.0999999999999977);
#198=CIRCLE('',#4296,0.1);
#199=CIRCLE('',#4297,0.0999999999999979);
#200=CIRCLE('',#4301,0.0999999999999981);
#201=CIRCLE('',#4302,0.0999999999999979);
#202=CIRCLE('',#4303,0.1);
#203=CIRCLE('',#4317,0.099999999999998);
#204=CIRCLE('',#4319,0.1);
#205=CIRCLE('',#4321,0.1);
#206=CIRCLE('',#4322,0.0999999999999979);
#207=CIRCLE('',#4325,0.1);
#208=CIRCLE('',#4326,0.0999999999999979);
#209=CIRCLE('',#4328,0.1);
#210=CIRCLE('',#4329,0.0999999999999979);
#211=CIRCLE('',#4330,0.0999999999999983);
#212=CIRCLE('',#4332,0.1);
#213=CIRCLE('',#4333,0.0999999999999992);
#214=CIRCLE('',#4337,0.1);
#215=CIRCLE('',#4338,0.1);
#216=CIRCLE('',#4339,0.0999999999999979);
#217=CIRCLE('',#4343,0.1);
#218=CIRCLE('',#4344,0.0999999999999979);
#219=CIRCLE('',#4345,0.1);
#220=CIRCLE('',#4349,0.1);
#221=CIRCLE('',#4350,0.0999999999999979);
#222=CIRCLE('',#4351,0.1);
#223=CIRCLE('',#4363,0.249999999999999);
#224=CIRCLE('',#4364,0.25);
#225=CIRCLE('',#4365,0.250000000000004);
#226=CIRCLE('',#4367,0.249999999999999);
#227=CIRCLE('',#4368,0.250000000000021);
#228=CIRCLE('',#4369,0.25);
#229=CIRCLE('',#4371,0.25);
#230=CIRCLE('',#4372,0.250000000000001);
#231=CIRCLE('',#4375,0.249999999999999);
#232=CIRCLE('',#4376,0.250000000000004);
#233=CIRCLE('',#4377,0.25);
#234=CIRCLE('',#4380,0.25);
#235=CIRCLE('',#4381,0.250000000000004);
#236=CIRCLE('',#4383,0.249999999999999);
#237=CIRCLE('',#4384,0.25);
#238=CIRCLE('',#4385,0.250000000000004);
#239=CIRCLE('',#4388,0.25);
#240=CIRCLE('',#4389,0.250000000000004);
#241=CIRCLE('',#4393,0.25);
#242=CIRCLE('',#4394,0.250000000000001);
#243=CIRCLE('',#4407,0.1);
#244=CIRCLE('',#4408,0.0999999999999979);
#245=CIRCLE('',#4409,0.0999999999999977);
#246=CIRCLE('',#4410,0.0999999999999981);
#247=CIRCLE('',#4412,0.1);
#248=CIRCLE('',#4414,0.0999999999999981);
#249=CIRCLE('',#4415,0.0999999999999979);
#250=CIRCLE('',#4416,0.1);
#251=CIRCLE('',#4418,0.1);
#252=CIRCLE('',#4419,0.1);
#253=CIRCLE('',#4420,0.0999999999999979);
#254=CIRCLE('',#4422,0.1);
#255=CIRCLE('',#4423,0.0999999999999979);
#256=CIRCLE('',#4426,0.1);
#257=CIRCLE('',#4427,0.0999999999999979);
#258=CIRCLE('',#4429,0.1);
#259=CIRCLE('',#4430,0.0999999999999979);
#260=CIRCLE('',#4431,0.1);
#261=CIRCLE('',#4434,0.1);
#262=CIRCLE('',#4435,0.1);
#263=CIRCLE('',#4452,0.1);
#264=CIRCLE('',#4453,0.1);
#265=CIRCLE('',#4455,0.1);
#266=CIRCLE('',#4456,0.0999999999999979);
#267=CIRCLE('',#4459,0.1);
#268=CIRCLE('',#4460,0.0999999999999979);
#269=CIRCLE('',#4462,0.1);
#270=CIRCLE('',#4463,0.0999999999999979);
#271=CIRCLE('',#4464,0.1);
#272=CIRCLE('',#4465,0.099999999999998);
#273=CIRCLE('',#4467,0.1);
#274=CIRCLE('',#4470,0.1);
#275=CIRCLE('',#4471,0.1);
#276=CIRCLE('',#4472,0.0999999999999979);
#277=CIRCLE('',#4476,0.1);
#278=CIRCLE('',#4477,0.1);
#279=CIRCLE('',#4478,0.0999999999999979);
#280=CIRCLE('',#4480,0.1);
#281=CIRCLE('',#4481,0.0999999999999979);
#282=CIRCLE('',#4482,0.0999999999999983);
#283=CIRCLE('',#4497,0.249999999999999);
#284=CIRCLE('',#4498,0.25);
#285=CIRCLE('',#4499,0.250000000000004);
#286=CIRCLE('',#4501,0.249999999999999);
#287=CIRCLE('',#4502,0.250000000000021);
#288=CIRCLE('',#4503,0.25);
#289=CIRCLE('',#4505,0.25);
#290=CIRCLE('',#4506,0.249999999999998);
#291=CIRCLE('',#4509,0.249999999999999);
#292=CIRCLE('',#4510,0.250000000000004);
#293=CIRCLE('',#4511,0.25);
#294=CIRCLE('',#4514,0.25);
#295=CIRCLE('',#4515,0.250000000000004);
#296=CIRCLE('',#4517,0.249999999999999);
#297=CIRCLE('',#4518,0.25);
#298=CIRCLE('',#4519,0.250000000000004);
#299=CIRCLE('',#4522,0.25);
#300=CIRCLE('',#4523,0.250000000000004);
#301=CIRCLE('',#4527,0.25);
#302=CIRCLE('',#4528,0.249999999999999);
#303=CIRCLE('',#4541,0.2);
#304=CIRCLE('',#4542,0.200000000000001);
#305=CIRCLE('',#4544,0.2);
#306=CIRCLE('',#4545,0.2);
#307=CIRCLE('',#4547,0.200000000000004);
#308=CIRCLE('',#4548,0.200000000000004);
#309=CIRCLE('',#4554,0.200000000000004);
#310=CIRCLE('',#4555,0.200000000000004);
#311=ELLIPSE('',#4152,0.28284271247462,0.2);
#312=ELLIPSE('',#4153,0.282842712474616,0.199999999999998);
#313=ELLIPSE('',#4154,0.282842712474616,0.199999999999998);
#314=ELLIPSE('',#4155,0.282842712474616,0.199999999999998);
#315=ELLIPSE('',#4156,0.604077402955821,0.499999999999999);
#316=ELLIPSE('',#4159,0.604077402955826,0.500000000000004);
#317=ELLIPSE('',#4160,0.282842712474616,0.199999999999998);
#318=ELLIPSE('',#4161,0.282842712474616,0.199999999999998);
#319=ELLIPSE('',#4162,0.28284271247462,0.2);
#320=ELLIPSE('',#4163,0.282842712474616,0.199999999999998);
#321=ELLIPSE('',#4220,0.604077402955826,0.500000000000004);
#322=ELLIPSE('',#4221,0.604077402955819,0.499999999999998);
#323=ELLIPSE('',#4246,0.604077402955826,0.500000000000004);
#324=ELLIPSE('',#4247,0.604077402955823,0.500000000000001);
#325=ELLIPSE('',#4259,0.282842712474616,0.199999999999998);
#326=ELLIPSE('',#4260,0.282842712474616,0.199999999999998);
#327=ELLIPSE('',#4261,0.282842712474616,0.199999999999998);
#328=ELLIPSE('',#4262,0.28284271247462,0.2);
#329=ELLIPSE('',#4263,0.604077402955823,0.500000000000001);
#330=ELLIPSE('',#4266,0.604077402955826,0.500000000000004);
#331=ELLIPSE('',#4267,0.282842712474618,0.199999999999999);
#332=ELLIPSE('',#4268,0.282842712474616,0.199999999999998);
#333=ELLIPSE('',#4269,0.282842712474616,0.199999999999998);
#334=ELLIPSE('',#4270,0.282842712474616,0.199999999999998);
#335=ELLIPSE('',#4272,0.223606797749977,0.0999999999999979);
#336=ELLIPSE('',#4279,0.22360679774998,0.0999999999999979);
#337=ELLIPSE('',#4283,0.223606797749973,0.0999999999999979);
#338=ELLIPSE('',#4295,0.223606797749973,0.0999999999999979);
#339=ELLIPSE('',#4318,0.223606797749973,0.0999999999999979);
#340=ELLIPSE('',#4320,0.223606797749977,0.0999999999999979);
#341=ELLIPSE('',#4324,0.223606797749978,0.0999999999999979);
#342=ELLIPSE('',#4331,0.223606797749979,0.0999999999999979);
#343=ELLIPSE('',#4370,0.421200081626121,0.250000000000004);
#344=ELLIPSE('',#4379,0.421200081626122,0.250000000000004);
#345=ELLIPSE('',#4387,0.421200081626121,0.250000000000004);
#346=ELLIPSE('',#4392,0.421200081626121,0.250000000000004);
#347=ELLIPSE('',#4411,0.223606797749973,0.0999999999999979);
#348=ELLIPSE('',#4421,0.223606797749973,0.0999999999999979);
#349=ELLIPSE('',#4425,0.223606797749977,0.0999999999999979);
#350=ELLIPSE('',#4433,0.22360679774998,0.0999999999999979);
#351=ELLIPSE('',#4451,0.22360679774998,0.0999999999999979);
#352=ELLIPSE('',#4454,0.223606797749978,0.0999999999999979);
#353=ELLIPSE('',#4458,0.223606797749977,0.0999999999999979);
#354=ELLIPSE('',#4466,0.223606797749973,0.0999999999999979);
#355=ELLIPSE('',#4504,0.421200081626119,0.250000000000004);
#356=ELLIPSE('',#4513,0.421200081626121,0.250000000000004);
#357=ELLIPSE('',#4521,0.421200081626122,0.250000000000004);
#358=ELLIPSE('',#4526,0.421200081626118,0.250000000000004);
#359=FACE_BOUND('',#619,.T.);
#360=FACE_BOUND('',#622,.T.);
#361=FACE_BOUND('',#632,.T.);
#362=FACE_BOUND('',#633,.T.);
#363=FACE_BOUND('',#634,.T.);
#364=FACE_BOUND('',#671,.T.);
#365=FACE_BOUND('',#694,.T.);
#366=FACE_BOUND('',#700,.T.);
#367=FACE_BOUND('',#701,.T.);
#368=FACE_BOUND('',#702,.T.);
#369=FACE_OUTER_BOUND('',#617,.T.);
#370=FACE_OUTER_BOUND('',#618,.T.);
#371=FACE_OUTER_BOUND('',#620,.T.);
#372=FACE_OUTER_BOUND('',#621,.T.);
#373=FACE_OUTER_BOUND('',#623,.T.);
#374=FACE_OUTER_BOUND('',#624,.T.);
#375=FACE_OUTER_BOUND('',#625,.T.);
#376=FACE_OUTER_BOUND('',#626,.T.);
#377=FACE_OUTER_BOUND('',#627,.T.);
#378=FACE_OUTER_BOUND('',#628,.T.);
#379=FACE_OUTER_BOUND('',#629,.T.);
#380=FACE_OUTER_BOUND('',#630,.T.);
#381=FACE_OUTER_BOUND('',#631,.T.);
#382=FACE_OUTER_BOUND('',#635,.T.);
#383=FACE_OUTER_BOUND('',#636,.T.);
#384=FACE_OUTER_BOUND('',#637,.T.);
#385=FACE_OUTER_BOUND('',#638,.T.);
#386=FACE_OUTER_BOUND('',#639,.T.);
#387=FACE_OUTER_BOUND('',#640,.T.);
#388=FACE_OUTER_BOUND('',#641,.T.);
#389=FACE_OUTER_BOUND('',#642,.T.);
#390=FACE_OUTER_BOUND('',#643,.T.);
#391=FACE_OUTER_BOUND('',#644,.T.);
#392=FACE_OUTER_BOUND('',#645,.T.);
#393=FACE_OUTER_BOUND('',#646,.T.);
#394=FACE_OUTER_BOUND('',#647,.T.);
#395=FACE_OUTER_BOUND('',#648,.T.);
#396=FACE_OUTER_BOUND('',#649,.T.);
#397=FACE_OUTER_BOUND('',#650,.T.);
#398=FACE_OUTER_BOUND('',#651,.T.);
#399=FACE_OUTER_BOUND('',#652,.T.);
#400=FACE_OUTER_BOUND('',#653,.T.);
#401=FACE_OUTER_BOUND('',#654,.T.);
#402=FACE_OUTER_BOUND('',#655,.T.);
#403=FACE_OUTER_BOUND('',#656,.T.);
#404=FACE_OUTER_BOUND('',#657,.T.);
#405=FACE_OUTER_BOUND('',#658,.T.);
#406=FACE_OUTER_BOUND('',#659,.T.);
#407=FACE_OUTER_BOUND('',#660,.T.);
#408=FACE_OUTER_BOUND('',#661,.T.);
#409=FACE_OUTER_BOUND('',#662,.T.);
#410=FACE_OUTER_BOUND('',#663,.T.);
#411=FACE_OUTER_BOUND('',#664,.T.);
#412=FACE_OUTER_BOUND('',#665,.T.);
#413=FACE_OUTER_BOUND('',#666,.T.);
#414=FACE_OUTER_BOUND('',#667,.T.);
#415=FACE_OUTER_BOUND('',#668,.T.);
#416=FACE_OUTER_BOUND('',#669,.T.);
#417=FACE_OUTER_BOUND('',#670,.T.);
#418=FACE_OUTER_BOUND('',#672,.T.);
#419=FACE_OUTER_BOUND('',#673,.T.);
#420=FACE_OUTER_BOUND('',#674,.T.);
#421=FACE_OUTER_BOUND('',#675,.T.);
#422=FACE_OUTER_BOUND('',#676,.T.);
#423=FACE_OUTER_BOUND('',#677,.T.);
#424=FACE_OUTER_BOUND('',#678,.T.);
#425=FACE_OUTER_BOUND('',#679,.T.);
#426=FACE_OUTER_BOUND('',#680,.T.);
#427=FACE_OUTER_BOUND('',#681,.T.);
#428=FACE_OUTER_BOUND('',#682,.T.);
#429=FACE_OUTER_BOUND('',#683,.T.);
#430=FACE_OUTER_BOUND('',#684,.T.);
#431=FACE_OUTER_BOUND('',#685,.T.);
#432=FACE_OUTER_BOUND('',#686,.T.);
#433=FACE_OUTER_BOUND('',#687,.T.);
#434=FACE_OUTER_BOUND('',#688,.T.);
#435=FACE_OUTER_BOUND('',#689,.T.);
#436=FACE_OUTER_BOUND('',#690,.T.);
#437=FACE_OUTER_BOUND('',#691,.T.);
#438=FACE_OUTER_BOUND('',#692,.T.);
#439=FACE_OUTER_BOUND('',#693,.T.);
#440=FACE_OUTER_BOUND('',#695,.T.);
#441=FACE_OUTER_BOUND('',#696,.T.);
#442=FACE_OUTER_BOUND('',#697,.T.);
#443=FACE_OUTER_BOUND('',#698,.T.);
#444=FACE_OUTER_BOUND('',#699,.T.);
#445=FACE_OUTER_BOUND('',#703,.T.);
#446=FACE_OUTER_BOUND('',#704,.T.);
#447=FACE_OUTER_BOUND('',#705,.T.);
#448=FACE_OUTER_BOUND('',#706,.T.);
#449=FACE_OUTER_BOUND('',#707,.T.);
#450=FACE_OUTER_BOUND('',#708,.T.);
#451=FACE_OUTER_BOUND('',#709,.T.);
#452=FACE_OUTER_BOUND('',#710,.T.);
#453=FACE_OUTER_BOUND('',#711,.T.);
#454=FACE_OUTER_BOUND('',#712,.T.);
#455=FACE_OUTER_BOUND('',#713,.T.);
#456=FACE_OUTER_BOUND('',#714,.T.);
#457=FACE_OUTER_BOUND('',#715,.T.);
#458=FACE_OUTER_BOUND('',#716,.T.);
#459=FACE_OUTER_BOUND('',#717,.T.);
#460=FACE_OUTER_BOUND('',#718,.T.);
#461=FACE_OUTER_BOUND('',#719,.T.);
#462=FACE_OUTER_BOUND('',#720,.T.);
#463=FACE_OUTER_BOUND('',#721,.T.);
#464=FACE_OUTER_BOUND('',#722,.T.);
#465=FACE_OUTER_BOUND('',#723,.T.);
#466=FACE_OUTER_BOUND('',#724,.T.);
#467=FACE_OUTER_BOUND('',#725,.T.);
#468=FACE_OUTER_BOUND('',#726,.T.);
#469=FACE_OUTER_BOUND('',#727,.T.);
#470=FACE_OUTER_BOUND('',#728,.T.);
#471=FACE_OUTER_BOUND('',#729,.T.);
#472=FACE_OUTER_BOUND('',#730,.T.);
#473=FACE_OUTER_BOUND('',#731,.T.);
#474=FACE_OUTER_BOUND('',#732,.T.);
#475=FACE_OUTER_BOUND('',#733,.T.);
#476=FACE_OUTER_BOUND('',#734,.T.);
#477=FACE_OUTER_BOUND('',#735,.T.);
#478=FACE_OUTER_BOUND('',#736,.T.);
#479=FACE_OUTER_BOUND('',#737,.T.);
#480=FACE_OUTER_BOUND('',#738,.T.);
#481=FACE_OUTER_BOUND('',#739,.T.);
#482=FACE_OUTER_BOUND('',#740,.T.);
#483=FACE_OUTER_BOUND('',#741,.T.);
#484=FACE_OUTER_BOUND('',#742,.T.);
#485=FACE_OUTER_BOUND('',#743,.T.);
#486=FACE_OUTER_BOUND('',#744,.T.);
#487=FACE_OUTER_BOUND('',#745,.T.);
#488=FACE_OUTER_BOUND('',#746,.T.);
#489=FACE_OUTER_BOUND('',#747,.T.);
#490=FACE_OUTER_BOUND('',#748,.T.);
#491=FACE_OUTER_BOUND('',#749,.T.);
#492=FACE_OUTER_BOUND('',#750,.T.);
#493=FACE_OUTER_BOUND('',#751,.T.);
#494=FACE_OUTER_BOUND('',#752,.T.);
#495=FACE_OUTER_BOUND('',#753,.T.);
#496=FACE_OUTER_BOUND('',#754,.T.);
#497=FACE_OUTER_BOUND('',#755,.T.);
#498=FACE_OUTER_BOUND('',#756,.T.);
#499=FACE_OUTER_BOUND('',#757,.T.);
#500=FACE_OUTER_BOUND('',#758,.T.);
#501=FACE_OUTER_BOUND('',#759,.T.);
#502=FACE_OUTER_BOUND('',#760,.T.);
#503=FACE_OUTER_BOUND('',#761,.T.);
#504=FACE_OUTER_BOUND('',#762,.T.);
#505=FACE_OUTER_BOUND('',#763,.T.);
#506=FACE_OUTER_BOUND('',#764,.T.);
#507=FACE_OUTER_BOUND('',#765,.T.);
#508=FACE_OUTER_BOUND('',#766,.T.);
#509=FACE_OUTER_BOUND('',#767,.T.);
#510=FACE_OUTER_BOUND('',#768,.T.);
#511=FACE_OUTER_BOUND('',#769,.T.);
#512=FACE_OUTER_BOUND('',#770,.T.);
#513=FACE_OUTER_BOUND('',#771,.T.);
#514=FACE_OUTER_BOUND('',#772,.T.);
#515=FACE_OUTER_BOUND('',#773,.T.);
#516=FACE_OUTER_BOUND('',#774,.T.);
#517=FACE_OUTER_BOUND('',#775,.T.);
#518=FACE_OUTER_BOUND('',#776,.T.);
#519=FACE_OUTER_BOUND('',#777,.T.);
#520=FACE_OUTER_BOUND('',#778,.T.);
#521=FACE_OUTER_BOUND('',#779,.T.);
#522=FACE_OUTER_BOUND('',#780,.T.);
#523=FACE_OUTER_BOUND('',#781,.T.);
#524=FACE_OUTER_BOUND('',#782,.T.);
#525=FACE_OUTER_BOUND('',#783,.T.);
#526=FACE_OUTER_BOUND('',#784,.T.);
#527=FACE_OUTER_BOUND('',#785,.T.);
#528=FACE_OUTER_BOUND('',#786,.T.);
#529=FACE_OUTER_BOUND('',#787,.T.);
#530=FACE_OUTER_BOUND('',#788,.T.);
#531=FACE_OUTER_BOUND('',#789,.T.);
#532=FACE_OUTER_BOUND('',#790,.T.);
#533=FACE_OUTER_BOUND('',#791,.T.);
#534=FACE_OUTER_BOUND('',#792,.T.);
#535=FACE_OUTER_BOUND('',#793,.T.);
#536=FACE_OUTER_BOUND('',#794,.T.);
#537=FACE_OUTER_BOUND('',#795,.T.);
#538=FACE_OUTER_BOUND('',#796,.T.);
#539=FACE_OUTER_BOUND('',#797,.T.);
#540=FACE_OUTER_BOUND('',#798,.T.);
#541=FACE_OUTER_BOUND('',#799,.T.);
#542=FACE_OUTER_BOUND('',#800,.T.);
#543=FACE_OUTER_BOUND('',#801,.T.);
#544=FACE_OUTER_BOUND('',#802,.T.);
#545=FACE_OUTER_BOUND('',#803,.T.);
#546=FACE_OUTER_BOUND('',#804,.T.);
#547=FACE_OUTER_BOUND('',#805,.T.);
#548=FACE_OUTER_BOUND('',#806,.T.);
#549=FACE_OUTER_BOUND('',#807,.T.);
#550=FACE_OUTER_BOUND('',#808,.T.);
#551=FACE_OUTER_BOUND('',#809,.T.);
#552=FACE_OUTER_BOUND('',#810,.T.);
#553=FACE_OUTER_BOUND('',#811,.T.);
#554=FACE_OUTER_BOUND('',#812,.T.);
#555=FACE_OUTER_BOUND('',#813,.T.);
#556=FACE_OUTER_BOUND('',#814,.T.);
#557=FACE_OUTER_BOUND('',#815,.T.);
#558=FACE_OUTER_BOUND('',#816,.T.);
#559=FACE_OUTER_BOUND('',#817,.T.);
#560=FACE_OUTER_BOUND('',#818,.T.);
#561=FACE_OUTER_BOUND('',#819,.T.);
#562=FACE_OUTER_BOUND('',#820,.T.);
#563=FACE_OUTER_BOUND('',#821,.T.);
#564=FACE_OUTER_BOUND('',#822,.T.);
#565=FACE_OUTER_BOUND('',#823,.T.);
#566=FACE_OUTER_BOUND('',#824,.T.);
#567=FACE_OUTER_BOUND('',#825,.T.);
#568=FACE_OUTER_BOUND('',#826,.T.);
#569=FACE_OUTER_BOUND('',#827,.T.);
#570=FACE_OUTER_BOUND('',#828,.T.);
#571=FACE_OUTER_BOUND('',#829,.T.);
#572=FACE_OUTER_BOUND('',#830,.T.);
#573=FACE_OUTER_BOUND('',#831,.T.);
#574=FACE_OUTER_BOUND('',#832,.T.);
#575=FACE_OUTER_BOUND('',#833,.T.);
#576=FACE_OUTER_BOUND('',#834,.T.);
#577=FACE_OUTER_BOUND('',#835,.T.);
#578=FACE_OUTER_BOUND('',#836,.T.);
#579=FACE_OUTER_BOUND('',#837,.T.);
#580=FACE_OUTER_BOUND('',#838,.T.);
#581=FACE_OUTER_BOUND('',#839,.T.);
#582=FACE_OUTER_BOUND('',#840,.T.);
#583=FACE_OUTER_BOUND('',#841,.T.);
#584=FACE_OUTER_BOUND('',#842,.T.);
#585=FACE_OUTER_BOUND('',#843,.T.);
#586=FACE_OUTER_BOUND('',#844,.T.);
#587=FACE_OUTER_BOUND('',#845,.T.);
#588=FACE_OUTER_BOUND('',#846,.T.);
#589=FACE_OUTER_BOUND('',#847,.T.);
#590=FACE_OUTER_BOUND('',#848,.T.);
#591=FACE_OUTER_BOUND('',#849,.T.);
#592=FACE_OUTER_BOUND('',#850,.T.);
#593=FACE_OUTER_BOUND('',#851,.T.);
#594=FACE_OUTER_BOUND('',#852,.T.);
#595=FACE_OUTER_BOUND('',#853,.T.);
#596=FACE_OUTER_BOUND('',#854,.T.);
#597=FACE_OUTER_BOUND('',#855,.T.);
#598=FACE_OUTER_BOUND('',#856,.T.);
#599=FACE_OUTER_BOUND('',#857,.T.);
#600=FACE_OUTER_BOUND('',#858,.T.);
#601=FACE_OUTER_BOUND('',#859,.T.);
#602=FACE_OUTER_BOUND('',#860,.T.);
#603=FACE_OUTER_BOUND('',#861,.T.);
#604=FACE_OUTER_BOUND('',#862,.T.);
#605=FACE_OUTER_BOUND('',#863,.T.);
#606=FACE_OUTER_BOUND('',#864,.T.);
#607=FACE_OUTER_BOUND('',#865,.T.);
#608=FACE_OUTER_BOUND('',#866,.T.);
#609=FACE_OUTER_BOUND('',#867,.T.);
#610=FACE_OUTER_BOUND('',#868,.T.);
#611=FACE_OUTER_BOUND('',#869,.T.);
#612=FACE_OUTER_BOUND('',#870,.T.);
#613=FACE_OUTER_BOUND('',#871,.T.);
#614=FACE_OUTER_BOUND('',#872,.T.);
#615=FACE_OUTER_BOUND('',#873,.T.);
#616=FACE_OUTER_BOUND('',#874,.T.);
#617=EDGE_LOOP('',(#2583,#2584,#2585,#2586));
#618=EDGE_LOOP('',(#2587,#2588,#2589,#2590));
#619=EDGE_LOOP('',(#2591,#2592,#2593,#2594));
#620=EDGE_LOOP('',(#2595,#2596,#2597,#2598));
#621=EDGE_LOOP('',(#2599,#2600,#2601,#2602));
#622=EDGE_LOOP('',(#2603,#2604,#2605,#2606));
#623=EDGE_LOOP('',(#2607,#2608,#2609,#2610));
#624=EDGE_LOOP('',(#2611,#2612,#2613,#2614));
#625=EDGE_LOOP('',(#2615,#2616,#2617,#2618));
#626=EDGE_LOOP('',(#2619,#2620,#2621,#2622));
#627=EDGE_LOOP('',(#2623,#2624,#2625,#2626));
#628=EDGE_LOOP('',(#2627,#2628,#2629,#2630,#2631,#2632,#2633));
#629=EDGE_LOOP('',(#2634,#2635,#2636,#2637,#2638,#2639,#2640,#2641,#2642,
#2643,#2644,#2645));
#630=EDGE_LOOP('',(#2646,#2647,#2648,#2649));
#631=EDGE_LOOP('',(#2650,#2651,#2652,#2653,#2654,#2655,#2656,#2657,#2658,
#2659,#2660,#2661,#2662,#2663,#2664,#2665));
#632=EDGE_LOOP('',(#2666,#2667,#2668,#2669,#2670,#2671,#2672,#2673));
#633=EDGE_LOOP('',(#2674,#2675,#2676,#2677,#2678,#2679,#2680,#2681));
#634=EDGE_LOOP('',(#2682,#2683,#2684,#2685,#2686,#2687,#2688,#2689));
#635=EDGE_LOOP('',(#2690,#2691,#2692,#2693));
#636=EDGE_LOOP('',(#2694,#2695,#2696,#2697,#2698,#2699,#2700));
#637=EDGE_LOOP('',(#2701,#2702,#2703,#2704));
#638=EDGE_LOOP('',(#2705,#2706,#2707,#2708,#2709,#2710,#2711));
#639=EDGE_LOOP('',(#2712,#2713,#2714,#2715,#2716,#2717,#2718));
#640=EDGE_LOOP('',(#2719,#2720,#2721,#2722));
#641=EDGE_LOOP('',(#2723,#2724,#2725,#2726,#2727,#2728));
#642=EDGE_LOOP('',(#2729,#2730,#2731,#2732));
#643=EDGE_LOOP('',(#2733,#2734,#2735,#2736,#2737,#2738));
#644=EDGE_LOOP('',(#2739,#2740,#2741,#2742,#2743,#2744));
#645=EDGE_LOOP('',(#2745,#2746,#2747,#2748,#2749,#2750));
#646=EDGE_LOOP('',(#2751,#2752,#2753,#2754));
#647=EDGE_LOOP('',(#2755,#2756,#2757,#2758,#2759));
#648=EDGE_LOOP('',(#2760,#2761,#2762,#2763));
#649=EDGE_LOOP('',(#2764,#2765,#2766,#2767));
#650=EDGE_LOOP('',(#2768,#2769,#2770,#2771));
#651=EDGE_LOOP('',(#2772,#2773,#2774,#2775));
#652=EDGE_LOOP('',(#2776,#2777,#2778,#2779));
#653=EDGE_LOOP('',(#2780,#2781,#2782,#2783));
#654=EDGE_LOOP('',(#2784,#2785,#2786,#2787));
#655=EDGE_LOOP('',(#2788,#2789,#2790,#2791,#2792));
#656=EDGE_LOOP('',(#2793,#2794,#2795,#2796,#2797,#2798,#2799,#2800,#2801));
#657=EDGE_LOOP('',(#2802,#2803,#2804,#2805,#2806,#2807));
#658=EDGE_LOOP('',(#2808,#2809,#2810,#2811,#2812,#2813,#2814,#2815,#2816));
#659=EDGE_LOOP('',(#2817,#2818,#2819,#2820,#2821));
#660=EDGE_LOOP('',(#2822,#2823,#2824,#2825));
#661=EDGE_LOOP('',(#2826,#2827,#2828,#2829));
#662=EDGE_LOOP('',(#2830,#2831,#2832,#2833));
#663=EDGE_LOOP('',(#2834,#2835,#2836,#2837));
#664=EDGE_LOOP('',(#2838,#2839,#2840,#2841));
#665=EDGE_LOOP('',(#2842,#2843,#2844,#2845));
#666=EDGE_LOOP('',(#2846,#2847,#2848,#2849));
#667=EDGE_LOOP('',(#2850,#2851,#2852,#2853,#2854));
#668=EDGE_LOOP('',(#2855,#2856,#2857,#2858,#2859,#2860));
#669=EDGE_LOOP('',(#2861,#2862,#2863,#2864,#2865,#2866,#2867,#2868));
#670=EDGE_LOOP('',(#2869,#2870,#2871,#2872,#2873,#2874));
#671=EDGE_LOOP('',(#2875,#2876,#2877,#2878,#2879,#2880,#2881,#2882));
#672=EDGE_LOOP('',(#2883,#2884,#2885,#2886,#2887,#2888,#2889,#2890));
#673=EDGE_LOOP('',(#2891,#2892,#2893));
#674=EDGE_LOOP('',(#2894,#2895,#2896));
#675=EDGE_LOOP('',(#2897,#2898,#2899,#2900,#2901));
#676=EDGE_LOOP('',(#2902,#2903,#2904,#2905));
#677=EDGE_LOOP('',(#2906,#2907,#2908,#2909,#2910));
#678=EDGE_LOOP('',(#2911,#2912,#2913,#2914));
#679=EDGE_LOOP('',(#2915,#2916,#2917,#2918,#2919));
#680=EDGE_LOOP('',(#2920,#2921,#2922,#2923,#2924,#2925));
#681=EDGE_LOOP('',(#2926,#2927,#2928,#2929,#2930));
#682=EDGE_LOOP('',(#2931,#2932,#2933,#2934,#2935,#2936));
#683=EDGE_LOOP('',(#2937,#2938,#2939,#2940,#2941,#2942,#2943,#2944,#2945,
#2946));
#684=EDGE_LOOP('',(#2947,#2948,#2949,#2950,#2951,#2952,#2953));
#685=EDGE_LOOP('',(#2954,#2955,#2956,#2957,#2958));
#686=EDGE_LOOP('',(#2959,#2960,#2961,#2962,#2963,#2964));
#687=EDGE_LOOP('',(#2965,#2966,#2967,#2968));
#688=EDGE_LOOP('',(#2969,#2970,#2971));
#689=EDGE_LOOP('',(#2972,#2973,#2974,#2975,#2976));
#690=EDGE_LOOP('',(#2977,#2978,#2979));
#691=EDGE_LOOP('',(#2980,#2981,#2982,#2983));
#692=EDGE_LOOP('',(#2984,#2985,#2986,#2987));
#693=EDGE_LOOP('',(#2988,#2989,#2990,#2991,#2992,#2993));
#694=EDGE_LOOP('',(#2994,#2995,#2996,#2997,#2998,#2999,#3000,#3001));
#695=EDGE_LOOP('',(#3002,#3003,#3004,#3005,#3006,#3007));
#696=EDGE_LOOP('',(#3008,#3009,#3010,#3011,#3012,#3013,#3014));
#697=EDGE_LOOP('',(#3015,#3016,#3017,#3018));
#698=EDGE_LOOP('',(#3019,#3020,#3021,#3022,#3023,#3024,#3025,#3026));
#699=EDGE_LOOP('',(#3027,#3028,#3029,#3030,#3031,#3032,#3033,#3034,#3035,
#3036,#3037,#3038,#3039,#3040,#3041,#3042));
#700=EDGE_LOOP('',(#3043,#3044,#3045,#3046,#3047,#3048,#3049,#3050));
#701=EDGE_LOOP('',(#3051,#3052,#3053,#3054,#3055,#3056,#3057,#3058));
#702=EDGE_LOOP('',(#3059,#3060,#3061,#3062,#3063,#3064,#3065,#3066));
#703=EDGE_LOOP('',(#3067,#3068,#3069,#3070,#3071,#3072));
#704=EDGE_LOOP('',(#3073,#3074,#3075,#3076));
#705=EDGE_LOOP('',(#3077,#3078,#3079));
#706=EDGE_LOOP('',(#3080,#3081,#3082,#3083));
#707=EDGE_LOOP('',(#3084,#3085,#3086,#3087));
#708=EDGE_LOOP('',(#3088,#3089,#3090));
#709=EDGE_LOOP('',(#3091,#3092,#3093));
#710=EDGE_LOOP('',(#3094,#3095,#3096,#3097));
#711=EDGE_LOOP('',(#3098,#3099,#3100,#3101));
#712=EDGE_LOOP('',(#3102,#3103,#3104,#3105));
#713=EDGE_LOOP('',(#3106,#3107,#3108,#3109));
#714=EDGE_LOOP('',(#3110,#3111,#3112,#3113));
#715=EDGE_LOOP('',(#3114,#3115,#3116));
#716=EDGE_LOOP('',(#3117,#3118,#3119,#3120));
#717=EDGE_LOOP('',(#3121,#3122,#3123,#3124));
#718=EDGE_LOOP('',(#3125,#3126,#3127,#3128));
#719=EDGE_LOOP('',(#3129,#3130,#3131,#3132));
#720=EDGE_LOOP('',(#3133,#3134,#3135,#3136));
#721=EDGE_LOOP('',(#3137,#3138,#3139,#3140));
#722=EDGE_LOOP('',(#3141,#3142,#3143,#3144));
#723=EDGE_LOOP('',(#3145,#3146,#3147,#3148));
#724=EDGE_LOOP('',(#3149,#3150,#3151,#3152));
#725=EDGE_LOOP('',(#3153,#3154,#3155,#3156));
#726=EDGE_LOOP('',(#3157,#3158,#3159,#3160));
#727=EDGE_LOOP('',(#3161,#3162,#3163,#3164));
#728=EDGE_LOOP('',(#3165,#3166,#3167,#3168));
#729=EDGE_LOOP('',(#3169,#3170,#3171,#3172));
#730=EDGE_LOOP('',(#3173,#3174,#3175,#3176));
#731=EDGE_LOOP('',(#3177,#3178,#3179,#3180));
#732=EDGE_LOOP('',(#3181,#3182,#3183,#3184));
#733=EDGE_LOOP('',(#3185,#3186,#3187));
#734=EDGE_LOOP('',(#3188,#3189,#3190,#3191));
#735=EDGE_LOOP('',(#3192,#3193,#3194,#3195));
#736=EDGE_LOOP('',(#3196,#3197,#3198,#3199));
#737=EDGE_LOOP('',(#3200,#3201,#3202));
#738=EDGE_LOOP('',(#3203,#3204,#3205,#3206));
#739=EDGE_LOOP('',(#3207,#3208,#3209,#3210));
#740=EDGE_LOOP('',(#3211,#3212,#3213));
#741=EDGE_LOOP('',(#3214,#3215,#3216,#3217));
#742=EDGE_LOOP('',(#3218,#3219,#3220,#3221));
#743=EDGE_LOOP('',(#3222,#3223,#3224));
#744=EDGE_LOOP('',(#3225,#3226,#3227,#3228));
#745=EDGE_LOOP('',(#3229,#3230,#3231,#3232));
#746=EDGE_LOOP('',(#3233,#3234,#3235,#3236));
#747=EDGE_LOOP('',(#3237,#3238,#3239,#3240));
#748=EDGE_LOOP('',(#3241,#3242,#3243,#3244));
#749=EDGE_LOOP('',(#3245,#3246,#3247,#3248));
#750=EDGE_LOOP('',(#3249,#3250,#3251,#3252));
#751=EDGE_LOOP('',(#3253,#3254,#3255,#3256));
#752=EDGE_LOOP('',(#3257,#3258,#3259,#3260));
#753=EDGE_LOOP('',(#3261,#3262,#3263,#3264));
#754=EDGE_LOOP('',(#3265,#3266,#3267,#3268));
#755=EDGE_LOOP('',(#3269,#3270,#3271,#3272));
#756=EDGE_LOOP('',(#3273,#3274,#3275,#3276));
#757=EDGE_LOOP('',(#3277,#3278,#3279,#3280));
#758=EDGE_LOOP('',(#3281,#3282,#3283,#3284));
#759=EDGE_LOOP('',(#3285,#3286,#3287,#3288));
#760=EDGE_LOOP('',(#3289,#3290,#3291,#3292));
#761=EDGE_LOOP('',(#3293,#3294,#3295,#3296));
#762=EDGE_LOOP('',(#3297,#3298,#3299,#3300));
#763=EDGE_LOOP('',(#3301,#3302,#3303,#3304));
#764=EDGE_LOOP('',(#3305,#3306,#3307,#3308));
#765=EDGE_LOOP('',(#3309,#3310,#3311,#3312));
#766=EDGE_LOOP('',(#3313,#3314,#3315,#3316));
#767=EDGE_LOOP('',(#3317,#3318,#3319,#3320));
#768=EDGE_LOOP('',(#3321,#3322,#3323,#3324));
#769=EDGE_LOOP('',(#3325,#3326,#3327,#3328));
#770=EDGE_LOOP('',(#3329,#3330,#3331,#3332));
#771=EDGE_LOOP('',(#3333,#3334,#3335,#3336));
#772=EDGE_LOOP('',(#3337,#3338,#3339,#3340));
#773=EDGE_LOOP('',(#3341,#3342,#3343,#3344));
#774=EDGE_LOOP('',(#3345,#3346,#3347,#3348));
#775=EDGE_LOOP('',(#3349,#3350,#3351,#3352));
#776=EDGE_LOOP('',(#3353,#3354,#3355,#3356));
#777=EDGE_LOOP('',(#3357,#3358,#3359,#3360));
#778=EDGE_LOOP('',(#3361,#3362,#3363));
#779=EDGE_LOOP('',(#3364,#3365,#3366,#3367));
#780=EDGE_LOOP('',(#3368,#3369,#3370));
#781=EDGE_LOOP('',(#3371,#3372,#3373));
#782=EDGE_LOOP('',(#3374,#3375,#3376,#3377));
#783=EDGE_LOOP('',(#3378,#3379,#3380,#3381));
#784=EDGE_LOOP('',(#3382,#3383,#3384,#3385));
#785=EDGE_LOOP('',(#3386,#3387,#3388));
#786=EDGE_LOOP('',(#3389,#3390,#3391,#3392));
#787=EDGE_LOOP('',(#3393,#3394,#3395,#3396));
#788=EDGE_LOOP('',(#3397,#3398,#3399,#3400));
#789=EDGE_LOOP('',(#3401,#3402,#3403,#3404));
#790=EDGE_LOOP('',(#3405,#3406,#3407,#3408));
#791=EDGE_LOOP('',(#3409,#3410,#3411,#3412));
#792=EDGE_LOOP('',(#3413,#3414,#3415,#3416));
#793=EDGE_LOOP('',(#3417,#3418,#3419,#3420));
#794=EDGE_LOOP('',(#3421,#3422,#3423,#3424));
#795=EDGE_LOOP('',(#3425,#3426,#3427,#3428));
#796=EDGE_LOOP('',(#3429,#3430,#3431,#3432));
#797=EDGE_LOOP('',(#3433,#3434,#3435,#3436));
#798=EDGE_LOOP('',(#3437,#3438,#3439,#3440));
#799=EDGE_LOOP('',(#3441,#3442,#3443,#3444));
#800=EDGE_LOOP('',(#3445,#3446,#3447,#3448));
#801=EDGE_LOOP('',(#3449,#3450,#3451,#3452));
#802=EDGE_LOOP('',(#3453,#3454,#3455,#3456));
#803=EDGE_LOOP('',(#3457,#3458,#3459,#3460));
#804=EDGE_LOOP('',(#3461,#3462,#3463,#3464));
#805=EDGE_LOOP('',(#3465,#3466,#3467,#3468));
#806=EDGE_LOOP('',(#3469,#3470,#3471,#3472));
#807=EDGE_LOOP('',(#3473,#3474,#3475));
#808=EDGE_LOOP('',(#3476,#3477,#3478,#3479));
#809=EDGE_LOOP('',(#3480,#3481,#3482,#3483));
#810=EDGE_LOOP('',(#3484,#3485,#3486));
#811=EDGE_LOOP('',(#3487,#3488,#3489,#3490));
#812=EDGE_LOOP('',(#3491,#3492,#3493,#3494));
#813=EDGE_LOOP('',(#3495,#3496,#3497));
#814=EDGE_LOOP('',(#3498,#3499,#3500));
#815=EDGE_LOOP('',(#3501,#3502,#3503,#3504));
#816=EDGE_LOOP('',(#3505,#3506,#3507,#3508));
#817=EDGE_LOOP('',(#3509,#3510,#3511,#3512));
#818=EDGE_LOOP('',(#3513,#3514,#3515,#3516));
#819=EDGE_LOOP('',(#3517,#3518,#3519,#3520));
#820=EDGE_LOOP('',(#3521,#3522,#3523,#3524));
#821=EDGE_LOOP('',(#3525,#3526,#3527,#3528));
#822=EDGE_LOOP('',(#3529,#3530,#3531,#3532));
#823=EDGE_LOOP('',(#3533,#3534,#3535,#3536));
#824=EDGE_LOOP('',(#3537,#3538,#3539,#3540));
#825=EDGE_LOOP('',(#3541,#3542,#3543,#3544));
#826=EDGE_LOOP('',(#3545,#3546,#3547,#3548));
#827=EDGE_LOOP('',(#3549,#3550,#3551,#3552));
#828=EDGE_LOOP('',(#3553,#3554,#3555,#3556));
#829=EDGE_LOOP('',(#3557,#3558,#3559,#3560));
#830=EDGE_LOOP('',(#3561,#3562,#3563,#3564));
#831=EDGE_LOOP('',(#3565,#3566,#3567,#3568));
#832=EDGE_LOOP('',(#3569,#3570,#3571,#3572));
#833=EDGE_LOOP('',(#3573,#3574,#3575,#3576));
#834=EDGE_LOOP('',(#3577,#3578,#3579,#3580));
#835=EDGE_LOOP('',(#3581,#3582,#3583,#3584));
#836=EDGE_LOOP('',(#3585,#3586,#3587,#3588));
#837=EDGE_LOOP('',(#3589,#3590,#3591,#3592));
#838=EDGE_LOOP('',(#3593,#3594,#3595,#3596));
#839=EDGE_LOOP('',(#3597,#3598,#3599,#3600));
#840=EDGE_LOOP('',(#3601,#3602,#3603,#3604));
#841=EDGE_LOOP('',(#3605,#3606,#3607,#3608));
#842=EDGE_LOOP('',(#3609,#3610,#3611,#3612));
#843=EDGE_LOOP('',(#3613,#3614,#3615,#3616));
#844=EDGE_LOOP('',(#3617,#3618,#3619,#3620));
#845=EDGE_LOOP('',(#3621,#3622,#3623,#3624));
#846=EDGE_LOOP('',(#3625,#3626,#3627,#3628));
#847=EDGE_LOOP('',(#3629,#3630,#3631,#3632));
#848=EDGE_LOOP('',(#3633,#3634,#3635,#3636));
#849=EDGE_LOOP('',(#3637,#3638,#3639,#3640));
#850=EDGE_LOOP('',(#3641,#3642,#3643,#3644));
#851=EDGE_LOOP('',(#3645,#3646,#3647,#3648));
#852=EDGE_LOOP('',(#3649,#3650,#3651,#3652,#3653,#3654));
#853=EDGE_LOOP('',(#3655,#3656,#3657,#3658,#3659,#3660));
#854=EDGE_LOOP('',(#3661,#3662,#3663,#3664,#3665,#3666,#3667));
#855=EDGE_LOOP('',(#3668,#3669,#3670,#3671));
#856=EDGE_LOOP('',(#3672,#3673,#3674,#3675));
#857=EDGE_LOOP('',(#3676,#3677,#3678,#3679));
#858=EDGE_LOOP('',(#3680,#3681,#3682,#3683));
#859=EDGE_LOOP('',(#3684,#3685,#3686,#3687,#3688,#3689,#3690));
#860=EDGE_LOOP('',(#3691,#3692,#3693,#3694));
#861=EDGE_LOOP('',(#3695,#3696,#3697,#3698));
#862=EDGE_LOOP('',(#3699,#3700,#3701,#3702));
#863=EDGE_LOOP('',(#3703,#3704,#3705,#3706));
#864=EDGE_LOOP('',(#3707,#3708,#3709,#3710));
#865=EDGE_LOOP('',(#3711,#3712,#3713,#3714));
#866=EDGE_LOOP('',(#3715,#3716,#3717,#3718));
#867=EDGE_LOOP('',(#3719,#3720,#3721,#3722));
#868=EDGE_LOOP('',(#3723,#3724,#3725,#3726));
#869=EDGE_LOOP('',(#3727,#3728,#3729,#3730));
#870=EDGE_LOOP('',(#3731,#3732,#3733,#3734));
#871=EDGE_LOOP('',(#3735,#3736,#3737,#3738));
#872=EDGE_LOOP('',(#3739,#3740,#3741,#3742));
#873=EDGE_LOOP('',(#3743,#3744,#3745,#3746,#3747,#3748,#3749,#3750,#3751,
#3752,#3753));
#874=EDGE_LOOP('',(#3754,#3755,#3756,#3757,#3758,#3759,#3760,#3761,#3762,
#3763,#3764));
#875=LINE('',#5824,#1258);
#876=LINE('',#5826,#1259);
#877=LINE('',#5828,#1260);
#878=LINE('',#5829,#1261);
#879=LINE('',#5832,#1262);
#880=LINE('',#5834,#1263);
#881=LINE('',#5835,#1264);
#882=LINE('',#5838,#1265);
#883=LINE('',#5840,#1266);
#884=LINE('',#5842,#1267);
#885=LINE('',#5843,#1268);
#886=LINE('',#5847,#1269);
#887=LINE('',#5849,#1270);
#888=LINE('',#5851,#1271);
#889=LINE('',#5852,#1272);
#890=LINE('',#5855,#1273);
#891=LINE('',#5857,#1274);
#892=LINE('',#5858,#1275);
#893=LINE('',#5861,#1276);
#894=LINE('',#5863,#1277);
#895=LINE('',#5865,#1278);
#896=LINE('',#5866,#1279);
#897=LINE('',#5870,#1280);
#898=LINE('',#5872,#1281);
#899=LINE('',#5874,#1282);
#900=LINE('',#5875,#1283);
#901=LINE('',#5877,#1284);
#902=LINE('',#5878,#1285);
#903=LINE('',#5882,#1286);
#904=LINE('',#5884,#1287);
#905=LINE('',#5886,#1288);
#906=LINE('',#5887,#1289);
#907=LINE('',#5889,#1290);
#908=LINE('',#5890,#1291);
#909=LINE('',#5894,#1292);
#910=LINE('',#5896,#1293);
#911=LINE('',#5898,#1294);
#912=LINE('',#5899,#1295);
#913=LINE('',#5901,#1296);
#914=LINE('',#5902,#1297);
#915=LINE('',#5905,#1298);
#916=LINE('',#5907,#1299);
#917=LINE('',#5909,#1300);
#918=LINE('',#5911,#1301);
#919=LINE('',#5912,#1302);
#920=LINE('',#5914,#1303);
#921=LINE('',#5916,#1304);
#922=LINE('',#5917,#1305);
#923=LINE('',#5920,#1306);
#924=LINE('',#5922,#1307);
#925=LINE('',#5923,#1308);
#926=LINE('',#5925,#1309);
#927=LINE('',#5927,#1310);
#928=LINE('',#5929,#1311);
#929=LINE('',#5931,#1312);
#930=LINE('',#5933,#1313);
#931=LINE('',#5935,#1314);
#932=LINE('',#5937,#1315);
#933=LINE('',#5939,#1316);
#934=LINE('',#5941,#1317);
#935=LINE('',#5943,#1318);
#936=LINE('',#5945,#1319);
#937=LINE('',#5947,#1320);
#938=LINE('',#5949,#1321);
#939=LINE('',#5950,#1322);
#940=LINE('',#5955,#1323);
#941=LINE('',#5959,#1324);
#942=LINE('',#5963,#1325);
#943=LINE('',#5966,#1326);
#944=LINE('',#5971,#1327);
#945=LINE('',#5975,#1328);
#946=LINE('',#5979,#1329);
#947=LINE('',#5982,#1330);
#948=LINE('',#5987,#1331);
#949=LINE('',#5991,#1332);
#950=LINE('',#5995,#1333);
#951=LINE('',#5998,#1334);
#952=LINE('',#6001,#1335);
#953=LINE('',#6003,#1336);
#954=LINE('',#6004,#1337);
#955=LINE('',#6006,#1338);
#956=LINE('',#6008,#1339);
#957=LINE('',#6009,#1340);
#958=LINE('',#6014,#1341);
#959=LINE('',#6016,#1342);
#960=LINE('',#6017,#1343);
#961=LINE('',#6020,#1344);
#962=LINE('',#6024,#1345);
#963=LINE('',#6028,#1346);
#964=LINE('',#6030,#1347);
#965=LINE('',#6031,#1348);
#966=LINE('',#6034,#1349);
#967=LINE('',#6038,#1350);
#968=LINE('',#6042,#1351);
#969=LINE('',#6043,#1352);
#970=LINE('',#6046,#1353);
#971=LINE('',#6047,#1354);
#972=LINE('',#6050,#1355);
#973=LINE('',#6051,#1356);
#974=LINE('',#6055,#1357);
#975=LINE('',#6057,#1358);
#976=LINE('',#6059,#1359);
#977=LINE('',#6061,#1360);
#978=LINE('',#6062,#1361);
#979=LINE('',#6066,#1362);
#980=LINE('',#6072,#1363);
#981=LINE('',#6073,#1364);
#982=LINE('',#6074,#1365);
#983=LINE('',#6078,#1366);
#984=LINE('',#6084,#1367);
#985=LINE('',#6085,#1368);
#986=LINE('',#6086,#1369);
#987=LINE('',#6090,#1370);
#988=LINE('',#6096,#1371);
#989=LINE('',#6097,#1372);
#990=LINE('',#6098,#1373);
#991=LINE('',#6102,#1374);
#992=LINE('',#6108,#1375);
#993=LINE('',#6110,#1376);
#994=LINE('',#6111,#1377);
#995=LINE('',#6112,#1378);
#996=LINE('',#6115,#1379);
#997=LINE('',#6117,#1380);
#998=LINE('',#6119,#1381);
#999=LINE('',#6121,#1382);
#1000=LINE('',#6123,#1383);
#1001=LINE('',#6125,#1384);
#1002=LINE('',#6127,#1385);
#1003=LINE('',#6128,#1386);
#1004=LINE('',#6130,#1387);
#1005=LINE('',#6132,#1388);
#1006=LINE('',#6133,#1389);
#1007=LINE('',#6136,#1390);
#1008=LINE('',#6138,#1391);
#1009=LINE('',#6140,#1392);
#1010=LINE('',#6142,#1393);
#1011=LINE('',#6144,#1394);
#1012=LINE('',#6146,#1395);
#1013=LINE('',#6147,#1396);
#1014=LINE('',#6150,#1397);
#1015=LINE('',#6152,#1398);
#1016=LINE('',#6154,#1399);
#1017=LINE('',#6155,#1400);
#1018=LINE('',#6159,#1401);
#1019=LINE('',#6165,#1402);
#1020=LINE('',#6166,#1403);
#1021=LINE('',#6167,#1404);
#1022=LINE('',#6171,#1405);
#1023=LINE('',#6177,#1406);
#1024=LINE('',#6178,#1407);
#1025=LINE('',#6179,#1408);
#1026=LINE('',#6183,#1409);
#1027=LINE('',#6189,#1410);
#1028=LINE('',#6190,#1411);
#1029=LINE('',#6191,#1412);
#1030=LINE('',#6195,#1413);
#1031=LINE('',#6200,#1414);
#1032=LINE('',#6201,#1415);
#1033=LINE('',#6202,#1416);
#1034=LINE('',#6204,#1417);
#1035=LINE('',#6205,#1418);
#1036=LINE('',#6209,#1419);
#1037=LINE('',#6211,#1420);
#1038=LINE('',#6212,#1421);
#1039=LINE('',#6217,#1422);
#1040=LINE('',#6221,#1423);
#1041=LINE('',#6225,#1424);
#1042=LINE('',#6228,#1425);
#1043=LINE('',#6232,#1426);
#1044=LINE('',#6233,#1427);
#1045=LINE('',#6236,#1428);
#1046=LINE('',#6238,#1429);
#1047=LINE('',#6239,#1430);
#1048=LINE('',#6243,#1431);
#1049=LINE('',#6244,#1432);
#1050=LINE('',#6246,#1433);
#1051=LINE('',#6247,#1434);
#1052=LINE('',#6249,#1435);
#1053=LINE('',#6253,#1436);
#1054=LINE('',#6254,#1437);
#1055=LINE('',#6255,#1438);
#1056=LINE('',#6259,#1439);
#1057=LINE('',#6260,#1440);
#1058=LINE('',#6261,#1441);
#1059=LINE('',#6264,#1442);
#1060=LINE('',#6266,#1443);
#1061=LINE('',#6267,#1444);
#1062=LINE('',#6270,#1445);
#1063=LINE('',#6271,#1446);
#1064=LINE('',#6273,#1447);
#1065=LINE('',#6274,#1448);
#1066=LINE('',#6277,#1449);
#1067=LINE('',#6278,#1450);
#1068=LINE('',#6281,#1451);
#1069=LINE('',#6282,#1452);
#1070=LINE('',#6283,#1453);
#1071=LINE('',#6286,#1454);
#1072=LINE('',#6288,#1455);
#1073=LINE('',#6289,#1456);
#1074=LINE('',#6291,#1457);
#1075=LINE('',#6292,#1458);
#1076=LINE('',#6295,#1459);
#1077=LINE('',#6297,#1460);
#1078=LINE('',#6299,#1461);
#1079=LINE('',#6301,#1462);
#1080=LINE('',#6302,#1463);
#1081=LINE('',#6305,#1464);
#1082=LINE('',#6306,#1465);
#1083=LINE('',#6309,#1466);
#1084=LINE('',#6312,#1467);
#1085=LINE('',#6313,#1468);
#1086=LINE('',#6315,#1469);
#1087=LINE('',#6318,#1470);
#1088=LINE('',#6319,#1471);
#1089=LINE('',#6321,#1472);
#1090=LINE('',#6324,#1473);
#1091=LINE('',#6325,#1474);
#1092=LINE('',#6327,#1475);
#1093=LINE('',#6328,#1476);
#1094=LINE('',#6333,#1477);
#1095=LINE('',#6337,#1478);
#1096=LINE('',#6341,#1479);
#1097=LINE('',#6344,#1480);
#1098=LINE('',#6347,#1481);
#1099=LINE('',#6348,#1482);
#1100=LINE('',#6349,#1483);
#1101=LINE('',#6352,#1484);
#1102=LINE('',#6356,#1485);
#1103=LINE('',#6360,#1486);
#1104=LINE('',#6361,#1487);
#1105=LINE('',#6364,#1488);
#1106=LINE('',#6365,#1489);
#1107=LINE('',#6368,#1490);
#1108=LINE('',#6370,#1491);
#1109=LINE('',#6374,#1492);
#1110=LINE('',#6377,#1493);
#1111=LINE('',#6382,#1494);
#1112=LINE('',#6386,#1495);
#1113=LINE('',#6390,#1496);
#1114=LINE('',#6393,#1497);
#1115=LINE('',#6398,#1498);
#1116=LINE('',#6402,#1499);
#1117=LINE('',#6406,#1500);
#1118=LINE('',#6409,#1501);
#1119=LINE('',#6414,#1502);
#1120=LINE('',#6418,#1503);
#1121=LINE('',#6422,#1504);
#1122=LINE('',#6425,#1505);
#1123=LINE('',#6539,#1506);
#1124=LINE('',#6540,#1507);
#1125=LINE('',#6542,#1508);
#1126=LINE('',#6543,#1509);
#1127=LINE('',#6575,#1510);
#1128=LINE('',#6577,#1511);
#1129=LINE('',#6586,#1512);
#1130=LINE('',#6587,#1513);
#1131=LINE('',#6589,#1514);
#1132=LINE('',#6590,#1515);
#1133=LINE('',#6592,#1516);
#1134=LINE('',#6593,#1517);
#1135=LINE('',#6595,#1518);
#1136=LINE('',#6596,#1519);
#1137=LINE('',#6598,#1520);
#1138=LINE('',#6599,#1521);
#1139=LINE('',#6601,#1522);
#1140=LINE('',#6603,#1523);
#1141=LINE('',#6605,#1524);
#1142=LINE('',#6606,#1525);
#1143=LINE('',#6673,#1526);
#1144=LINE('',#6742,#1527);
#1145=LINE('',#6744,#1528);
#1146=LINE('',#6753,#1529);
#1147=LINE('',#6754,#1530);
#1148=LINE('',#6756,#1531);
#1149=LINE('',#6757,#1532);
#1150=LINE('',#6766,#1533);
#1151=LINE('',#6767,#1534);
#1152=LINE('',#6769,#1535);
#1153=LINE('',#6770,#1536);
#1154=LINE('',#6779,#1537);
#1155=LINE('',#6780,#1538);
#1156=LINE('',#6782,#1539);
#1157=LINE('',#6783,#1540);
#1158=LINE('',#6785,#1541);
#1159=LINE('',#6786,#1542);
#1160=LINE('',#6788,#1543);
#1161=LINE('',#6789,#1544);
#1162=LINE('',#6791,#1545);
#1163=LINE('',#6851,#1546);
#1164=LINE('',#6859,#1547);
#1165=LINE('',#6897,#1548);
#1166=LINE('',#6940,#1549);
#1167=LINE('',#6942,#1550);
#1168=LINE('',#6974,#1551);
#1169=LINE('',#6976,#1552);
#1170=LINE('',#6978,#1553);
#1171=LINE('',#6979,#1554);
#1172=LINE('',#6981,#1555);
#1173=LINE('',#6982,#1556);
#1174=LINE('',#6984,#1557);
#1175=LINE('',#6986,#1558);
#1176=LINE('',#6987,#1559);
#1177=LINE('',#6989,#1560);
#1178=LINE('',#6990,#1561);
#1179=LINE('',#7077,#1562);
#1180=LINE('',#7116,#1563);
#1181=LINE('',#7117,#1564);
#1182=LINE('',#7149,#1565);
#1183=LINE('',#7151,#1566);
#1184=LINE('',#7153,#1567);
#1185=LINE('',#7154,#1568);
#1186=LINE('',#7156,#1569);
#1187=LINE('',#7157,#1570);
#1188=LINE('',#7159,#1571);
#1189=LINE('',#7161,#1572);
#1190=LINE('',#7162,#1573);
#1191=LINE('',#7164,#1574);
#1192=LINE('',#7165,#1575);
#1193=LINE('',#7167,#1576);
#1194=LINE('',#7168,#1577);
#1195=LINE('',#7170,#1578);
#1196=LINE('',#7171,#1579);
#1197=LINE('',#7173,#1580);
#1198=LINE('',#7174,#1581);
#1199=LINE('',#7241,#1582);
#1200=LINE('',#7310,#1583);
#1201=LINE('',#7319,#1584);
#1202=LINE('',#7320,#1585);
#1203=LINE('',#7322,#1586);
#1204=LINE('',#7323,#1587);
#1205=LINE('',#7339,#1588);
#1206=LINE('',#7340,#1589);
#1207=LINE('',#7342,#1590);
#1208=LINE('',#7343,#1591);
#1209=LINE('',#7345,#1592);
#1210=LINE('',#7346,#1593);
#1211=LINE('',#7348,#1594);
#1212=LINE('',#7349,#1595);
#1213=LINE('',#7351,#1596);
#1214=LINE('',#7352,#1597);
#1215=LINE('',#7354,#1598);
#1216=LINE('',#7356,#1599);
#1217=LINE('',#7357,#1600);
#1218=LINE('',#7359,#1601);
#1219=LINE('',#7419,#1602);
#1220=LINE('',#7427,#1603);
#1221=LINE('',#7465,#1604);
#1222=LINE('',#7508,#1605);
#1223=LINE('',#7510,#1606);
#1224=LINE('',#7542,#1607);
#1225=LINE('',#7544,#1608);
#1226=LINE('',#7546,#1609);
#1227=LINE('',#7547,#1610);
#1228=LINE('',#7549,#1611);
#1229=LINE('',#7550,#1612);
#1230=LINE('',#7552,#1613);
#1231=LINE('',#7554,#1614);
#1232=LINE('',#7555,#1615);
#1233=LINE('',#7557,#1616);
#1234=LINE('',#7558,#1617);
#1235=LINE('',#7567,#1618);
#1236=LINE('',#7570,#1619);
#1237=LINE('',#7575,#1620);
#1238=LINE('',#7578,#1621);
#1239=LINE('',#7581,#1622);
#1240=LINE('',#7585,#1623);
#1241=LINE('',#7588,#1624);
#1242=LINE('',#7590,#1625);
#1243=LINE('',#7592,#1626);
#1244=LINE('',#7595,#1627);
#1245=LINE('',#7596,#1628);
#1246=LINE('',#7598,#1629);
#1247=LINE('',#7601,#1630);
#1248=LINE('',#7605,#1631);
#1249=LINE('',#7608,#1632);
#1250=LINE('',#7610,#1633);
#1251=LINE('',#7613,#1634);
#1252=LINE('',#7615,#1635);
#1253=LINE('',#7618,#1636);
#1254=LINE('',#7620,#1637);
#1255=LINE('',#7622,#1638);
#1256=LINE('',#7624,#1639);
#1257=LINE('',#7626,#1640);
#1258=VECTOR('',#4575,10.);
#1259=VECTOR('',#4576,10.);
#1260=VECTOR('',#4577,10.);
#1261=VECTOR('',#4578,10.);
#1262=VECTOR('',#4581,10.);
#1263=VECTOR('',#4582,10.);
#1264=VECTOR('',#4583,10.);
#1265=VECTOR('',#4584,10.);
#1266=VECTOR('',#4585,10.);
#1267=VECTOR('',#4586,10.);
#1268=VECTOR('',#4587,10.);
#1269=VECTOR('',#4590,10.);
#1270=VECTOR('',#4591,10.);
#1271=VECTOR('',#4592,10.);
#1272=VECTOR('',#4593,10.);
#1273=VECTOR('',#4596,10.);
#1274=VECTOR('',#4597,10.);
#1275=VECTOR('',#4598,10.);
#1276=VECTOR('',#4599,10.);
#1277=VECTOR('',#4600,10.);
#1278=VECTOR('',#4601,10.);
#1279=VECTOR('',#4602,10.);
#1280=VECTOR('',#4605,10.);
#1281=VECTOR('',#4606,10.);
#1282=VECTOR('',#4607,10.);
#1283=VECTOR('',#4608,10.);
#1284=VECTOR('',#4611,10.);
#1285=VECTOR('',#4612,10.);
#1286=VECTOR('',#4615,10.);
#1287=VECTOR('',#4616,10.);
#1288=VECTOR('',#4617,10.);
#1289=VECTOR('',#4618,10.);
#1290=VECTOR('',#4621,10.);
#1291=VECTOR('',#4622,10.);
#1292=VECTOR('',#4625,10.);
#1293=VECTOR('',#4626,10.);
#1294=VECTOR('',#4627,10.);
#1295=VECTOR('',#4628,10.);
#1296=VECTOR('',#4631,10.);
#1297=VECTOR('',#4632,10.);
#1298=VECTOR('',#4635,10.);
#1299=VECTOR('',#4636,10.);
#1300=VECTOR('',#4637,10.);
#1301=VECTOR('',#4638,10.);
#1302=VECTOR('',#4639,10.);
#1303=VECTOR('',#4640,10.);
#1304=VECTOR('',#4641,10.);
#1305=VECTOR('',#4642,10.);
#1306=VECTOR('',#4645,10.);
#1307=VECTOR('',#4646,10.);
#1308=VECTOR('',#4647,10.);
#1309=VECTOR('',#4650,10.);
#1310=VECTOR('',#4651,10.);
#1311=VECTOR('',#4652,10.);
#1312=VECTOR('',#4653,10.);
#1313=VECTOR('',#4654,10.);
#1314=VECTOR('',#4655,10.);
#1315=VECTOR('',#4656,10.);
#1316=VECTOR('',#4657,10.);
#1317=VECTOR('',#4658,10.);
#1318=VECTOR('',#4659,10.);
#1319=VECTOR('',#4660,10.);
#1320=VECTOR('',#4661,10.);
#1321=VECTOR('',#4662,10.);
#1322=VECTOR('',#4663,10.);
#1323=VECTOR('',#4666,10.);
#1324=VECTOR('',#4669,10.);
#1325=VECTOR('',#4672,10.);
#1326=VECTOR('',#4675,10.);
#1327=VECTOR('',#4678,10.);
#1328=VECTOR('',#4681,10.);
#1329=VECTOR('',#4684,10.);
#1330=VECTOR('',#4687,10.);
#1331=VECTOR('',#4690,10.);
#1332=VECTOR('',#4693,10.);
#1333=VECTOR('',#4696,10.);
#1334=VECTOR('',#4699,10.);
#1335=VECTOR('',#4702,10.);
#1336=VECTOR('',#4703,10.);
#1337=VECTOR('',#4704,10.);
#1338=VECTOR('',#4707,10.);
#1339=VECTOR('',#4710,10.);
#1340=VECTOR('',#4711,10.);
#1341=VECTOR('',#4718,10.);
#1342=VECTOR('',#4719,10.);
#1343=VECTOR('',#4720,10.);
#1344=VECTOR('',#4723,10.);
#1345=VECTOR('',#4726,10.);
#1346=VECTOR('',#4731,10.);
#1347=VECTOR('',#4732,10.);
#1348=VECTOR('',#4733,10.);
#1349=VECTOR('',#4736,10.);
#1350=VECTOR('',#4739,10.);
#1351=VECTOR('',#4744,10.);
#1352=VECTOR('',#4745,10.);
#1353=VECTOR('',#4748,10.);
#1354=VECTOR('',#4749,10.);
#1355=VECTOR('',#4752,10.);
#1356=VECTOR('',#4753,10.);
#1357=VECTOR('',#4756,10.);
#1358=VECTOR('',#4757,10.);
#1359=VECTOR('',#4758,10.);
#1360=VECTOR('',#4759,10.);
#1361=VECTOR('',#4760,10.);
#1362=VECTOR('',#4763,10.);
#1363=VECTOR('',#4770,10.);
#1364=VECTOR('',#4771,10.);
#1365=VECTOR('',#4772,10.);
#1366=VECTOR('',#4775,10.);
#1367=VECTOR('',#4782,10.);
#1368=VECTOR('',#4783,10.);
#1369=VECTOR('',#4784,10.);
#1370=VECTOR('',#4787,10.);
#1371=VECTOR('',#4794,10.);
#1372=VECTOR('',#4795,10.);
#1373=VECTOR('',#4796,10.);
#1374=VECTOR('',#4799,10.);
#1375=VECTOR('',#4806,10.);
#1376=VECTOR('',#4807,10.);
#1377=VECTOR('',#4808,10.);
#1378=VECTOR('',#4809,10.);
#1379=VECTOR('',#4812,10.);
#1380=VECTOR('',#4813,10.);
#1381=VECTOR('',#4814,10.);
#1382=VECTOR('',#4815,10.);
#1383=VECTOR('',#4816,10.);
#1384=VECTOR('',#4817,10.);
#1385=VECTOR('',#4818,10.);
#1386=VECTOR('',#4819,10.);
#1387=VECTOR('',#4822,10.);
#1388=VECTOR('',#4823,10.);
#1389=VECTOR('',#4824,10.);
#1390=VECTOR('',#4827,10.);
#1391=VECTOR('',#4828,10.);
#1392=VECTOR('',#4829,10.);
#1393=VECTOR('',#4830,10.);
#1394=VECTOR('',#4831,10.);
#1395=VECTOR('',#4832,10.);
#1396=VECTOR('',#4833,10.);
#1397=VECTOR('',#4836,10.);
#1398=VECTOR('',#4837,10.);
#1399=VECTOR('',#4838,10.);
#1400=VECTOR('',#4839,10.);
#1401=VECTOR('',#4842,10.);
#1402=VECTOR('',#4849,10.);
#1403=VECTOR('',#4850,10.);
#1404=VECTOR('',#4851,10.);
#1405=VECTOR('',#4854,10.);
#1406=VECTOR('',#4861,10.);
#1407=VECTOR('',#4862,10.);
#1408=VECTOR('',#4863,10.);
#1409=VECTOR('',#4866,10.);
#1410=VECTOR('',#4873,10.);
#1411=VECTOR('',#4874,10.);
#1412=VECTOR('',#4875,10.);
#1413=VECTOR('',#4878,10.);
#1414=VECTOR('',#4885,10.);
#1415=VECTOR('',#4886,10.);
#1416=VECTOR('',#4887,10.);
#1417=VECTOR('',#4890,10.);
#1418=VECTOR('',#4891,10.);
#1419=VECTOR('',#4896,10.);
#1420=VECTOR('',#4897,10.);
#1421=VECTOR('',#4898,10.);
#1422=VECTOR('',#4901,10.);
#1423=VECTOR('',#4904,10.);
#1424=VECTOR('',#4907,10.);
#1425=VECTOR('',#4910,10.);
#1426=VECTOR('',#4915,10.);
#1427=VECTOR('',#4916,10.);
#1428=VECTOR('',#4919,10.);
#1429=VECTOR('',#4920,10.);
#1430=VECTOR('',#4921,10.);
#1431=VECTOR('',#4924,10.);
#1432=VECTOR('',#4925,10.);
#1433=VECTOR('',#4926,10.);
#1434=VECTOR('',#4927,10.);
#1435=VECTOR('',#4930,10.);
#1436=VECTOR('',#4933,10.);
#1437=VECTOR('',#4934,10.);
#1438=VECTOR('',#4935,10.);
#1439=VECTOR('',#4938,10.);
#1440=VECTOR('',#4939,10.);
#1441=VECTOR('',#4940,10.);
#1442=VECTOR('',#4943,10.);
#1443=VECTOR('',#4944,10.);
#1444=VECTOR('',#4945,10.);
#1445=VECTOR('',#4948,10.);
#1446=VECTOR('',#4949,10.);
#1447=VECTOR('',#4950,10.);
#1448=VECTOR('',#4951,10.);
#1449=VECTOR('',#4954,10.);
#1450=VECTOR('',#4955,10.);
#1451=VECTOR('',#4958,10.);
#1452=VECTOR('',#4959,10.);
#1453=VECTOR('',#4960,10.);
#1454=VECTOR('',#4963,10.);
#1455=VECTOR('',#4964,10.);
#1456=VECTOR('',#4965,10.);
#1457=VECTOR('',#4966,10.);
#1458=VECTOR('',#4967,10.);
#1459=VECTOR('',#4970,10.);
#1460=VECTOR('',#4971,10.);
#1461=VECTOR('',#4972,10.);
#1462=VECTOR('',#4973,10.);
#1463=VECTOR('',#4974,10.);
#1464=VECTOR('',#4977,10.);
#1465=VECTOR('',#4978,10.);
#1466=VECTOR('',#4983,10.);
#1467=VECTOR('',#4986,10.);
#1468=VECTOR('',#4987,10.);
#1469=VECTOR('',#4990,10.);
#1470=VECTOR('',#4993,10.);
#1471=VECTOR('',#4994,10.);
#1472=VECTOR('',#4997,10.);
#1473=VECTOR('',#5000,10.);
#1474=VECTOR('',#5001,10.);
#1475=VECTOR('',#5004,10.);
#1476=VECTOR('',#5005,10.);
#1477=VECTOR('',#5008,10.);
#1478=VECTOR('',#5011,10.);
#1479=VECTOR('',#5014,10.);
#1480=VECTOR('',#5017,10.);
#1481=VECTOR('',#5020,10.);
#1482=VECTOR('',#5021,10.);
#1483=VECTOR('',#5022,10.);
#1484=VECTOR('',#5025,10.);
#1485=VECTOR('',#5028,10.);
#1486=VECTOR('',#5031,10.);
#1487=VECTOR('',#5032,10.);
#1488=VECTOR('',#5035,10.);
#1489=VECTOR('',#5036,10.);
#1490=VECTOR('',#5039,10.);
#1491=VECTOR('',#5040,10.);
#1492=VECTOR('',#5043,10.);
#1493=VECTOR('',#5048,10.);
#1494=VECTOR('',#5051,10.);
#1495=VECTOR('',#5054,10.);
#1496=VECTOR('',#5057,10.);
#1497=VECTOR('',#5060,10.);
#1498=VECTOR('',#5063,10.);
#1499=VECTOR('',#5066,10.);
#1500=VECTOR('',#5069,10.);
#1501=VECTOR('',#5072,10.);
#1502=VECTOR('',#5075,10.);
#1503=VECTOR('',#5078,10.);
#1504=VECTOR('',#5081,10.);
#1505=VECTOR('',#5084,10.);
#1506=VECTOR('',#5131,10.);
#1507=VECTOR('',#5132,10.);
#1508=VECTOR('',#5135,10.);
#1509=VECTOR('',#5136,10.);
#1510=VECTOR('',#5145,10.);
#1511=VECTOR('',#5148,10.);
#1512=VECTOR('',#5159,10.);
#1513=VECTOR('',#5160,10.);
#1514=VECTOR('',#5163,10.);
#1515=VECTOR('',#5164,10.);
#1516=VECTOR('',#5167,10.);
#1517=VECTOR('',#5168,10.);
#1518=VECTOR('',#5171,10.);
#1519=VECTOR('',#5172,10.);
#1520=VECTOR('',#5175,10.);
#1521=VECTOR('',#5176,10.);
#1522=VECTOR('',#5179,10.);
#1523=VECTOR('',#5182,10.);
#1524=VECTOR('',#5185,10.);
#1525=VECTOR('',#5186,10.);
#1526=VECTOR('',#5211,10.);
#1527=VECTOR('',#5234,10.);
#1528=VECTOR('',#5237,10.);
#1529=VECTOR('',#5248,10.);
#1530=VECTOR('',#5249,10.);
#1531=VECTOR('',#5252,10.);
#1532=VECTOR('',#5253,10.);
#1533=VECTOR('',#5264,10.);
#1534=VECTOR('',#5265,10.);
#1535=VECTOR('',#5268,10.);
#1536=VECTOR('',#5269,10.);
#1537=VECTOR('',#5280,10.);
#1538=VECTOR('',#5281,10.);
#1539=VECTOR('',#5284,10.);
#1540=VECTOR('',#5285,10.);
#1541=VECTOR('',#5288,10.);
#1542=VECTOR('',#5289,10.);
#1543=VECTOR('',#5292,10.);
#1544=VECTOR('',#5293,10.);
#1545=VECTOR('',#5296,10.);
#1546=VECTOR('',#5331,10.);
#1547=VECTOR('',#5342,10.);
#1548=VECTOR('',#5359,10.);
#1549=VECTOR('',#5368,10.);
#1550=VECTOR('',#5371,10.);
#1551=VECTOR('',#5380,10.);
#1552=VECTOR('',#5383,10.);
#1553=VECTOR('',#5386,10.);
#1554=VECTOR('',#5387,10.);
#1555=VECTOR('',#5390,10.);
#1556=VECTOR('',#5391,10.);
#1557=VECTOR('',#5394,10.);
#1558=VECTOR('',#5397,10.);
#1559=VECTOR('',#5398,10.);
#1560=VECTOR('',#5401,10.);
#1561=VECTOR('',#5402,10.);
#1562=VECTOR('',#5449,10.);
#1563=VECTOR('',#5466,10.);
#1564=VECTOR('',#5467,10.);
#1565=VECTOR('',#5476,10.);
#1566=VECTOR('',#5479,10.);
#1567=VECTOR('',#5482,10.);
#1568=VECTOR('',#5483,10.);
#1569=VECTOR('',#5486,10.);
#1570=VECTOR('',#5487,10.);
#1571=VECTOR('',#5490,10.);
#1572=VECTOR('',#5493,10.);
#1573=VECTOR('',#5494,10.);
#1574=VECTOR('',#5497,10.);
#1575=VECTOR('',#5498,10.);
#1576=VECTOR('',#5501,10.);
#1577=VECTOR('',#5502,10.);
#1578=VECTOR('',#5505,10.);
#1579=VECTOR('',#5506,10.);
#1580=VECTOR('',#5509,10.);
#1581=VECTOR('',#5510,10.);
#1582=VECTOR('',#5535,10.);
#1583=VECTOR('',#5558,10.);
#1584=VECTOR('',#5569,10.);
#1585=VECTOR('',#5570,10.);
#1586=VECTOR('',#5573,10.);
#1587=VECTOR('',#5574,10.);
#1588=VECTOR('',#5593,10.);
#1589=VECTOR('',#5594,10.);
#1590=VECTOR('',#5597,10.);
#1591=VECTOR('',#5598,10.);
#1592=VECTOR('',#5601,10.);
#1593=VECTOR('',#5602,10.);
#1594=VECTOR('',#5605,10.);
#1595=VECTOR('',#5606,10.);
#1596=VECTOR('',#5609,10.);
#1597=VECTOR('',#5610,10.);
#1598=VECTOR('',#5613,10.);
#1599=VECTOR('',#5616,10.);
#1600=VECTOR('',#5617,10.);
#1601=VECTOR('',#5620,10.);
#1602=VECTOR('',#5655,10.);
#1603=VECTOR('',#5666,10.);
#1604=VECTOR('',#5683,10.);
#1605=VECTOR('',#5692,10.);
#1606=VECTOR('',#5695,10.);
#1607=VECTOR('',#5704,10.);
#1608=VECTOR('',#5707,10.);
#1609=VECTOR('',#5710,10.);
#1610=VECTOR('',#5711,10.);
#1611=VECTOR('',#5714,10.);
#1612=VECTOR('',#5715,10.);
#1613=VECTOR('',#5718,10.);
#1614=VECTOR('',#5721,10.);
#1615=VECTOR('',#5722,10.);
#1616=VECTOR('',#5725,10.);
#1617=VECTOR('',#5726,10.);
#1618=VECTOR('',#5739,10.);
#1619=VECTOR('',#5742,10.);
#1620=VECTOR('',#5747,10.);
#1621=VECTOR('',#5750,10.);
#1622=VECTOR('',#5753,10.);
#1623=VECTOR('',#5756,10.);
#1624=VECTOR('',#5759,10.);
#1625=VECTOR('',#5762,10.);
#1626=VECTOR('',#5765,10.);
#1627=VECTOR('',#5768,10.);
#1628=VECTOR('',#5769,10.);
#1629=VECTOR('',#5772,10.);
#1630=VECTOR('',#5775,10.);
#1631=VECTOR('',#5778,10.);
#1632=VECTOR('',#5783,10.);
#1633=VECTOR('',#5786,10.);
#1634=VECTOR('',#5791,10.);
#1635=VECTOR('',#5794,10.);
#1636=VECTOR('',#5799,10.);
#1637=VECTOR('',#5802,10.);
#1638=VECTOR('',#5805,10.);
#1639=VECTOR('',#5808,10.);
#1640=VECTOR('',#5811,10.);
#1641=VERTEX_POINT('',#5822);
#1642=VERTEX_POINT('',#5823);
#1643=VERTEX_POINT('',#5825);
#1644=VERTEX_POINT('',#5827);
#1645=VERTEX_POINT('',#5831);
#1646=VERTEX_POINT('',#5833);
#1647=VERTEX_POINT('',#5836);
#1648=VERTEX_POINT('',#5837);
#1649=VERTEX_POINT('',#5839);
#1650=VERTEX_POINT('',#5841);
#1651=VERTEX_POINT('',#5845);
#1652=VERTEX_POINT('',#5846);
#1653=VERTEX_POINT('',#5848);
#1654=VERTEX_POINT('',#5850);
#1655=VERTEX_POINT('',#5854);
#1656=VERTEX_POINT('',#5856);
#1657=VERTEX_POINT('',#5859);
#1658=VERTEX_POINT('',#5860);
#1659=VERTEX_POINT('',#5862);
#1660=VERTEX_POINT('',#5864);
#1661=VERTEX_POINT('',#5868);
#1662=VERTEX_POINT('',#5869);
#1663=VERTEX_POINT('',#5871);
#1664=VERTEX_POINT('',#5873);
#1665=VERTEX_POINT('',#5880);
#1666=VERTEX_POINT('',#5881);
#1667=VERTEX_POINT('',#5883);
#1668=VERTEX_POINT('',#5885);
#1669=VERTEX_POINT('',#5892);
#1670=VERTEX_POINT('',#5893);
#1671=VERTEX_POINT('',#5895);
#1672=VERTEX_POINT('',#5897);
#1673=VERTEX_POINT('',#5904);
#1674=VERTEX_POINT('',#5906);
#1675=VERTEX_POINT('',#5908);
#1676=VERTEX_POINT('',#5910);
#1677=VERTEX_POINT('',#5913);
#1678=VERTEX_POINT('',#5915);
#1679=VERTEX_POINT('',#5919);
#1680=VERTEX_POINT('',#5921);
#1681=VERTEX_POINT('',#5926);
#1682=VERTEX_POINT('',#5928);
#1683=VERTEX_POINT('',#5930);
#1684=VERTEX_POINT('',#5932);
#1685=VERTEX_POINT('',#5934);
#1686=VERTEX_POINT('',#5936);
#1687=VERTEX_POINT('',#5938);
#1688=VERTEX_POINT('',#5940);
#1689=VERTEX_POINT('',#5942);
#1690=VERTEX_POINT('',#5944);
#1691=VERTEX_POINT('',#5946);
#1692=VERTEX_POINT('',#5948);
#1693=VERTEX_POINT('',#5951);
#1694=VERTEX_POINT('',#5952);
#1695=VERTEX_POINT('',#5954);
#1696=VERTEX_POINT('',#5956);
#1697=VERTEX_POINT('',#5958);
#1698=VERTEX_POINT('',#5960);
#1699=VERTEX_POINT('',#5962);
#1700=VERTEX_POINT('',#5964);
#1701=VERTEX_POINT('',#5967);
#1702=VERTEX_POINT('',#5968);
#1703=VERTEX_POINT('',#5970);
#1704=VERTEX_POINT('',#5972);
#1705=VERTEX_POINT('',#5974);
#1706=VERTEX_POINT('',#5976);
#1707=VERTEX_POINT('',#5978);
#1708=VERTEX_POINT('',#5980);
#1709=VERTEX_POINT('',#5983);
#1710=VERTEX_POINT('',#5984);
#1711=VERTEX_POINT('',#5986);
#1712=VERTEX_POINT('',#5988);
#1713=VERTEX_POINT('',#5990);
#1714=VERTEX_POINT('',#5992);
#1715=VERTEX_POINT('',#5994);
#1716=VERTEX_POINT('',#5996);
#1717=VERTEX_POINT('',#6000);
#1718=VERTEX_POINT('',#6002);
#1719=VERTEX_POINT('',#6013);
#1720=VERTEX_POINT('',#6015);
#1721=VERTEX_POINT('',#6019);
#1722=VERTEX_POINT('',#6021);
#1723=VERTEX_POINT('',#6023);
#1724=VERTEX_POINT('',#6027);
#1725=VERTEX_POINT('',#6029);
#1726=VERTEX_POINT('',#6033);
#1727=VERTEX_POINT('',#6035);
#1728=VERTEX_POINT('',#6037);
#1729=VERTEX_POINT('',#6041);
#1730=VERTEX_POINT('',#6045);
#1731=VERTEX_POINT('',#6049);
#1732=VERTEX_POINT('',#6053);
#1733=VERTEX_POINT('',#6054);
#1734=VERTEX_POINT('',#6056);
#1735=VERTEX_POINT('',#6058);
#1736=VERTEX_POINT('',#6060);
#1737=VERTEX_POINT('',#6064);
#1738=VERTEX_POINT('',#6065);
#1739=VERTEX_POINT('',#6070);
#1740=VERTEX_POINT('',#6071);
#1741=VERTEX_POINT('',#6076);
#1742=VERTEX_POINT('',#6077);
#1743=VERTEX_POINT('',#6082);
#1744=VERTEX_POINT('',#6083);
#1745=VERTEX_POINT('',#6088);
#1746=VERTEX_POINT('',#6089);
#1747=VERTEX_POINT('',#6094);
#1748=VERTEX_POINT('',#6095);
#1749=VERTEX_POINT('',#6100);
#1750=VERTEX_POINT('',#6101);
#1751=VERTEX_POINT('',#6106);
#1752=VERTEX_POINT('',#6107);
#1753=VERTEX_POINT('',#6109);
#1754=VERTEX_POINT('',#6114);
#1755=VERTEX_POINT('',#6116);
#1756=VERTEX_POINT('',#6118);
#1757=VERTEX_POINT('',#6120);
#1758=VERTEX_POINT('',#6122);
#1759=VERTEX_POINT('',#6124);
#1760=VERTEX_POINT('',#6126);
#1761=VERTEX_POINT('',#6131);
#1762=VERTEX_POINT('',#6135);
#1763=VERTEX_POINT('',#6137);
#1764=VERTEX_POINT('',#6139);
#1765=VERTEX_POINT('',#6141);
#1766=VERTEX_POINT('',#6143);
#1767=VERTEX_POINT('',#6145);
#1768=VERTEX_POINT('',#6149);
#1769=VERTEX_POINT('',#6151);
#1770=VERTEX_POINT('',#6153);
#1771=VERTEX_POINT('',#6157);
#1772=VERTEX_POINT('',#6158);
#1773=VERTEX_POINT('',#6163);
#1774=VERTEX_POINT('',#6164);
#1775=VERTEX_POINT('',#6169);
#1776=VERTEX_POINT('',#6170);
#1777=VERTEX_POINT('',#6175);
#1778=VERTEX_POINT('',#6176);
#1779=VERTEX_POINT('',#6181);
#1780=VERTEX_POINT('',#6182);
#1781=VERTEX_POINT('',#6187);
#1782=VERTEX_POINT('',#6188);
#1783=VERTEX_POINT('',#6193);
#1784=VERTEX_POINT('',#6194);
#1785=VERTEX_POINT('',#6199);
#1786=VERTEX_POINT('',#6208);
#1787=VERTEX_POINT('',#6210);
#1788=VERTEX_POINT('',#6213);
#1789=VERTEX_POINT('',#6214);
#1790=VERTEX_POINT('',#6216);
#1791=VERTEX_POINT('',#6218);
#1792=VERTEX_POINT('',#6220);
#1793=VERTEX_POINT('',#6222);
#1794=VERTEX_POINT('',#6224);
#1795=VERTEX_POINT('',#6226);
#1796=VERTEX_POINT('',#6231);
#1797=VERTEX_POINT('',#6235);
#1798=VERTEX_POINT('',#6237);
#1799=VERTEX_POINT('',#6241);
#1800=VERTEX_POINT('',#6242);
#1801=VERTEX_POINT('',#6245);
#1802=VERTEX_POINT('',#6251);
#1803=VERTEX_POINT('',#6252);
#1804=VERTEX_POINT('',#6257);
#1805=VERTEX_POINT('',#6258);
#1806=VERTEX_POINT('',#6263);
#1807=VERTEX_POINT('',#6265);
#1808=VERTEX_POINT('',#6269);
#1809=VERTEX_POINT('',#6272);
#1810=VERTEX_POINT('',#6276);
#1811=VERTEX_POINT('',#6280);
#1812=VERTEX_POINT('',#6285);
#1813=VERTEX_POINT('',#6287);
#1814=VERTEX_POINT('',#6290);
#1815=VERTEX_POINT('',#6294);
#1816=VERTEX_POINT('',#6296);
#1817=VERTEX_POINT('',#6298);
#1818=VERTEX_POINT('',#6300);
#1819=VERTEX_POINT('',#6304);
#1820=VERTEX_POINT('',#6311);
#1821=VERTEX_POINT('',#6317);
#1822=VERTEX_POINT('',#6323);
#1823=VERTEX_POINT('',#6329);
#1824=VERTEX_POINT('',#6330);
#1825=VERTEX_POINT('',#6332);
#1826=VERTEX_POINT('',#6334);
#1827=VERTEX_POINT('',#6336);
#1828=VERTEX_POINT('',#6338);
#1829=VERTEX_POINT('',#6340);
#1830=VERTEX_POINT('',#6342);
#1831=VERTEX_POINT('',#6346);
#1832=VERTEX_POINT('',#6351);
#1833=VERTEX_POINT('',#6353);
#1834=VERTEX_POINT('',#6355);
#1835=VERTEX_POINT('',#6357);
#1836=VERTEX_POINT('',#6359);
#1837=VERTEX_POINT('',#6363);
#1838=VERTEX_POINT('',#6367);
#1839=VERTEX_POINT('',#6369);
#1840=VERTEX_POINT('',#6371);
#1841=VERTEX_POINT('',#6373);
#1842=VERTEX_POINT('',#6378);
#1843=VERTEX_POINT('',#6379);
#1844=VERTEX_POINT('',#6381);
#1845=VERTEX_POINT('',#6383);
#1846=VERTEX_POINT('',#6385);
#1847=VERTEX_POINT('',#6387);
#1848=VERTEX_POINT('',#6389);
#1849=VERTEX_POINT('',#6391);
#1850=VERTEX_POINT('',#6394);
#1851=VERTEX_POINT('',#6395);
#1852=VERTEX_POINT('',#6397);
#1853=VERTEX_POINT('',#6399);
#1854=VERTEX_POINT('',#6401);
#1855=VERTEX_POINT('',#6403);
#1856=VERTEX_POINT('',#6405);
#1857=VERTEX_POINT('',#6407);
#1858=VERTEX_POINT('',#6410);
#1859=VERTEX_POINT('',#6411);
#1860=VERTEX_POINT('',#6413);
#1861=VERTEX_POINT('',#6415);
#1862=VERTEX_POINT('',#6417);
#1863=VERTEX_POINT('',#6419);
#1864=VERTEX_POINT('',#6421);
#1865=VERTEX_POINT('',#6423);
#1866=VERTEX_POINT('',#6452);
#1867=VERTEX_POINT('',#6453);
#1868=VERTEX_POINT('',#6458);
#1869=VERTEX_POINT('',#6459);
#1870=VERTEX_POINT('',#6461);
#1871=VERTEX_POINT('',#6489);
#1872=VERTEX_POINT('',#6490);
#1873=VERTEX_POINT('',#6519);
#1874=VERTEX_POINT('',#6521);
#1875=VERTEX_POINT('',#6525);
#1876=VERTEX_POINT('',#6526);
#1877=VERTEX_POINT('',#6528);
#1878=VERTEX_POINT('',#6532);
#1879=VERTEX_POINT('',#6533);
#1880=VERTEX_POINT('',#6535);
#1881=VERTEX_POINT('',#6569);
#1882=VERTEX_POINT('',#6570);
#1883=VERTEX_POINT('',#6579);
#1884=VERTEX_POINT('',#6580);
#1885=VERTEX_POINT('',#6582);
#1886=VERTEX_POINT('',#6637);
#1887=VERTEX_POINT('',#6639);
#1888=VERTEX_POINT('',#6667);
#1889=VERTEX_POINT('',#6668);
#1890=VERTEX_POINT('',#6699);
#1891=VERTEX_POINT('',#6700);
#1892=VERTEX_POINT('',#6705);
#1893=VERTEX_POINT('',#6706);
#1894=VERTEX_POINT('',#6708);
#1895=VERTEX_POINT('',#6736);
#1896=VERTEX_POINT('',#6737);
#1897=VERTEX_POINT('',#6746);
#1898=VERTEX_POINT('',#6747);
#1899=VERTEX_POINT('',#6749);
#1900=VERTEX_POINT('',#6759);
#1901=VERTEX_POINT('',#6760);
#1902=VERTEX_POINT('',#6762);
#1903=VERTEX_POINT('',#6772);
#1904=VERTEX_POINT('',#6773);
#1905=VERTEX_POINT('',#6775);
#1906=VERTEX_POINT('',#6798);
#1907=VERTEX_POINT('',#6799);
#1908=VERTEX_POINT('',#6804);
#1909=VERTEX_POINT('',#6806);
#1910=VERTEX_POINT('',#6845);
#1911=VERTEX_POINT('',#6846);
#1912=VERTEX_POINT('',#6853);
#1913=VERTEX_POINT('',#6855);
#1914=VERTEX_POINT('',#6885);
#1915=VERTEX_POINT('',#6886);
#1916=VERTEX_POINT('',#6891);
#1917=VERTEX_POINT('',#6892);
#1918=VERTEX_POINT('',#6934);
#1919=VERTEX_POINT('',#6935);
#1920=VERTEX_POINT('',#6968);
#1921=VERTEX_POINT('',#6969);
#1922=VERTEX_POINT('',#6996);
#1923=VERTEX_POINT('',#6997);
#1924=VERTEX_POINT('',#6999);
#1925=VERTEX_POINT('',#7027);
#1926=VERTEX_POINT('',#7029);
#1927=VERTEX_POINT('',#7033);
#1928=VERTEX_POINT('',#7034);
#1929=VERTEX_POINT('',#7036);
#1930=VERTEX_POINT('',#7040);
#1931=VERTEX_POINT('',#7041);
#1932=VERTEX_POINT('',#7043);
#1933=VERTEX_POINT('',#7071);
#1934=VERTEX_POINT('',#7072);
#1935=VERTEX_POINT('',#7103);
#1936=VERTEX_POINT('',#7104);
#1937=VERTEX_POINT('',#7109);
#1938=VERTEX_POINT('',#7110);
#1939=VERTEX_POINT('',#7112);
#1940=VERTEX_POINT('',#7143);
#1941=VERTEX_POINT('',#7144);
#1942=VERTEX_POINT('',#7205);
#1943=VERTEX_POINT('',#7206);
#1944=VERTEX_POINT('',#7235);
#1945=VERTEX_POINT('',#7236);
#1946=VERTEX_POINT('',#7267);
#1947=VERTEX_POINT('',#7268);
#1948=VERTEX_POINT('',#7273);
#1949=VERTEX_POINT('',#7274);
#1950=VERTEX_POINT('',#7276);
#1951=VERTEX_POINT('',#7304);
#1952=VERTEX_POINT('',#7306);
#1953=VERTEX_POINT('',#7312);
#1954=VERTEX_POINT('',#7313);
#1955=VERTEX_POINT('',#7315);
#1956=VERTEX_POINT('',#7325);
#1957=VERTEX_POINT('',#7326);
#1958=VERTEX_POINT('',#7328);
#1959=VERTEX_POINT('',#7332);
#1960=VERTEX_POINT('',#7333);
#1961=VERTEX_POINT('',#7335);
#1962=VERTEX_POINT('',#7366);
#1963=VERTEX_POINT('',#7367);
#1964=VERTEX_POINT('',#7372);
#1965=VERTEX_POINT('',#7374);
#1966=VERTEX_POINT('',#7413);
#1967=VERTEX_POINT('',#7414);
#1968=VERTEX_POINT('',#7421);
#1969=VERTEX_POINT('',#7423);
#1970=VERTEX_POINT('',#7453);
#1971=VERTEX_POINT('',#7454);
#1972=VERTEX_POINT('',#7459);
#1973=VERTEX_POINT('',#7460);
#1974=VERTEX_POINT('',#7502);
#1975=VERTEX_POINT('',#7503);
#1976=VERTEX_POINT('',#7536);
#1977=VERTEX_POINT('',#7537);
#1978=VERTEX_POINT('',#7564);
#1979=VERTEX_POINT('',#7566);
#1980=VERTEX_POINT('',#7568);
#1981=VERTEX_POINT('',#7572);
#1982=VERTEX_POINT('',#7574);
#1983=VERTEX_POINT('',#7576);
#1984=VERTEX_POINT('',#7580);
#1985=VERTEX_POINT('',#7582);
#1986=VERTEX_POINT('',#7584);
#1987=VERTEX_POINT('',#7586);
#1988=VERTEX_POINT('',#7594);
#1989=VERTEX_POINT('',#7600);
#1990=VERTEX_POINT('',#7602);
#1991=VERTEX_POINT('',#7604);
#1992=EDGE_CURVE('',#1641,#1642,#875,.F.);
#1993=EDGE_CURVE('',#1642,#1643,#876,.T.);
#1994=EDGE_CURVE('',#1643,#1644,#877,.F.);
#1995=EDGE_CURVE('',#1644,#1641,#878,.T.);
#1996=EDGE_CURVE('',#1645,#1642,#879,.T.);
#1997=EDGE_CURVE('',#1646,#1645,#880,.T.);
#1998=EDGE_CURVE('',#1643,#1646,#881,.T.);
#1999=EDGE_CURVE('',#1647,#1648,#882,.T.);
#2000=EDGE_CURVE('',#1649,#1647,#883,.T.);
#2001=EDGE_CURVE('',#1650,#1649,#884,.T.);
#2002=EDGE_CURVE('',#1648,#1650,#885,.T.);
#2003=EDGE_CURVE('',#1651,#1652,#886,.F.);
#2004=EDGE_CURVE('',#1652,#1653,#887,.T.);
#2005=EDGE_CURVE('',#1653,#1654,#888,.F.);
#2006=EDGE_CURVE('',#1654,#1651,#889,.T.);
#2007=EDGE_CURVE('',#1655,#1652,#890,.T.);
#2008=EDGE_CURVE('',#1656,#1655,#891,.T.);
#2009=EDGE_CURVE('',#1653,#1656,#892,.T.);
#2010=EDGE_CURVE('',#1657,#1658,#893,.T.);
#2011=EDGE_CURVE('',#1659,#1657,#894,.T.);
#2012=EDGE_CURVE('',#1660,#1659,#895,.T.);
#2013=EDGE_CURVE('',#1658,#1660,#896,.T.);
#2014=EDGE_CURVE('',#1661,#1662,#897,.F.);
#2015=EDGE_CURVE('',#1662,#1663,#898,.T.);
#2016=EDGE_CURVE('',#1663,#1664,#899,.F.);
#2017=EDGE_CURVE('',#1664,#1661,#900,.T.);
#2018=EDGE_CURVE('',#1662,#1656,#901,.T.);
#2019=EDGE_CURVE('',#1663,#1655,#902,.T.);
#2020=EDGE_CURVE('',#1665,#1666,#903,.F.);
#2021=EDGE_CURVE('',#1666,#1667,#904,.T.);
#2022=EDGE_CURVE('',#1667,#1668,#905,.F.);
#2023=EDGE_CURVE('',#1668,#1665,#906,.T.);
#2024=EDGE_CURVE('',#1666,#1646,#907,.T.);
#2025=EDGE_CURVE('',#1667,#1645,#908,.T.);
#2026=EDGE_CURVE('',#1669,#1670,#909,.T.);
#2027=EDGE_CURVE('',#1670,#1671,#910,.T.);
#2028=EDGE_CURVE('',#1671,#1672,#911,.F.);
#2029=EDGE_CURVE('',#1672,#1669,#912,.T.);
#2030=EDGE_CURVE('',#1668,#1669,#913,.T.);
#2031=EDGE_CURVE('',#1670,#1641,#914,.T.);
#2032=EDGE_CURVE('',#1664,#1673,#915,.T.);
#2033=EDGE_CURVE('',#1674,#1673,#916,.T.);
#2034=EDGE_CURVE('',#1674,#1675,#917,.T.);
#2035=EDGE_CURVE('',#1676,#1675,#918,.T.);
#2036=EDGE_CURVE('',#1676,#1665,#919,.T.);
#2037=EDGE_CURVE('',#1672,#1677,#920,.T.);
#2038=EDGE_CURVE('',#1678,#1677,#921,.T.);
#2039=EDGE_CURVE('',#1678,#1661,#922,.T.);
#2040=EDGE_CURVE('',#1679,#1678,#923,.T.);
#2041=EDGE_CURVE('',#1677,#1680,#924,.F.);
#2042=EDGE_CURVE('',#1680,#1679,#925,.T.);
#2043=EDGE_CURVE('',#1654,#1679,#926,.T.);
#2044=EDGE_CURVE('',#1680,#1681,#927,.T.);
#2045=EDGE_CURVE('',#1682,#1681,#928,.T.);
#2046=EDGE_CURVE('',#1683,#1682,#929,.T.);
#2047=EDGE_CURVE('',#1684,#1683,#930,.T.);
#2048=EDGE_CURVE('',#1684,#1685,#931,.T.);
#2049=EDGE_CURVE('',#1685,#1686,#932,.T.);
#2050=EDGE_CURVE('',#1686,#1687,#933,.T.);
#2051=EDGE_CURVE('',#1688,#1687,#934,.T.);
#2052=EDGE_CURVE('',#1689,#1688,#935,.T.);
#2053=EDGE_CURVE('',#1690,#1689,#936,.T.);
#2054=EDGE_CURVE('',#1690,#1691,#937,.T.);
#2055=EDGE_CURVE('',#1692,#1691,#938,.T.);
#2056=EDGE_CURVE('',#1692,#1651,#939,.T.);
#2057=EDGE_CURVE('',#1693,#1694,#311,.T.);
#2058=EDGE_CURVE('',#1695,#1693,#940,.T.);
#2059=EDGE_CURVE('',#1696,#1695,#312,.T.);
#2060=EDGE_CURVE('',#1697,#1696,#941,.T.);
#2061=EDGE_CURVE('',#1698,#1697,#313,.T.);
#2062=EDGE_CURVE('',#1699,#1698,#942,.T.);
#2063=EDGE_CURVE('',#1700,#1699,#314,.T.);
#2064=EDGE_CURVE('',#1694,#1700,#943,.T.);
#2065=EDGE_CURVE('',#1701,#1702,#315,.T.);
#2066=EDGE_CURVE('',#1703,#1701,#944,.T.);
#2067=EDGE_CURVE('',#1704,#1703,#151,.T.);
#2068=EDGE_CURVE('',#1705,#1704,#945,.T.);
#2069=EDGE_CURVE('',#1706,#1705,#152,.T.);
#2070=EDGE_CURVE('',#1707,#1706,#946,.T.);
#2071=EDGE_CURVE('',#1708,#1707,#316,.T.);
#2072=EDGE_CURVE('',#1702,#1708,#947,.T.);
#2073=EDGE_CURVE('',#1709,#1710,#317,.T.);
#2074=EDGE_CURVE('',#1711,#1709,#948,.T.);
#2075=EDGE_CURVE('',#1712,#1711,#318,.T.);
#2076=EDGE_CURVE('',#1713,#1712,#949,.T.);
#2077=EDGE_CURVE('',#1714,#1713,#319,.T.);
#2078=EDGE_CURVE('',#1715,#1714,#950,.T.);
#2079=EDGE_CURVE('',#1716,#1715,#320,.T.);
#2080=EDGE_CURVE('',#1710,#1716,#951,.T.);
#2081=EDGE_CURVE('',#1717,#1676,#952,.T.);
#2082=EDGE_CURVE('',#1675,#1718,#953,.F.);
#2083=EDGE_CURVE('',#1718,#1717,#954,.T.);
#2084=EDGE_CURVE('',#1644,#1717,#955,.T.);
#2085=EDGE_CURVE('',#1673,#1692,#956,.T.);
#2086=EDGE_CURVE('',#1691,#1674,#957,.F.);
#2087=EDGE_CURVE('',#1659,#1719,#958,.T.);
#2088=EDGE_CURVE('',#1720,#1719,#959,.T.);
#2089=EDGE_CURVE('',#1720,#1660,#960,.T.);
#2090=EDGE_CURVE('',#1721,#1657,#961,.T.);
#2091=EDGE_CURVE('',#1722,#1721,#153,.T.);
#2092=EDGE_CURVE('',#1723,#1722,#962,.T.);
#2093=EDGE_CURVE('',#1719,#1723,#154,.T.);
#2094=EDGE_CURVE('',#1649,#1724,#963,.T.);
#2095=EDGE_CURVE('',#1725,#1724,#964,.T.);
#2096=EDGE_CURVE('',#1725,#1650,#965,.T.);
#2097=EDGE_CURVE('',#1726,#1647,#966,.T.);
#2098=EDGE_CURVE('',#1727,#1726,#155,.T.);
#2099=EDGE_CURVE('',#1728,#1727,#967,.T.);
#2100=EDGE_CURVE('',#1724,#1728,#156,.T.);
#2101=EDGE_CURVE('',#1681,#1729,#968,.T.);
#2102=EDGE_CURVE('',#1729,#1671,#969,.T.);
#2103=EDGE_CURVE('',#1730,#1690,#970,.T.);
#2104=EDGE_CURVE('',#1718,#1730,#971,.T.);
#2105=EDGE_CURVE('',#1729,#1731,#972,.T.);
#2106=EDGE_CURVE('',#1731,#1682,#973,.T.);
#2107=EDGE_CURVE('',#1732,#1733,#974,.T.);
#2108=EDGE_CURVE('',#1733,#1734,#975,.T.);
#2109=EDGE_CURVE('',#1734,#1735,#976,.T.);
#2110=EDGE_CURVE('',#1735,#1736,#977,.T.);
#2111=EDGE_CURVE('',#1736,#1732,#978,.F.);
#2112=EDGE_CURVE('',#1737,#1738,#979,.T.);
#2113=EDGE_CURVE('',#1738,#1735,#157,.T.);
#2114=EDGE_CURVE('',#1734,#1737,#158,.T.);
#2115=EDGE_CURVE('',#1739,#1740,#980,.T.);
#2116=EDGE_CURVE('',#1740,#1738,#981,.T.);
#2117=EDGE_CURVE('',#1737,#1739,#982,.T.);
#2118=EDGE_CURVE('',#1741,#1742,#983,.T.);
#2119=EDGE_CURVE('',#1742,#1740,#159,.T.);
#2120=EDGE_CURVE('',#1739,#1741,#160,.T.);
#2121=EDGE_CURVE('',#1743,#1744,#984,.T.);
#2122=EDGE_CURVE('',#1744,#1742,#985,.T.);
#2123=EDGE_CURVE('',#1741,#1743,#986,.T.);
#2124=EDGE_CURVE('',#1745,#1746,#987,.T.);
#2125=EDGE_CURVE('',#1746,#1744,#161,.T.);
#2126=EDGE_CURVE('',#1743,#1745,#162,.T.);
#2127=EDGE_CURVE('',#1747,#1748,#988,.T.);
#2128=EDGE_CURVE('',#1748,#1746,#989,.T.);
#2129=EDGE_CURVE('',#1745,#1747,#990,.T.);
#2130=EDGE_CURVE('',#1749,#1750,#991,.T.);
#2131=EDGE_CURVE('',#1750,#1748,#163,.T.);
#2132=EDGE_CURVE('',#1747,#1749,#164,.T.);
#2133=EDGE_CURVE('',#1751,#1752,#992,.T.);
#2134=EDGE_CURVE('',#1753,#1752,#993,.T.);
#2135=EDGE_CURVE('',#1753,#1750,#994,.T.);
#2136=EDGE_CURVE('',#1749,#1751,#995,.T.);
#2137=EDGE_CURVE('',#1754,#1752,#996,.T.);
#2138=EDGE_CURVE('',#1751,#1755,#997,.T.);
#2139=EDGE_CURVE('',#1755,#1756,#998,.T.);
#2140=EDGE_CURVE('',#1756,#1757,#999,.T.);
#2141=EDGE_CURVE('',#1758,#1757,#1000,.T.);
#2142=EDGE_CURVE('',#1759,#1758,#1001,.T.);
#2143=EDGE_CURVE('',#1759,#1760,#1002,.T.);
#2144=EDGE_CURVE('',#1754,#1760,#1003,.T.);
#2145=EDGE_CURVE('',#1749,#1734,#1004,.T.);
#2146=EDGE_CURVE('',#1761,#1733,#1005,.T.);
#2147=EDGE_CURVE('',#1755,#1761,#1006,.T.);
#2148=EDGE_CURVE('',#1762,#1732,#1007,.T.);
#2149=EDGE_CURVE('',#1763,#1762,#1008,.T.);
#2150=EDGE_CURVE('',#1763,#1764,#1009,.T.);
#2151=EDGE_CURVE('',#1765,#1764,#1010,.T.);
#2152=EDGE_CURVE('',#1766,#1765,#1011,.T.);
#2153=EDGE_CURVE('',#1766,#1767,#1012,.T.);
#2154=EDGE_CURVE('',#1767,#1761,#1013,.T.);
#2155=EDGE_CURVE('',#1760,#1768,#1014,.T.);
#2156=EDGE_CURVE('',#1768,#1769,#1015,.T.);
#2157=EDGE_CURVE('',#1769,#1770,#1016,.T.);
#2158=EDGE_CURVE('',#1770,#1754,#1017,.F.);
#2159=EDGE_CURVE('',#1771,#1772,#1018,.T.);
#2160=EDGE_CURVE('',#1772,#1769,#165,.T.);
#2161=EDGE_CURVE('',#1768,#1771,#166,.T.);
#2162=EDGE_CURVE('',#1773,#1774,#1019,.T.);
#2163=EDGE_CURVE('',#1774,#1772,#1020,.T.);
#2164=EDGE_CURVE('',#1771,#1773,#1021,.T.);
#2165=EDGE_CURVE('',#1775,#1776,#1022,.T.);
#2166=EDGE_CURVE('',#1776,#1774,#167,.T.);
#2167=EDGE_CURVE('',#1773,#1775,#168,.T.);
#2168=EDGE_CURVE('',#1777,#1778,#1023,.T.);
#2169=EDGE_CURVE('',#1778,#1776,#1024,.T.);
#2170=EDGE_CURVE('',#1775,#1777,#1025,.T.);
#2171=EDGE_CURVE('',#1779,#1780,#1026,.T.);
#2172=EDGE_CURVE('',#1780,#1778,#169,.T.);
#2173=EDGE_CURVE('',#1777,#1779,#170,.T.);
#2174=EDGE_CURVE('',#1781,#1782,#1027,.T.);
#2175=EDGE_CURVE('',#1782,#1780,#1028,.T.);
#2176=EDGE_CURVE('',#1779,#1781,#1029,.T.);
#2177=EDGE_CURVE('',#1783,#1784,#1030,.T.);
#2178=EDGE_CURVE('',#1784,#1782,#171,.T.);
#2179=EDGE_CURVE('',#1781,#1783,#172,.T.);
#2180=EDGE_CURVE('',#1785,#1762,#1031,.T.);
#2181=EDGE_CURVE('',#1785,#1784,#1032,.T.);
#2182=EDGE_CURVE('',#1783,#1763,#1033,.T.);
#2183=EDGE_CURVE('',#1783,#1768,#1034,.T.);
#2184=EDGE_CURVE('',#1764,#1759,#1035,.T.);
#2185=EDGE_CURVE('',#1736,#1786,#1036,.T.);
#2186=EDGE_CURVE('',#1786,#1787,#1037,.T.);
#2187=EDGE_CURVE('',#1785,#1787,#1038,.T.);
#2188=EDGE_CURVE('',#1788,#1789,#321,.T.);
#2189=EDGE_CURVE('',#1790,#1788,#1039,.T.);
#2190=EDGE_CURVE('',#1791,#1790,#322,.T.);
#2191=EDGE_CURVE('',#1792,#1791,#1040,.T.);
#2192=EDGE_CURVE('',#1793,#1792,#173,.T.);
#2193=EDGE_CURVE('',#1794,#1793,#1041,.T.);
#2194=EDGE_CURVE('',#1795,#1794,#174,.T.);
#2195=EDGE_CURVE('',#1789,#1795,#1042,.T.);
#2196=EDGE_CURVE('',#1682,#1796,#1043,.T.);
#2197=EDGE_CURVE('',#1796,#1731,#1044,.T.);
#2198=EDGE_CURVE('',#1797,#1689,#1045,.T.);
#2199=EDGE_CURVE('',#1798,#1797,#1046,.T.);
#2200=EDGE_CURVE('',#1689,#1798,#1047,.T.);
#2201=EDGE_CURVE('',#1799,#1800,#1048,.T.);
#2202=EDGE_CURVE('',#1800,#1798,#1049,.T.);
#2203=EDGE_CURVE('',#1797,#1801,#1050,.T.);
#2204=EDGE_CURVE('',#1801,#1799,#1051,.T.);
#2205=EDGE_CURVE('',#1798,#1730,#1052,.T.);
#2206=EDGE_CURVE('',#1802,#1803,#1053,.T.);
#2207=EDGE_CURVE('',#1803,#1797,#1054,.T.);
#2208=EDGE_CURVE('',#1688,#1802,#1055,.T.);
#2209=EDGE_CURVE('',#1804,#1805,#1056,.T.);
#2210=EDGE_CURVE('',#1805,#1796,#1057,.T.);
#2211=EDGE_CURVE('',#1731,#1804,#1058,.T.);
#2212=EDGE_CURVE('',#1806,#1683,#1059,.T.);
#2213=EDGE_CURVE('',#1796,#1807,#1060,.T.);
#2214=EDGE_CURVE('',#1807,#1806,#1061,.T.);
#2215=EDGE_CURVE('',#1801,#1808,#1062,.T.);
#2216=EDGE_CURVE('',#1808,#1758,#1063,.T.);
#2217=EDGE_CURVE('',#1757,#1809,#1064,.T.);
#2218=EDGE_CURVE('',#1809,#1799,#1065,.T.);
#2219=EDGE_CURVE('',#1810,#1803,#1066,.T.);
#2220=EDGE_CURVE('',#1808,#1810,#1067,.T.);
#2221=EDGE_CURVE('',#1802,#1811,#1068,.T.);
#2222=EDGE_CURVE('',#1811,#1766,#1069,.T.);
#2223=EDGE_CURVE('',#1810,#1765,#1070,.T.);
#2224=EDGE_CURVE('',#1687,#1812,#1071,.T.);
#2225=EDGE_CURVE('',#1812,#1813,#1072,.T.);
#2226=EDGE_CURVE('',#1813,#1684,#1073,.T.);
#2227=EDGE_CURVE('',#1814,#1806,#1074,.T.);
#2228=EDGE_CURVE('',#1814,#1811,#1075,.T.);
#2229=EDGE_CURVE('',#1809,#1815,#1076,.T.);
#2230=EDGE_CURVE('',#1815,#1816,#1077,.T.);
#2231=EDGE_CURVE('',#1816,#1817,#1078,.T.);
#2232=EDGE_CURVE('',#1817,#1818,#1079,.T.);
#2233=EDGE_CURVE('',#1818,#1800,#1080,.T.);
#2234=EDGE_CURVE('',#1819,#1756,#1081,.T.);
#2235=EDGE_CURVE('',#1815,#1819,#1082,.T.);
#2236=EDGE_CURVE('',#1767,#1814,#1083,.T.);
#2237=EDGE_CURVE('',#1761,#1820,#1084,.T.);
#2238=EDGE_CURVE('',#1820,#1767,#1085,.T.);
#2239=EDGE_CURVE('',#1807,#1820,#1086,.T.);
#2240=EDGE_CURVE('',#1756,#1821,#1087,.T.);
#2241=EDGE_CURVE('',#1821,#1755,#1088,.T.);
#2242=EDGE_CURVE('',#1820,#1821,#1089,.T.);
#2243=EDGE_CURVE('',#1822,#1819,#1090,.T.);
#2244=EDGE_CURVE('',#1821,#1822,#1091,.T.);
#2245=EDGE_CURVE('',#1787,#1770,#1092,.T.);
#2246=EDGE_CURVE('',#1753,#1786,#1093,.T.);
#2247=EDGE_CURVE('',#1823,#1824,#323,.T.);
#2248=EDGE_CURVE('',#1825,#1823,#1094,.T.);
#2249=EDGE_CURVE('',#1826,#1825,#324,.T.);
#2250=EDGE_CURVE('',#1827,#1826,#1095,.T.);
#2251=EDGE_CURVE('',#1828,#1827,#175,.T.);
#2252=EDGE_CURVE('',#1829,#1828,#1096,.T.);
#2253=EDGE_CURVE('',#1830,#1829,#176,.T.);
#2254=EDGE_CURVE('',#1824,#1830,#1097,.T.);
#2255=EDGE_CURVE('',#1804,#1831,#1098,.T.);
#2256=EDGE_CURVE('',#1815,#1831,#1099,.T.);
#2257=EDGE_CURVE('',#1822,#1805,#1100,.T.);
#2258=EDGE_CURVE('',#1832,#1817,#1101,.T.);
#2259=EDGE_CURVE('',#1833,#1832,#177,.T.);
#2260=EDGE_CURVE('',#1834,#1833,#1102,.T.);
#2261=EDGE_CURVE('',#1835,#1834,#178,.T.);
#2262=EDGE_CURVE('',#1836,#1835,#1103,.T.);
#2263=EDGE_CURVE('',#1818,#1836,#1104,.T.);
#2264=EDGE_CURVE('',#1816,#1837,#1105,.T.);
#2265=EDGE_CURVE('',#1832,#1837,#1106,.T.);
#2266=EDGE_CURVE('',#1838,#1831,#1107,.T.);
#2267=EDGE_CURVE('',#1839,#1838,#1108,.T.);
#2268=EDGE_CURVE('',#1840,#1839,#179,.T.);
#2269=EDGE_CURVE('',#1841,#1840,#1109,.T.);
#2270=EDGE_CURVE('',#1837,#1841,#180,.T.);
#2271=EDGE_CURVE('',#1836,#1838,#1110,.T.);
#2272=EDGE_CURVE('',#1842,#1843,#325,.T.);
#2273=EDGE_CURVE('',#1844,#1842,#1111,.T.);
#2274=EDGE_CURVE('',#1845,#1844,#326,.T.);
#2275=EDGE_CURVE('',#1846,#1845,#1112,.T.);
#2276=EDGE_CURVE('',#1847,#1846,#327,.T.);
#2277=EDGE_CURVE('',#1848,#1847,#1113,.T.);
#2278=EDGE_CURVE('',#1849,#1848,#328,.T.);
#2279=EDGE_CURVE('',#1843,#1849,#1114,.T.);
#2280=EDGE_CURVE('',#1850,#1851,#329,.T.);
#2281=EDGE_CURVE('',#1852,#1850,#1115,.T.);
#2282=EDGE_CURVE('',#1853,#1852,#181,.T.);
#2283=EDGE_CURVE('',#1854,#1853,#1116,.T.);
#2284=EDGE_CURVE('',#1855,#1854,#182,.T.);
#2285=EDGE_CURVE('',#1856,#1855,#1117,.T.);
#2286=EDGE_CURVE('',#1857,#1856,#330,.T.);
#2287=EDGE_CURVE('',#1851,#1857,#1118,.T.);
#2288=EDGE_CURVE('',#1858,#1859,#331,.T.);
#2289=EDGE_CURVE('',#1860,#1858,#1119,.T.);
#2290=EDGE_CURVE('',#1861,#1860,#332,.T.);
#2291=EDGE_CURVE('',#1862,#1861,#1120,.T.);
#2292=EDGE_CURVE('',#1863,#1862,#333,.T.);
#2293=EDGE_CURVE('',#1864,#1863,#1121,.T.);
#2294=EDGE_CURVE('',#1865,#1864,#334,.T.);
#2295=EDGE_CURVE('',#1859,#1865,#1122,.T.);
#2296=EDGE_CURVE('',#1866,#1867,#335,.F.);
#2297=EDGE_CURVE('',#1847,#1866,#183,.T.);
#2298=EDGE_CURVE('',#1867,#1846,#184,.T.);
#2299=EDGE_CURVE('',#1868,#1869,#185,.F.);
#2300=EDGE_CURVE('',#1870,#1868,#186,.F.);
#2301=EDGE_CURVE('',#1869,#1870,#187,.F.);
#2302=EDGE_CURVE('',#1871,#1872,#336,.F.);
#2303=EDGE_CURVE('',#1849,#1871,#188,.T.);
#2304=EDGE_CURVE('',#1872,#1848,#189,.T.);
#2305=EDGE_CURVE('',#1873,#1844,#190,.T.);
#2306=EDGE_CURVE('',#1874,#1873,#337,.F.);
#2307=EDGE_CURVE('',#1845,#1874,#191,.T.);
#2308=EDGE_CURVE('',#1875,#1876,#192,.F.);
#2309=EDGE_CURVE('',#1877,#1875,#193,.F.);
#2310=EDGE_CURVE('',#1876,#1877,#194,.F.);
#2311=EDGE_CURVE('',#1878,#1879,#195,.F.);
#2312=EDGE_CURVE('',#1880,#1878,#196,.F.);
#2313=EDGE_CURVE('',#1879,#1880,#197,.F.);
#2314=EDGE_CURVE('',#1869,#1880,#1123,.T.);
#2315=EDGE_CURVE('',#1878,#1868,#1124,.T.);
#2316=EDGE_CURVE('',#1880,#1874,#1125,.T.);
#2317=EDGE_CURVE('',#1873,#1879,#1126,.T.);
#2318=EDGE_CURVE('',#1881,#1882,#338,.F.);
#2319=EDGE_CURVE('',#1842,#1881,#198,.T.);
#2320=EDGE_CURVE('',#1882,#1843,#199,.T.);
#2321=EDGE_CURVE('',#1881,#1873,#1127,.T.);
#2322=EDGE_CURVE('',#1871,#1882,#1128,.T.);
#2323=EDGE_CURVE('',#1883,#1884,#200,.F.);
#2324=EDGE_CURVE('',#1885,#1883,#201,.F.);
#2325=EDGE_CURVE('',#1884,#1885,#202,.F.);
#2326=EDGE_CURVE('',#1882,#1885,#1129,.T.);
#2327=EDGE_CURVE('',#1883,#1881,#1130,.T.);
#2328=EDGE_CURVE('',#1885,#1877,#1131,.T.);
#2329=EDGE_CURVE('',#1875,#1884,#1132,.T.);
#2330=EDGE_CURVE('',#1884,#1878,#1133,.T.);
#2331=EDGE_CURVE('',#1879,#1883,#1134,.T.);
#2332=EDGE_CURVE('',#1877,#1871,#1135,.T.);
#2333=EDGE_CURVE('',#1872,#1876,#1136,.T.);
#2334=EDGE_CURVE('',#1868,#1875,#1137,.T.);
#2335=EDGE_CURVE('',#1876,#1870,#1138,.T.);
#2336=EDGE_CURVE('',#1874,#1867,#1139,.T.);
#2337=EDGE_CURVE('',#1866,#1872,#1140,.T.);
#2338=EDGE_CURVE('',#1867,#1869,#1141,.T.);
#2339=EDGE_CURVE('',#1870,#1866,#1142,.T.);
#2340=EDGE_CURVE('',#1886,#1862,#203,.T.);
#2341=EDGE_CURVE('',#1887,#1886,#339,.F.);
#2342=EDGE_CURVE('',#1863,#1887,#204,.T.);
#2343=EDGE_CURVE('',#1888,#1889,#340,.F.);
#2344=EDGE_CURVE('',#1861,#1888,#205,.T.);
#2345=EDGE_CURVE('',#1889,#1860,#206,.T.);
#2346=EDGE_CURVE('',#1888,#1886,#1143,.T.);
#2347=EDGE_CURVE('',#1890,#1891,#341,.F.);
#2348=EDGE_CURVE('',#1865,#1890,#207,.T.);
#2349=EDGE_CURVE('',#1891,#1864,#208,.T.);
#2350=EDGE_CURVE('',#1892,#1893,#209,.F.);
#2351=EDGE_CURVE('',#1894,#1892,#210,.F.);
#2352=EDGE_CURVE('',#1893,#1894,#211,.F.);
#2353=EDGE_CURVE('',#1895,#1896,#342,.F.);
#2354=EDGE_CURVE('',#1858,#1895,#212,.T.);
#2355=EDGE_CURVE('',#1896,#1859,#213,.T.);
#2356=EDGE_CURVE('',#1895,#1889,#1144,.T.);
#2357=EDGE_CURVE('',#1890,#1896,#1145,.T.);
#2358=EDGE_CURVE('',#1897,#1898,#214,.F.);
#2359=EDGE_CURVE('',#1899,#1897,#215,.F.);
#2360=EDGE_CURVE('',#1898,#1899,#216,.F.);
#2361=EDGE_CURVE('',#1897,#1892,#1146,.T.);
#2362=EDGE_CURVE('',#1893,#1899,#1147,.T.);
#2363=EDGE_CURVE('',#1889,#1898,#1148,.T.);
#2364=EDGE_CURVE('',#1899,#1888,#1149,.T.);
#2365=EDGE_CURVE('',#1900,#1901,#217,.F.);
#2366=EDGE_CURVE('',#1902,#1900,#218,.F.);
#2367=EDGE_CURVE('',#1901,#1902,#219,.F.);
#2368=EDGE_CURVE('',#1891,#1902,#1150,.T.);
#2369=EDGE_CURVE('',#1900,#1890,#1151,.T.);
#2370=EDGE_CURVE('',#1902,#1894,#1152,.T.);
#2371=EDGE_CURVE('',#1892,#1901,#1153,.T.);
#2372=EDGE_CURVE('',#1903,#1904,#220,.F.);
#2373=EDGE_CURVE('',#1905,#1903,#221,.F.);
#2374=EDGE_CURVE('',#1904,#1905,#222,.F.);
#2375=EDGE_CURVE('',#1898,#1905,#1154,.T.);
#2376=EDGE_CURVE('',#1903,#1897,#1155,.T.);
#2377=EDGE_CURVE('',#1905,#1895,#1156,.T.);
#2378=EDGE_CURVE('',#1896,#1904,#1157,.T.);
#2379=EDGE_CURVE('',#1901,#1903,#1158,.T.);
#2380=EDGE_CURVE('',#1904,#1900,#1159,.T.);
#2381=EDGE_CURVE('',#1894,#1887,#1160,.T.);
#2382=EDGE_CURVE('',#1886,#1893,#1161,.T.);
#2383=EDGE_CURVE('',#1887,#1891,#1162,.T.);
#2384=EDGE_CURVE('',#1906,#1907,#223,.F.);
#2385=EDGE_CURVE('',#1828,#1906,#224,.T.);
#2386=EDGE_CURVE('',#1907,#1827,#225,.T.);
#2387=EDGE_CURVE('',#1908,#1854,#226,.T.);
#2388=EDGE_CURVE('',#1909,#1908,#227,.F.);
#2389=EDGE_CURVE('',#1855,#1909,#228,.T.);
#2390=EDGE_CURVE('',#1910,#1911,#343,.F.);
#2391=EDGE_CURVE('',#1826,#1910,#229,.T.);
#2392=EDGE_CURVE('',#1911,#1825,#230,.T.);
#2393=EDGE_CURVE('',#1910,#1907,#1163,.T.);
#2394=EDGE_CURVE('',#1912,#1829,#231,.T.);
#2395=EDGE_CURVE('',#1913,#1912,#232,.F.);
#2396=EDGE_CURVE('',#1830,#1913,#233,.T.);
#2397=EDGE_CURVE('',#1906,#1912,#1164,.T.);
#2398=EDGE_CURVE('',#1914,#1915,#344,.F.);
#2399=EDGE_CURVE('',#1857,#1914,#234,.T.);
#2400=EDGE_CURVE('',#1915,#1856,#235,.T.);
#2401=EDGE_CURVE('',#1916,#1917,#236,.F.);
#2402=EDGE_CURVE('',#1853,#1916,#237,.T.);
#2403=EDGE_CURVE('',#1917,#1852,#238,.T.);
#2404=EDGE_CURVE('',#1916,#1908,#1165,.T.);
#2405=EDGE_CURVE('',#1918,#1919,#345,.F.);
#2406=EDGE_CURVE('',#1823,#1918,#239,.T.);
#2407=EDGE_CURVE('',#1919,#1824,#240,.T.);
#2408=EDGE_CURVE('',#1918,#1911,#1166,.T.);
#2409=EDGE_CURVE('',#1913,#1919,#1167,.T.);
#2410=EDGE_CURVE('',#1920,#1921,#346,.F.);
#2411=EDGE_CURVE('',#1850,#1920,#241,.T.);
#2412=EDGE_CURVE('',#1921,#1851,#242,.T.);
#2413=EDGE_CURVE('',#1920,#1917,#1168,.T.);
#2414=EDGE_CURVE('',#1914,#1921,#1169,.T.);
#2415=EDGE_CURVE('',#1919,#1920,#1170,.T.);
#2416=EDGE_CURVE('',#1921,#1918,#1171,.T.);
#2417=EDGE_CURVE('',#1912,#1916,#1172,.T.);
#2418=EDGE_CURVE('',#1917,#1913,#1173,.T.);
#2419=EDGE_CURVE('',#1909,#1915,#1174,.T.);
#2420=EDGE_CURVE('',#1915,#1910,#1175,.T.);
#2421=EDGE_CURVE('',#1911,#1914,#1176,.T.);
#2422=EDGE_CURVE('',#1907,#1909,#1177,.T.);
#2423=EDGE_CURVE('',#1908,#1906,#1178,.T.);
#2424=EDGE_CURVE('',#1922,#1923,#243,.F.);
#2425=EDGE_CURVE('',#1924,#1922,#244,.F.);
#2426=EDGE_CURVE('',#1923,#1924,#245,.F.);
#2427=EDGE_CURVE('',#1925,#1697,#246,.T.);
#2428=EDGE_CURVE('',#1926,#1925,#347,.F.);
#2429=EDGE_CURVE('',#1698,#1926,#247,.T.);
#2430=EDGE_CURVE('',#1927,#1928,#248,.F.);
#2431=EDGE_CURVE('',#1929,#1927,#249,.F.);
#2432=EDGE_CURVE('',#1928,#1929,#250,.F.);
#2433=EDGE_CURVE('',#1930,#1931,#251,.F.);
#2434=EDGE_CURVE('',#1932,#1930,#252,.F.);
#2435=EDGE_CURVE('',#1931,#1932,#253,.F.);
#2436=EDGE_CURVE('',#1933,#1934,#348,.F.);
#2437=EDGE_CURVE('',#1696,#1933,#254,.T.);
#2438=EDGE_CURVE('',#1934,#1695,#255,.T.);
#2439=EDGE_CURVE('',#1933,#1925,#1179,.T.);
#2440=EDGE_CURVE('',#1935,#1936,#349,.F.);
#2441=EDGE_CURVE('',#1700,#1935,#256,.T.);
#2442=EDGE_CURVE('',#1936,#1699,#257,.T.);
#2443=EDGE_CURVE('',#1937,#1938,#258,.F.);
#2444=EDGE_CURVE('',#1939,#1937,#259,.F.);
#2445=EDGE_CURVE('',#1938,#1939,#260,.F.);
#2446=EDGE_CURVE('',#1929,#1939,#1180,.T.);
#2447=EDGE_CURVE('',#1937,#1928,#1181,.T.);
#2448=EDGE_CURVE('',#1940,#1941,#350,.F.);
#2449=EDGE_CURVE('',#1693,#1940,#261,.T.);
#2450=EDGE_CURVE('',#1941,#1694,#262,.T.);
#2451=EDGE_CURVE('',#1940,#1934,#1182,.T.);
#2452=EDGE_CURVE('',#1935,#1941,#1183,.T.);
#2453=EDGE_CURVE('',#1939,#1940,#1184,.T.);
#2454=EDGE_CURVE('',#1941,#1938,#1185,.T.);
#2455=EDGE_CURVE('',#1930,#1937,#1186,.T.);
#2456=EDGE_CURVE('',#1938,#1932,#1187,.T.);
#2457=EDGE_CURVE('',#1926,#1936,#1188,.T.);
#2458=EDGE_CURVE('',#1936,#1931,#1189,.T.);
#2459=EDGE_CURVE('',#1932,#1935,#1190,.T.);
#2460=EDGE_CURVE('',#1934,#1929,#1191,.T.);
#2461=EDGE_CURVE('',#1927,#1933,#1192,.T.);
#2462=EDGE_CURVE('',#1931,#1924,#1193,.T.);
#2463=EDGE_CURVE('',#1922,#1930,#1194,.T.);
#2464=EDGE_CURVE('',#1928,#1922,#1195,.T.);
#2465=EDGE_CURVE('',#1923,#1927,#1196,.T.);
#2466=EDGE_CURVE('',#1924,#1926,#1197,.T.);
#2467=EDGE_CURVE('',#1925,#1923,#1198,.T.);
#2468=EDGE_CURVE('',#1942,#1943,#351,.F.);
#2469=EDGE_CURVE('',#1714,#1942,#263,.T.);
#2470=EDGE_CURVE('',#1943,#1713,#264,.T.);
#2471=EDGE_CURVE('',#1944,#1945,#352,.F.);
#2472=EDGE_CURVE('',#1712,#1944,#265,.T.);
#2473=EDGE_CURVE('',#1945,#1711,#266,.T.);
#2474=EDGE_CURVE('',#1944,#1943,#1199,.T.);
#2475=EDGE_CURVE('',#1946,#1947,#353,.F.);
#2476=EDGE_CURVE('',#1716,#1946,#267,.T.);
#2477=EDGE_CURVE('',#1947,#1715,#268,.T.);
#2478=EDGE_CURVE('',#1948,#1949,#269,.F.);
#2479=EDGE_CURVE('',#1950,#1948,#270,.F.);
#2480=EDGE_CURVE('',#1949,#1950,#271,.F.);
#2481=EDGE_CURVE('',#1951,#1710,#272,.T.);
#2482=EDGE_CURVE('',#1952,#1951,#354,.F.);
#2483=EDGE_CURVE('',#1709,#1952,#273,.T.);
#2484=EDGE_CURVE('',#1946,#1951,#1200,.T.);
#2485=EDGE_CURVE('',#1953,#1954,#274,.F.);
#2486=EDGE_CURVE('',#1955,#1953,#275,.F.);
#2487=EDGE_CURVE('',#1954,#1955,#276,.F.);
#2488=EDGE_CURVE('',#1953,#1948,#1201,.T.);
#2489=EDGE_CURVE('',#1949,#1955,#1202,.T.);
#2490=EDGE_CURVE('',#1945,#1954,#1203,.T.);
#2491=EDGE_CURVE('',#1955,#1944,#1204,.T.);
#2492=EDGE_CURVE('',#1956,#1957,#277,.F.);
#2493=EDGE_CURVE('',#1958,#1956,#278,.F.);
#2494=EDGE_CURVE('',#1957,#1958,#279,.F.);
#2495=EDGE_CURVE('',#1959,#1960,#280,.F.);
#2496=EDGE_CURVE('',#1961,#1959,#281,.F.);
#2497=EDGE_CURVE('',#1960,#1961,#282,.F.);
#2498=EDGE_CURVE('',#1954,#1961,#1205,.T.);
#2499=EDGE_CURVE('',#1959,#1953,#1206,.T.);
#2500=EDGE_CURVE('',#1961,#1952,#1207,.T.);
#2501=EDGE_CURVE('',#1951,#1960,#1208,.T.);
#2502=EDGE_CURVE('',#1956,#1959,#1209,.T.);
#2503=EDGE_CURVE('',#1960,#1958,#1210,.T.);
#2504=EDGE_CURVE('',#1947,#1957,#1211,.T.);
#2505=EDGE_CURVE('',#1958,#1946,#1212,.T.);
#2506=EDGE_CURVE('',#1957,#1950,#1213,.T.);
#2507=EDGE_CURVE('',#1948,#1956,#1214,.T.);
#2508=EDGE_CURVE('',#1952,#1945,#1215,.T.);
#2509=EDGE_CURVE('',#1950,#1942,#1216,.T.);
#2510=EDGE_CURVE('',#1943,#1949,#1217,.T.);
#2511=EDGE_CURVE('',#1942,#1947,#1218,.T.);
#2512=EDGE_CURVE('',#1962,#1963,#283,.F.);
#2513=EDGE_CURVE('',#1793,#1962,#284,.T.);
#2514=EDGE_CURVE('',#1963,#1792,#285,.T.);
#2515=EDGE_CURVE('',#1964,#1705,#286,.T.);
#2516=EDGE_CURVE('',#1965,#1964,#287,.F.);
#2517=EDGE_CURVE('',#1706,#1965,#288,.T.);
#2518=EDGE_CURVE('',#1966,#1967,#355,.F.);
#2519=EDGE_CURVE('',#1791,#1966,#289,.T.);
#2520=EDGE_CURVE('',#1967,#1790,#290,.T.);
#2521=EDGE_CURVE('',#1966,#1963,#1219,.T.);
#2522=EDGE_CURVE('',#1968,#1794,#291,.T.);
#2523=EDGE_CURVE('',#1969,#1968,#292,.F.);
#2524=EDGE_CURVE('',#1795,#1969,#293,.T.);
#2525=EDGE_CURVE('',#1962,#1968,#1220,.T.);
#2526=EDGE_CURVE('',#1970,#1971,#356,.F.);
#2527=EDGE_CURVE('',#1708,#1970,#294,.T.);
#2528=EDGE_CURVE('',#1971,#1707,#295,.T.);
#2529=EDGE_CURVE('',#1972,#1973,#296,.F.);
#2530=EDGE_CURVE('',#1704,#1972,#297,.T.);
#2531=EDGE_CURVE('',#1973,#1703,#298,.T.);
#2532=EDGE_CURVE('',#1972,#1964,#1221,.T.);
#2533=EDGE_CURVE('',#1974,#1975,#357,.F.);
#2534=EDGE_CURVE('',#1788,#1974,#299,.T.);
#2535=EDGE_CURVE('',#1975,#1789,#300,.T.);
#2536=EDGE_CURVE('',#1974,#1967,#1222,.T.);
#2537=EDGE_CURVE('',#1969,#1975,#1223,.T.);
#2538=EDGE_CURVE('',#1976,#1977,#358,.F.);
#2539=EDGE_CURVE('',#1701,#1976,#301,.T.);
#2540=EDGE_CURVE('',#1977,#1702,#302,.T.);
#2541=EDGE_CURVE('',#1976,#1973,#1224,.T.);
#2542=EDGE_CURVE('',#1970,#1977,#1225,.T.);
#2543=EDGE_CURVE('',#1975,#1976,#1226,.T.);
#2544=EDGE_CURVE('',#1977,#1974,#1227,.T.);
#2545=EDGE_CURVE('',#1968,#1972,#1228,.T.);
#2546=EDGE_CURVE('',#1973,#1969,#1229,.T.);
#2547=EDGE_CURVE('',#1965,#1971,#1230,.T.);
#2548=EDGE_CURVE('',#1971,#1966,#1231,.T.);
#2549=EDGE_CURVE('',#1967,#1970,#1232,.T.);
#2550=EDGE_CURVE('',#1963,#1965,#1233,.T.);
#2551=EDGE_CURVE('',#1964,#1962,#1234,.T.);
#2552=EDGE_CURVE('',#1978,#1720,#303,.T.);
#2553=EDGE_CURVE('',#1979,#1978,#1235,.T.);
#2554=EDGE_CURVE('',#1980,#1979,#304,.T.);
#2555=EDGE_CURVE('',#1658,#1980,#1236,.T.);
#2556=EDGE_CURVE('',#1981,#1725,#305,.T.);
#2557=EDGE_CURVE('',#1982,#1981,#1237,.T.);
#2558=EDGE_CURVE('',#1983,#1982,#306,.T.);
#2559=EDGE_CURVE('',#1648,#1983,#1238,.T.);
#2560=EDGE_CURVE('',#1984,#1686,#1239,.T.);
#2561=EDGE_CURVE('',#1985,#1984,#307,.T.);
#2562=EDGE_CURVE('',#1986,#1985,#1240,.T.);
#2563=EDGE_CURVE('',#1987,#1986,#308,.T.);
#2564=EDGE_CURVE('',#1812,#1987,#1241,.T.);
#2565=EDGE_CURVE('',#1980,#1721,#1242,.T.);
#2566=EDGE_CURVE('',#1983,#1726,#1243,.T.);
#2567=EDGE_CURVE('',#1685,#1988,#1244,.T.);
#2568=EDGE_CURVE('',#1984,#1988,#1245,.T.);
#2569=EDGE_CURVE('',#1835,#1839,#1246,.T.);
#2570=EDGE_CURVE('',#1989,#1813,#1247,.T.);
#2571=EDGE_CURVE('',#1990,#1989,#309,.T.);
#2572=EDGE_CURVE('',#1991,#1990,#1248,.T.);
#2573=EDGE_CURVE('',#1988,#1991,#310,.T.);
#2574=EDGE_CURVE('',#1978,#1723,#1249,.T.);
#2575=EDGE_CURVE('',#1979,#1722,#1250,.T.);
#2576=EDGE_CURVE('',#1981,#1728,#1251,.T.);
#2577=EDGE_CURVE('',#1982,#1727,#1252,.T.);
#2578=EDGE_CURVE('',#1985,#1991,#1253,.T.);
#2579=EDGE_CURVE('',#1986,#1990,#1254,.T.);
#2580=EDGE_CURVE('',#1987,#1989,#1255,.T.);
#2581=EDGE_CURVE('',#1833,#1841,#1256,.T.);
#2582=EDGE_CURVE('',#1834,#1840,#1257,.T.);
#2583=ORIENTED_EDGE('',*,*,#1992,.T.);
#2584=ORIENTED_EDGE('',*,*,#1993,.T.);
#2585=ORIENTED_EDGE('',*,*,#1994,.T.);
#2586=ORIENTED_EDGE('',*,*,#1995,.T.);
#2587=ORIENTED_EDGE('',*,*,#1993,.F.);
#2588=ORIENTED_EDGE('',*,*,#1996,.F.);
#2589=ORIENTED_EDGE('',*,*,#1997,.F.);
#2590=ORIENTED_EDGE('',*,*,#1998,.F.);
#2591=ORIENTED_EDGE('',*,*,#1999,.F.);
#2592=ORIENTED_EDGE('',*,*,#2000,.F.);
#2593=ORIENTED_EDGE('',*,*,#2001,.F.);
#2594=ORIENTED_EDGE('',*,*,#2002,.F.);
#2595=ORIENTED_EDGE('',*,*,#2003,.T.);
#2596=ORIENTED_EDGE('',*,*,#2004,.T.);
#2597=ORIENTED_EDGE('',*,*,#2005,.T.);
#2598=ORIENTED_EDGE('',*,*,#2006,.T.);
#2599=ORIENTED_EDGE('',*,*,#2004,.F.);
#2600=ORIENTED_EDGE('',*,*,#2007,.F.);
#2601=ORIENTED_EDGE('',*,*,#2008,.F.);
#2602=ORIENTED_EDGE('',*,*,#2009,.F.);
#2603=ORIENTED_EDGE('',*,*,#2010,.F.);
#2604=ORIENTED_EDGE('',*,*,#2011,.F.);
#2605=ORIENTED_EDGE('',*,*,#2012,.F.);
#2606=ORIENTED_EDGE('',*,*,#2013,.F.);
#2607=ORIENTED_EDGE('',*,*,#2014,.T.);
#2608=ORIENTED_EDGE('',*,*,#2015,.T.);
#2609=ORIENTED_EDGE('',*,*,#2016,.T.);
#2610=ORIENTED_EDGE('',*,*,#2017,.T.);
#2611=ORIENTED_EDGE('',*,*,#2015,.F.);
#2612=ORIENTED_EDGE('',*,*,#2018,.T.);
#2613=ORIENTED_EDGE('',*,*,#2008,.T.);
#2614=ORIENTED_EDGE('',*,*,#2019,.F.);
#2615=ORIENTED_EDGE('',*,*,#2020,.T.);
#2616=ORIENTED_EDGE('',*,*,#2021,.T.);
#2617=ORIENTED_EDGE('',*,*,#2022,.T.);
#2618=ORIENTED_EDGE('',*,*,#2023,.T.);
#2619=ORIENTED_EDGE('',*,*,#2021,.F.);
#2620=ORIENTED_EDGE('',*,*,#2024,.T.);
#2621=ORIENTED_EDGE('',*,*,#1997,.T.);
#2622=ORIENTED_EDGE('',*,*,#2025,.F.);
#2623=ORIENTED_EDGE('',*,*,#2026,.T.);
#2624=ORIENTED_EDGE('',*,*,#2027,.T.);
#2625=ORIENTED_EDGE('',*,*,#2028,.T.);
#2626=ORIENTED_EDGE('',*,*,#2029,.T.);
#2627=ORIENTED_EDGE('',*,*,#2026,.F.);
#2628=ORIENTED_EDGE('',*,*,#2030,.F.);
#2629=ORIENTED_EDGE('',*,*,#2022,.F.);
#2630=ORIENTED_EDGE('',*,*,#2025,.T.);
#2631=ORIENTED_EDGE('',*,*,#1996,.T.);
#2632=ORIENTED_EDGE('',*,*,#1992,.F.);
#2633=ORIENTED_EDGE('',*,*,#2031,.F.);
#2634=ORIENTED_EDGE('',*,*,#2032,.T.);
#2635=ORIENTED_EDGE('',*,*,#2033,.F.);
#2636=ORIENTED_EDGE('',*,*,#2034,.T.);
#2637=ORIENTED_EDGE('',*,*,#2035,.F.);
#2638=ORIENTED_EDGE('',*,*,#2036,.T.);
#2639=ORIENTED_EDGE('',*,*,#2023,.F.);
#2640=ORIENTED_EDGE('',*,*,#2030,.T.);
#2641=ORIENTED_EDGE('',*,*,#2029,.F.);
#2642=ORIENTED_EDGE('',*,*,#2037,.T.);
#2643=ORIENTED_EDGE('',*,*,#2038,.F.);
#2644=ORIENTED_EDGE('',*,*,#2039,.T.);
#2645=ORIENTED_EDGE('',*,*,#2017,.F.);
#2646=ORIENTED_EDGE('',*,*,#2040,.T.);
#2647=ORIENTED_EDGE('',*,*,#2038,.T.);
#2648=ORIENTED_EDGE('',*,*,#2041,.T.);
#2649=ORIENTED_EDGE('',*,*,#2042,.T.);
#2650=ORIENTED_EDGE('',*,*,#2043,.T.);
#2651=ORIENTED_EDGE('',*,*,#2042,.F.);
#2652=ORIENTED_EDGE('',*,*,#2044,.T.);
#2653=ORIENTED_EDGE('',*,*,#2045,.F.);
#2654=ORIENTED_EDGE('',*,*,#2046,.F.);
#2655=ORIENTED_EDGE('',*,*,#2047,.F.);
#2656=ORIENTED_EDGE('',*,*,#2048,.T.);
#2657=ORIENTED_EDGE('',*,*,#2049,.T.);
#2658=ORIENTED_EDGE('',*,*,#2050,.T.);
#2659=ORIENTED_EDGE('',*,*,#2051,.F.);
#2660=ORIENTED_EDGE('',*,*,#2052,.F.);
#2661=ORIENTED_EDGE('',*,*,#2053,.F.);
#2662=ORIENTED_EDGE('',*,*,#2054,.T.);
#2663=ORIENTED_EDGE('',*,*,#2055,.F.);
#2664=ORIENTED_EDGE('',*,*,#2056,.T.);
#2665=ORIENTED_EDGE('',*,*,#2006,.F.);
#2666=ORIENTED_EDGE('',*,*,#2057,.F.);
#2667=ORIENTED_EDGE('',*,*,#2058,.F.);
#2668=ORIENTED_EDGE('',*,*,#2059,.F.);
#2669=ORIENTED_EDGE('',*,*,#2060,.F.);
#2670=ORIENTED_EDGE('',*,*,#2061,.F.);
#2671=ORIENTED_EDGE('',*,*,#2062,.F.);
#2672=ORIENTED_EDGE('',*,*,#2063,.F.);
#2673=ORIENTED_EDGE('',*,*,#2064,.F.);
#2674=ORIENTED_EDGE('',*,*,#2065,.F.);
#2675=ORIENTED_EDGE('',*,*,#2066,.F.);
#2676=ORIENTED_EDGE('',*,*,#2067,.F.);
#2677=ORIENTED_EDGE('',*,*,#2068,.F.);
#2678=ORIENTED_EDGE('',*,*,#2069,.F.);
#2679=ORIENTED_EDGE('',*,*,#2070,.F.);
#2680=ORIENTED_EDGE('',*,*,#2071,.F.);
#2681=ORIENTED_EDGE('',*,*,#2072,.F.);
#2682=ORIENTED_EDGE('',*,*,#2073,.F.);
#2683=ORIENTED_EDGE('',*,*,#2074,.F.);
#2684=ORIENTED_EDGE('',*,*,#2075,.F.);
#2685=ORIENTED_EDGE('',*,*,#2076,.F.);
#2686=ORIENTED_EDGE('',*,*,#2077,.F.);
#2687=ORIENTED_EDGE('',*,*,#2078,.F.);
#2688=ORIENTED_EDGE('',*,*,#2079,.F.);
#2689=ORIENTED_EDGE('',*,*,#2080,.F.);
#2690=ORIENTED_EDGE('',*,*,#2081,.T.);
#2691=ORIENTED_EDGE('',*,*,#2035,.T.);
#2692=ORIENTED_EDGE('',*,*,#2082,.T.);
#2693=ORIENTED_EDGE('',*,*,#2083,.T.);
#2694=ORIENTED_EDGE('',*,*,#2081,.F.);
#2695=ORIENTED_EDGE('',*,*,#2084,.F.);
#2696=ORIENTED_EDGE('',*,*,#1994,.F.);
#2697=ORIENTED_EDGE('',*,*,#1998,.T.);
#2698=ORIENTED_EDGE('',*,*,#2024,.F.);
#2699=ORIENTED_EDGE('',*,*,#2020,.F.);
#2700=ORIENTED_EDGE('',*,*,#2036,.F.);
#2701=ORIENTED_EDGE('',*,*,#2085,.T.);
#2702=ORIENTED_EDGE('',*,*,#2055,.T.);
#2703=ORIENTED_EDGE('',*,*,#2086,.T.);
#2704=ORIENTED_EDGE('',*,*,#2033,.T.);
#2705=ORIENTED_EDGE('',*,*,#2085,.F.);
#2706=ORIENTED_EDGE('',*,*,#2032,.F.);
#2707=ORIENTED_EDGE('',*,*,#2016,.F.);
#2708=ORIENTED_EDGE('',*,*,#2019,.T.);
#2709=ORIENTED_EDGE('',*,*,#2007,.T.);
#2710=ORIENTED_EDGE('',*,*,#2003,.F.);
#2711=ORIENTED_EDGE('',*,*,#2056,.F.);
#2712=ORIENTED_EDGE('',*,*,#2040,.F.);
#2713=ORIENTED_EDGE('',*,*,#2043,.F.);
#2714=ORIENTED_EDGE('',*,*,#2005,.F.);
#2715=ORIENTED_EDGE('',*,*,#2009,.T.);
#2716=ORIENTED_EDGE('',*,*,#2018,.F.);
#2717=ORIENTED_EDGE('',*,*,#2014,.F.);
#2718=ORIENTED_EDGE('',*,*,#2039,.F.);
#2719=ORIENTED_EDGE('',*,*,#2087,.T.);
#2720=ORIENTED_EDGE('',*,*,#2088,.F.);
#2721=ORIENTED_EDGE('',*,*,#2089,.T.);
#2722=ORIENTED_EDGE('',*,*,#2012,.T.);
#2723=ORIENTED_EDGE('',*,*,#2090,.F.);
#2724=ORIENTED_EDGE('',*,*,#2091,.F.);
#2725=ORIENTED_EDGE('',*,*,#2092,.F.);
#2726=ORIENTED_EDGE('',*,*,#2093,.F.);
#2727=ORIENTED_EDGE('',*,*,#2087,.F.);
#2728=ORIENTED_EDGE('',*,*,#2011,.T.);
#2729=ORIENTED_EDGE('',*,*,#2094,.T.);
#2730=ORIENTED_EDGE('',*,*,#2095,.F.);
#2731=ORIENTED_EDGE('',*,*,#2096,.T.);
#2732=ORIENTED_EDGE('',*,*,#2001,.T.);
#2733=ORIENTED_EDGE('',*,*,#2097,.F.);
#2734=ORIENTED_EDGE('',*,*,#2098,.F.);
#2735=ORIENTED_EDGE('',*,*,#2099,.F.);
#2736=ORIENTED_EDGE('',*,*,#2100,.F.);
#2737=ORIENTED_EDGE('',*,*,#2094,.F.);
#2738=ORIENTED_EDGE('',*,*,#2000,.T.);
#2739=ORIENTED_EDGE('',*,*,#2101,.F.);
#2740=ORIENTED_EDGE('',*,*,#2044,.F.);
#2741=ORIENTED_EDGE('',*,*,#2041,.F.);
#2742=ORIENTED_EDGE('',*,*,#2037,.F.);
#2743=ORIENTED_EDGE('',*,*,#2028,.F.);
#2744=ORIENTED_EDGE('',*,*,#2102,.F.);
#2745=ORIENTED_EDGE('',*,*,#2103,.F.);
#2746=ORIENTED_EDGE('',*,*,#2104,.F.);
#2747=ORIENTED_EDGE('',*,*,#2082,.F.);
#2748=ORIENTED_EDGE('',*,*,#2034,.F.);
#2749=ORIENTED_EDGE('',*,*,#2086,.F.);
#2750=ORIENTED_EDGE('',*,*,#2054,.F.);
#2751=ORIENTED_EDGE('',*,*,#2101,.T.);
#2752=ORIENTED_EDGE('',*,*,#2105,.T.);
#2753=ORIENTED_EDGE('',*,*,#2106,.T.);
#2754=ORIENTED_EDGE('',*,*,#2045,.T.);
#2755=ORIENTED_EDGE('',*,*,#2107,.T.);
#2756=ORIENTED_EDGE('',*,*,#2108,.T.);
#2757=ORIENTED_EDGE('',*,*,#2109,.T.);
#2758=ORIENTED_EDGE('',*,*,#2110,.T.);
#2759=ORIENTED_EDGE('',*,*,#2111,.T.);
#2760=ORIENTED_EDGE('',*,*,#2112,.T.);
#2761=ORIENTED_EDGE('',*,*,#2113,.T.);
#2762=ORIENTED_EDGE('',*,*,#2109,.F.);
#2763=ORIENTED_EDGE('',*,*,#2114,.T.);
#2764=ORIENTED_EDGE('',*,*,#2115,.T.);
#2765=ORIENTED_EDGE('',*,*,#2116,.T.);
#2766=ORIENTED_EDGE('',*,*,#2112,.F.);
#2767=ORIENTED_EDGE('',*,*,#2117,.T.);
#2768=ORIENTED_EDGE('',*,*,#2118,.T.);
#2769=ORIENTED_EDGE('',*,*,#2119,.T.);
#2770=ORIENTED_EDGE('',*,*,#2115,.F.);
#2771=ORIENTED_EDGE('',*,*,#2120,.T.);
#2772=ORIENTED_EDGE('',*,*,#2121,.T.);
#2773=ORIENTED_EDGE('',*,*,#2122,.T.);
#2774=ORIENTED_EDGE('',*,*,#2118,.F.);
#2775=ORIENTED_EDGE('',*,*,#2123,.T.);
#2776=ORIENTED_EDGE('',*,*,#2124,.T.);
#2777=ORIENTED_EDGE('',*,*,#2125,.T.);
#2778=ORIENTED_EDGE('',*,*,#2121,.F.);
#2779=ORIENTED_EDGE('',*,*,#2126,.T.);
#2780=ORIENTED_EDGE('',*,*,#2127,.T.);
#2781=ORIENTED_EDGE('',*,*,#2128,.T.);
#2782=ORIENTED_EDGE('',*,*,#2124,.F.);
#2783=ORIENTED_EDGE('',*,*,#2129,.T.);
#2784=ORIENTED_EDGE('',*,*,#2130,.T.);
#2785=ORIENTED_EDGE('',*,*,#2131,.T.);
#2786=ORIENTED_EDGE('',*,*,#2127,.F.);
#2787=ORIENTED_EDGE('',*,*,#2132,.T.);
#2788=ORIENTED_EDGE('',*,*,#2133,.T.);
#2789=ORIENTED_EDGE('',*,*,#2134,.F.);
#2790=ORIENTED_EDGE('',*,*,#2135,.T.);
#2791=ORIENTED_EDGE('',*,*,#2130,.F.);
#2792=ORIENTED_EDGE('',*,*,#2136,.T.);
#2793=ORIENTED_EDGE('',*,*,#2137,.T.);
#2794=ORIENTED_EDGE('',*,*,#2133,.F.);
#2795=ORIENTED_EDGE('',*,*,#2138,.T.);
#2796=ORIENTED_EDGE('',*,*,#2139,.T.);
#2797=ORIENTED_EDGE('',*,*,#2140,.T.);
#2798=ORIENTED_EDGE('',*,*,#2141,.F.);
#2799=ORIENTED_EDGE('',*,*,#2142,.F.);
#2800=ORIENTED_EDGE('',*,*,#2143,.T.);
#2801=ORIENTED_EDGE('',*,*,#2144,.F.);
#2802=ORIENTED_EDGE('',*,*,#2136,.F.);
#2803=ORIENTED_EDGE('',*,*,#2145,.T.);
#2804=ORIENTED_EDGE('',*,*,#2108,.F.);
#2805=ORIENTED_EDGE('',*,*,#2146,.F.);
#2806=ORIENTED_EDGE('',*,*,#2147,.F.);
#2807=ORIENTED_EDGE('',*,*,#2138,.F.);
#2808=ORIENTED_EDGE('',*,*,#2107,.F.);
#2809=ORIENTED_EDGE('',*,*,#2148,.F.);
#2810=ORIENTED_EDGE('',*,*,#2149,.F.);
#2811=ORIENTED_EDGE('',*,*,#2150,.T.);
#2812=ORIENTED_EDGE('',*,*,#2151,.F.);
#2813=ORIENTED_EDGE('',*,*,#2152,.F.);
#2814=ORIENTED_EDGE('',*,*,#2153,.T.);
#2815=ORIENTED_EDGE('',*,*,#2154,.T.);
#2816=ORIENTED_EDGE('',*,*,#2146,.T.);
#2817=ORIENTED_EDGE('',*,*,#2144,.T.);
#2818=ORIENTED_EDGE('',*,*,#2155,.T.);
#2819=ORIENTED_EDGE('',*,*,#2156,.T.);
#2820=ORIENTED_EDGE('',*,*,#2157,.T.);
#2821=ORIENTED_EDGE('',*,*,#2158,.T.);
#2822=ORIENTED_EDGE('',*,*,#2159,.T.);
#2823=ORIENTED_EDGE('',*,*,#2160,.T.);
#2824=ORIENTED_EDGE('',*,*,#2156,.F.);
#2825=ORIENTED_EDGE('',*,*,#2161,.T.);
#2826=ORIENTED_EDGE('',*,*,#2162,.T.);
#2827=ORIENTED_EDGE('',*,*,#2163,.T.);
#2828=ORIENTED_EDGE('',*,*,#2159,.F.);
#2829=ORIENTED_EDGE('',*,*,#2164,.T.);
#2830=ORIENTED_EDGE('',*,*,#2165,.T.);
#2831=ORIENTED_EDGE('',*,*,#2166,.T.);
#2832=ORIENTED_EDGE('',*,*,#2162,.F.);
#2833=ORIENTED_EDGE('',*,*,#2167,.T.);
#2834=ORIENTED_EDGE('',*,*,#2168,.T.);
#2835=ORIENTED_EDGE('',*,*,#2169,.T.);
#2836=ORIENTED_EDGE('',*,*,#2165,.F.);
#2837=ORIENTED_EDGE('',*,*,#2170,.T.);
#2838=ORIENTED_EDGE('',*,*,#2171,.T.);
#2839=ORIENTED_EDGE('',*,*,#2172,.T.);
#2840=ORIENTED_EDGE('',*,*,#2168,.F.);
#2841=ORIENTED_EDGE('',*,*,#2173,.T.);
#2842=ORIENTED_EDGE('',*,*,#2174,.T.);
#2843=ORIENTED_EDGE('',*,*,#2175,.T.);
#2844=ORIENTED_EDGE('',*,*,#2171,.F.);
#2845=ORIENTED_EDGE('',*,*,#2176,.T.);
#2846=ORIENTED_EDGE('',*,*,#2177,.T.);
#2847=ORIENTED_EDGE('',*,*,#2178,.T.);
#2848=ORIENTED_EDGE('',*,*,#2174,.F.);
#2849=ORIENTED_EDGE('',*,*,#2179,.T.);
#2850=ORIENTED_EDGE('',*,*,#2149,.T.);
#2851=ORIENTED_EDGE('',*,*,#2180,.F.);
#2852=ORIENTED_EDGE('',*,*,#2181,.T.);
#2853=ORIENTED_EDGE('',*,*,#2177,.F.);
#2854=ORIENTED_EDGE('',*,*,#2182,.T.);
#2855=ORIENTED_EDGE('',*,*,#2182,.F.);
#2856=ORIENTED_EDGE('',*,*,#2183,.T.);
#2857=ORIENTED_EDGE('',*,*,#2155,.F.);
#2858=ORIENTED_EDGE('',*,*,#2143,.F.);
#2859=ORIENTED_EDGE('',*,*,#2184,.F.);
#2860=ORIENTED_EDGE('',*,*,#2150,.F.);
#2861=ORIENTED_EDGE('',*,*,#2173,.F.);
#2862=ORIENTED_EDGE('',*,*,#2170,.F.);
#2863=ORIENTED_EDGE('',*,*,#2167,.F.);
#2864=ORIENTED_EDGE('',*,*,#2164,.F.);
#2865=ORIENTED_EDGE('',*,*,#2161,.F.);
#2866=ORIENTED_EDGE('',*,*,#2183,.F.);
#2867=ORIENTED_EDGE('',*,*,#2179,.F.);
#2868=ORIENTED_EDGE('',*,*,#2176,.F.);
#2869=ORIENTED_EDGE('',*,*,#2148,.T.);
#2870=ORIENTED_EDGE('',*,*,#2111,.F.);
#2871=ORIENTED_EDGE('',*,*,#2185,.T.);
#2872=ORIENTED_EDGE('',*,*,#2186,.T.);
#2873=ORIENTED_EDGE('',*,*,#2187,.F.);
#2874=ORIENTED_EDGE('',*,*,#2180,.T.);
#2875=ORIENTED_EDGE('',*,*,#2188,.F.);
#2876=ORIENTED_EDGE('',*,*,#2189,.F.);
#2877=ORIENTED_EDGE('',*,*,#2190,.F.);
#2878=ORIENTED_EDGE('',*,*,#2191,.F.);
#2879=ORIENTED_EDGE('',*,*,#2192,.F.);
#2880=ORIENTED_EDGE('',*,*,#2193,.F.);
#2881=ORIENTED_EDGE('',*,*,#2194,.F.);
#2882=ORIENTED_EDGE('',*,*,#2195,.F.);
#2883=ORIENTED_EDGE('',*,*,#2145,.F.);
#2884=ORIENTED_EDGE('',*,*,#2132,.F.);
#2885=ORIENTED_EDGE('',*,*,#2129,.F.);
#2886=ORIENTED_EDGE('',*,*,#2126,.F.);
#2887=ORIENTED_EDGE('',*,*,#2123,.F.);
#2888=ORIENTED_EDGE('',*,*,#2120,.F.);
#2889=ORIENTED_EDGE('',*,*,#2117,.F.);
#2890=ORIENTED_EDGE('',*,*,#2114,.F.);
#2891=ORIENTED_EDGE('',*,*,#2196,.F.);
#2892=ORIENTED_EDGE('',*,*,#2106,.F.);
#2893=ORIENTED_EDGE('',*,*,#2197,.F.);
#2894=ORIENTED_EDGE('',*,*,#2198,.F.);
#2895=ORIENTED_EDGE('',*,*,#2199,.F.);
#2896=ORIENTED_EDGE('',*,*,#2200,.F.);
#2897=ORIENTED_EDGE('',*,*,#2201,.T.);
#2898=ORIENTED_EDGE('',*,*,#2202,.T.);
#2899=ORIENTED_EDGE('',*,*,#2199,.T.);
#2900=ORIENTED_EDGE('',*,*,#2203,.T.);
#2901=ORIENTED_EDGE('',*,*,#2204,.T.);
#2902=ORIENTED_EDGE('',*,*,#2103,.T.);
#2903=ORIENTED_EDGE('',*,*,#2053,.T.);
#2904=ORIENTED_EDGE('',*,*,#2200,.T.);
#2905=ORIENTED_EDGE('',*,*,#2205,.T.);
#2906=ORIENTED_EDGE('',*,*,#2206,.T.);
#2907=ORIENTED_EDGE('',*,*,#2207,.T.);
#2908=ORIENTED_EDGE('',*,*,#2198,.T.);
#2909=ORIENTED_EDGE('',*,*,#2052,.T.);
#2910=ORIENTED_EDGE('',*,*,#2208,.T.);
#2911=ORIENTED_EDGE('',*,*,#2209,.T.);
#2912=ORIENTED_EDGE('',*,*,#2210,.T.);
#2913=ORIENTED_EDGE('',*,*,#2197,.T.);
#2914=ORIENTED_EDGE('',*,*,#2211,.T.);
#2915=ORIENTED_EDGE('',*,*,#2212,.T.);
#2916=ORIENTED_EDGE('',*,*,#2046,.T.);
#2917=ORIENTED_EDGE('',*,*,#2196,.T.);
#2918=ORIENTED_EDGE('',*,*,#2213,.T.);
#2919=ORIENTED_EDGE('',*,*,#2214,.T.);
#2920=ORIENTED_EDGE('',*,*,#2204,.F.);
#2921=ORIENTED_EDGE('',*,*,#2215,.T.);
#2922=ORIENTED_EDGE('',*,*,#2216,.T.);
#2923=ORIENTED_EDGE('',*,*,#2141,.T.);
#2924=ORIENTED_EDGE('',*,*,#2217,.T.);
#2925=ORIENTED_EDGE('',*,*,#2218,.T.);
#2926=ORIENTED_EDGE('',*,*,#2203,.F.);
#2927=ORIENTED_EDGE('',*,*,#2207,.F.);
#2928=ORIENTED_EDGE('',*,*,#2219,.F.);
#2929=ORIENTED_EDGE('',*,*,#2220,.F.);
#2930=ORIENTED_EDGE('',*,*,#2215,.F.);
#2931=ORIENTED_EDGE('',*,*,#2206,.F.);
#2932=ORIENTED_EDGE('',*,*,#2221,.T.);
#2933=ORIENTED_EDGE('',*,*,#2222,.T.);
#2934=ORIENTED_EDGE('',*,*,#2152,.T.);
#2935=ORIENTED_EDGE('',*,*,#2223,.F.);
#2936=ORIENTED_EDGE('',*,*,#2219,.T.);
#2937=ORIENTED_EDGE('',*,*,#2208,.F.);
#2938=ORIENTED_EDGE('',*,*,#2051,.T.);
#2939=ORIENTED_EDGE('',*,*,#2224,.T.);
#2940=ORIENTED_EDGE('',*,*,#2225,.T.);
#2941=ORIENTED_EDGE('',*,*,#2226,.T.);
#2942=ORIENTED_EDGE('',*,*,#2047,.T.);
#2943=ORIENTED_EDGE('',*,*,#2212,.F.);
#2944=ORIENTED_EDGE('',*,*,#2227,.F.);
#2945=ORIENTED_EDGE('',*,*,#2228,.T.);
#2946=ORIENTED_EDGE('',*,*,#2221,.F.);
#2947=ORIENTED_EDGE('',*,*,#2201,.F.);
#2948=ORIENTED_EDGE('',*,*,#2218,.F.);
#2949=ORIENTED_EDGE('',*,*,#2229,.T.);
#2950=ORIENTED_EDGE('',*,*,#2230,.T.);
#2951=ORIENTED_EDGE('',*,*,#2231,.T.);
#2952=ORIENTED_EDGE('',*,*,#2232,.T.);
#2953=ORIENTED_EDGE('',*,*,#2233,.T.);
#2954=ORIENTED_EDGE('',*,*,#2217,.F.);
#2955=ORIENTED_EDGE('',*,*,#2140,.F.);
#2956=ORIENTED_EDGE('',*,*,#2234,.F.);
#2957=ORIENTED_EDGE('',*,*,#2235,.F.);
#2958=ORIENTED_EDGE('',*,*,#2229,.F.);
#2959=ORIENTED_EDGE('',*,*,#2216,.F.);
#2960=ORIENTED_EDGE('',*,*,#2220,.T.);
#2961=ORIENTED_EDGE('',*,*,#2223,.T.);
#2962=ORIENTED_EDGE('',*,*,#2151,.T.);
#2963=ORIENTED_EDGE('',*,*,#2184,.T.);
#2964=ORIENTED_EDGE('',*,*,#2142,.T.);
#2965=ORIENTED_EDGE('',*,*,#2222,.F.);
#2966=ORIENTED_EDGE('',*,*,#2228,.F.);
#2967=ORIENTED_EDGE('',*,*,#2236,.F.);
#2968=ORIENTED_EDGE('',*,*,#2153,.F.);
#2969=ORIENTED_EDGE('',*,*,#2237,.F.);
#2970=ORIENTED_EDGE('',*,*,#2154,.F.);
#2971=ORIENTED_EDGE('',*,*,#2238,.F.);
#2972=ORIENTED_EDGE('',*,*,#2214,.F.);
#2973=ORIENTED_EDGE('',*,*,#2239,.T.);
#2974=ORIENTED_EDGE('',*,*,#2238,.T.);
#2975=ORIENTED_EDGE('',*,*,#2236,.T.);
#2976=ORIENTED_EDGE('',*,*,#2227,.T.);
#2977=ORIENTED_EDGE('',*,*,#2240,.F.);
#2978=ORIENTED_EDGE('',*,*,#2139,.F.);
#2979=ORIENTED_EDGE('',*,*,#2241,.F.);
#2980=ORIENTED_EDGE('',*,*,#2237,.T.);
#2981=ORIENTED_EDGE('',*,*,#2242,.T.);
#2982=ORIENTED_EDGE('',*,*,#2241,.T.);
#2983=ORIENTED_EDGE('',*,*,#2147,.T.);
#2984=ORIENTED_EDGE('',*,*,#2243,.T.);
#2985=ORIENTED_EDGE('',*,*,#2234,.T.);
#2986=ORIENTED_EDGE('',*,*,#2240,.T.);
#2987=ORIENTED_EDGE('',*,*,#2244,.T.);
#2988=ORIENTED_EDGE('',*,*,#2245,.F.);
#2989=ORIENTED_EDGE('',*,*,#2186,.F.);
#2990=ORIENTED_EDGE('',*,*,#2246,.F.);
#2991=ORIENTED_EDGE('',*,*,#2134,.T.);
#2992=ORIENTED_EDGE('',*,*,#2137,.F.);
#2993=ORIENTED_EDGE('',*,*,#2158,.F.);
#2994=ORIENTED_EDGE('',*,*,#2247,.F.);
#2995=ORIENTED_EDGE('',*,*,#2248,.F.);
#2996=ORIENTED_EDGE('',*,*,#2249,.F.);
#2997=ORIENTED_EDGE('',*,*,#2250,.F.);
#2998=ORIENTED_EDGE('',*,*,#2251,.F.);
#2999=ORIENTED_EDGE('',*,*,#2252,.F.);
#3000=ORIENTED_EDGE('',*,*,#2253,.F.);
#3001=ORIENTED_EDGE('',*,*,#2254,.F.);
#3002=ORIENTED_EDGE('',*,*,#2209,.F.);
#3003=ORIENTED_EDGE('',*,*,#2255,.T.);
#3004=ORIENTED_EDGE('',*,*,#2256,.F.);
#3005=ORIENTED_EDGE('',*,*,#2235,.T.);
#3006=ORIENTED_EDGE('',*,*,#2243,.F.);
#3007=ORIENTED_EDGE('',*,*,#2257,.T.);
#3008=ORIENTED_EDGE('',*,*,#2232,.F.);
#3009=ORIENTED_EDGE('',*,*,#2258,.F.);
#3010=ORIENTED_EDGE('',*,*,#2259,.F.);
#3011=ORIENTED_EDGE('',*,*,#2260,.F.);
#3012=ORIENTED_EDGE('',*,*,#2261,.F.);
#3013=ORIENTED_EDGE('',*,*,#2262,.F.);
#3014=ORIENTED_EDGE('',*,*,#2263,.F.);
#3015=ORIENTED_EDGE('',*,*,#2231,.F.);
#3016=ORIENTED_EDGE('',*,*,#2264,.T.);
#3017=ORIENTED_EDGE('',*,*,#2265,.F.);
#3018=ORIENTED_EDGE('',*,*,#2258,.T.);
#3019=ORIENTED_EDGE('',*,*,#2230,.F.);
#3020=ORIENTED_EDGE('',*,*,#2256,.T.);
#3021=ORIENTED_EDGE('',*,*,#2266,.F.);
#3022=ORIENTED_EDGE('',*,*,#2267,.F.);
#3023=ORIENTED_EDGE('',*,*,#2268,.F.);
#3024=ORIENTED_EDGE('',*,*,#2269,.F.);
#3025=ORIENTED_EDGE('',*,*,#2270,.F.);
#3026=ORIENTED_EDGE('',*,*,#2264,.F.);
#3027=ORIENTED_EDGE('',*,*,#2084,.T.);
#3028=ORIENTED_EDGE('',*,*,#2083,.F.);
#3029=ORIENTED_EDGE('',*,*,#2104,.T.);
#3030=ORIENTED_EDGE('',*,*,#2205,.F.);
#3031=ORIENTED_EDGE('',*,*,#2202,.F.);
#3032=ORIENTED_EDGE('',*,*,#2233,.F.);
#3033=ORIENTED_EDGE('',*,*,#2263,.T.);
#3034=ORIENTED_EDGE('',*,*,#2271,.T.);
#3035=ORIENTED_EDGE('',*,*,#2266,.T.);
#3036=ORIENTED_EDGE('',*,*,#2255,.F.);
#3037=ORIENTED_EDGE('',*,*,#2211,.F.);
#3038=ORIENTED_EDGE('',*,*,#2105,.F.);
#3039=ORIENTED_EDGE('',*,*,#2102,.T.);
#3040=ORIENTED_EDGE('',*,*,#2027,.F.);
#3041=ORIENTED_EDGE('',*,*,#2031,.T.);
#3042=ORIENTED_EDGE('',*,*,#1995,.F.);
#3043=ORIENTED_EDGE('',*,*,#2272,.F.);
#3044=ORIENTED_EDGE('',*,*,#2273,.F.);
#3045=ORIENTED_EDGE('',*,*,#2274,.F.);
#3046=ORIENTED_EDGE('',*,*,#2275,.F.);
#3047=ORIENTED_EDGE('',*,*,#2276,.F.);
#3048=ORIENTED_EDGE('',*,*,#2277,.F.);
#3049=ORIENTED_EDGE('',*,*,#2278,.F.);
#3050=ORIENTED_EDGE('',*,*,#2279,.F.);
#3051=ORIENTED_EDGE('',*,*,#2280,.F.);
#3052=ORIENTED_EDGE('',*,*,#2281,.F.);
#3053=ORIENTED_EDGE('',*,*,#2282,.F.);
#3054=ORIENTED_EDGE('',*,*,#2283,.F.);
#3055=ORIENTED_EDGE('',*,*,#2284,.F.);
#3056=ORIENTED_EDGE('',*,*,#2285,.F.);
#3057=ORIENTED_EDGE('',*,*,#2286,.F.);
#3058=ORIENTED_EDGE('',*,*,#2287,.F.);
#3059=ORIENTED_EDGE('',*,*,#2288,.F.);
#3060=ORIENTED_EDGE('',*,*,#2289,.F.);
#3061=ORIENTED_EDGE('',*,*,#2290,.F.);
#3062=ORIENTED_EDGE('',*,*,#2291,.F.);
#3063=ORIENTED_EDGE('',*,*,#2292,.F.);
#3064=ORIENTED_EDGE('',*,*,#2293,.F.);
#3065=ORIENTED_EDGE('',*,*,#2294,.F.);
#3066=ORIENTED_EDGE('',*,*,#2295,.F.);
#3067=ORIENTED_EDGE('',*,*,#2210,.F.);
#3068=ORIENTED_EDGE('',*,*,#2257,.F.);
#3069=ORIENTED_EDGE('',*,*,#2244,.F.);
#3070=ORIENTED_EDGE('',*,*,#2242,.F.);
#3071=ORIENTED_EDGE('',*,*,#2239,.F.);
#3072=ORIENTED_EDGE('',*,*,#2213,.F.);
#3073=ORIENTED_EDGE('',*,*,#2296,.F.);
#3074=ORIENTED_EDGE('',*,*,#2297,.F.);
#3075=ORIENTED_EDGE('',*,*,#2276,.T.);
#3076=ORIENTED_EDGE('',*,*,#2298,.F.);
#3077=ORIENTED_EDGE('',*,*,#2299,.F.);
#3078=ORIENTED_EDGE('',*,*,#2300,.F.);
#3079=ORIENTED_EDGE('',*,*,#2301,.F.);
#3080=ORIENTED_EDGE('',*,*,#2302,.F.);
#3081=ORIENTED_EDGE('',*,*,#2303,.F.);
#3082=ORIENTED_EDGE('',*,*,#2278,.T.);
#3083=ORIENTED_EDGE('',*,*,#2304,.F.);
#3084=ORIENTED_EDGE('',*,*,#2274,.T.);
#3085=ORIENTED_EDGE('',*,*,#2305,.F.);
#3086=ORIENTED_EDGE('',*,*,#2306,.F.);
#3087=ORIENTED_EDGE('',*,*,#2307,.F.);
#3088=ORIENTED_EDGE('',*,*,#2308,.F.);
#3089=ORIENTED_EDGE('',*,*,#2309,.F.);
#3090=ORIENTED_EDGE('',*,*,#2310,.F.);
#3091=ORIENTED_EDGE('',*,*,#2311,.F.);
#3092=ORIENTED_EDGE('',*,*,#2312,.F.);
#3093=ORIENTED_EDGE('',*,*,#2313,.F.);
#3094=ORIENTED_EDGE('',*,*,#2299,.T.);
#3095=ORIENTED_EDGE('',*,*,#2314,.T.);
#3096=ORIENTED_EDGE('',*,*,#2312,.T.);
#3097=ORIENTED_EDGE('',*,*,#2315,.T.);
#3098=ORIENTED_EDGE('',*,*,#2313,.T.);
#3099=ORIENTED_EDGE('',*,*,#2316,.T.);
#3100=ORIENTED_EDGE('',*,*,#2306,.T.);
#3101=ORIENTED_EDGE('',*,*,#2317,.T.);
#3102=ORIENTED_EDGE('',*,*,#2318,.F.);
#3103=ORIENTED_EDGE('',*,*,#2319,.F.);
#3104=ORIENTED_EDGE('',*,*,#2272,.T.);
#3105=ORIENTED_EDGE('',*,*,#2320,.F.);
#3106=ORIENTED_EDGE('',*,*,#2305,.T.);
#3107=ORIENTED_EDGE('',*,*,#2273,.T.);
#3108=ORIENTED_EDGE('',*,*,#2319,.T.);
#3109=ORIENTED_EDGE('',*,*,#2321,.T.);
#3110=ORIENTED_EDGE('',*,*,#2320,.T.);
#3111=ORIENTED_EDGE('',*,*,#2279,.T.);
#3112=ORIENTED_EDGE('',*,*,#2303,.T.);
#3113=ORIENTED_EDGE('',*,*,#2322,.T.);
#3114=ORIENTED_EDGE('',*,*,#2323,.F.);
#3115=ORIENTED_EDGE('',*,*,#2324,.F.);
#3116=ORIENTED_EDGE('',*,*,#2325,.F.);
#3117=ORIENTED_EDGE('',*,*,#2318,.T.);
#3118=ORIENTED_EDGE('',*,*,#2326,.T.);
#3119=ORIENTED_EDGE('',*,*,#2324,.T.);
#3120=ORIENTED_EDGE('',*,*,#2327,.T.);
#3121=ORIENTED_EDGE('',*,*,#2325,.T.);
#3122=ORIENTED_EDGE('',*,*,#2328,.T.);
#3123=ORIENTED_EDGE('',*,*,#2309,.T.);
#3124=ORIENTED_EDGE('',*,*,#2329,.T.);
#3125=ORIENTED_EDGE('',*,*,#2323,.T.);
#3126=ORIENTED_EDGE('',*,*,#2330,.T.);
#3127=ORIENTED_EDGE('',*,*,#2311,.T.);
#3128=ORIENTED_EDGE('',*,*,#2331,.T.);
#3129=ORIENTED_EDGE('',*,*,#2310,.T.);
#3130=ORIENTED_EDGE('',*,*,#2332,.T.);
#3131=ORIENTED_EDGE('',*,*,#2302,.T.);
#3132=ORIENTED_EDGE('',*,*,#2333,.T.);
#3133=ORIENTED_EDGE('',*,*,#2300,.T.);
#3134=ORIENTED_EDGE('',*,*,#2334,.T.);
#3135=ORIENTED_EDGE('',*,*,#2308,.T.);
#3136=ORIENTED_EDGE('',*,*,#2335,.T.);
#3137=ORIENTED_EDGE('',*,*,#2298,.T.);
#3138=ORIENTED_EDGE('',*,*,#2275,.T.);
#3139=ORIENTED_EDGE('',*,*,#2307,.T.);
#3140=ORIENTED_EDGE('',*,*,#2336,.T.);
#3141=ORIENTED_EDGE('',*,*,#2304,.T.);
#3142=ORIENTED_EDGE('',*,*,#2277,.T.);
#3143=ORIENTED_EDGE('',*,*,#2297,.T.);
#3144=ORIENTED_EDGE('',*,*,#2337,.T.);
#3145=ORIENTED_EDGE('',*,*,#2296,.T.);
#3146=ORIENTED_EDGE('',*,*,#2338,.T.);
#3147=ORIENTED_EDGE('',*,*,#2301,.T.);
#3148=ORIENTED_EDGE('',*,*,#2339,.T.);
#3149=ORIENTED_EDGE('',*,*,#2314,.F.);
#3150=ORIENTED_EDGE('',*,*,#2338,.F.);
#3151=ORIENTED_EDGE('',*,*,#2336,.F.);
#3152=ORIENTED_EDGE('',*,*,#2316,.F.);
#3153=ORIENTED_EDGE('',*,*,#2317,.F.);
#3154=ORIENTED_EDGE('',*,*,#2321,.F.);
#3155=ORIENTED_EDGE('',*,*,#2327,.F.);
#3156=ORIENTED_EDGE('',*,*,#2331,.F.);
#3157=ORIENTED_EDGE('',*,*,#2322,.F.);
#3158=ORIENTED_EDGE('',*,*,#2332,.F.);
#3159=ORIENTED_EDGE('',*,*,#2328,.F.);
#3160=ORIENTED_EDGE('',*,*,#2326,.F.);
#3161=ORIENTED_EDGE('',*,*,#2329,.F.);
#3162=ORIENTED_EDGE('',*,*,#2334,.F.);
#3163=ORIENTED_EDGE('',*,*,#2315,.F.);
#3164=ORIENTED_EDGE('',*,*,#2330,.F.);
#3165=ORIENTED_EDGE('',*,*,#2333,.F.);
#3166=ORIENTED_EDGE('',*,*,#2337,.F.);
#3167=ORIENTED_EDGE('',*,*,#2339,.F.);
#3168=ORIENTED_EDGE('',*,*,#2335,.F.);
#3169=ORIENTED_EDGE('',*,*,#2292,.T.);
#3170=ORIENTED_EDGE('',*,*,#2340,.F.);
#3171=ORIENTED_EDGE('',*,*,#2341,.F.);
#3172=ORIENTED_EDGE('',*,*,#2342,.F.);
#3173=ORIENTED_EDGE('',*,*,#2343,.F.);
#3174=ORIENTED_EDGE('',*,*,#2344,.F.);
#3175=ORIENTED_EDGE('',*,*,#2290,.T.);
#3176=ORIENTED_EDGE('',*,*,#2345,.F.);
#3177=ORIENTED_EDGE('',*,*,#2340,.T.);
#3178=ORIENTED_EDGE('',*,*,#2291,.T.);
#3179=ORIENTED_EDGE('',*,*,#2344,.T.);
#3180=ORIENTED_EDGE('',*,*,#2346,.T.);
#3181=ORIENTED_EDGE('',*,*,#2347,.F.);
#3182=ORIENTED_EDGE('',*,*,#2348,.F.);
#3183=ORIENTED_EDGE('',*,*,#2294,.T.);
#3184=ORIENTED_EDGE('',*,*,#2349,.F.);
#3185=ORIENTED_EDGE('',*,*,#2350,.F.);
#3186=ORIENTED_EDGE('',*,*,#2351,.F.);
#3187=ORIENTED_EDGE('',*,*,#2352,.F.);
#3188=ORIENTED_EDGE('',*,*,#2353,.F.);
#3189=ORIENTED_EDGE('',*,*,#2354,.F.);
#3190=ORIENTED_EDGE('',*,*,#2288,.T.);
#3191=ORIENTED_EDGE('',*,*,#2355,.F.);
#3192=ORIENTED_EDGE('',*,*,#2345,.T.);
#3193=ORIENTED_EDGE('',*,*,#2289,.T.);
#3194=ORIENTED_EDGE('',*,*,#2354,.T.);
#3195=ORIENTED_EDGE('',*,*,#2356,.T.);
#3196=ORIENTED_EDGE('',*,*,#2355,.T.);
#3197=ORIENTED_EDGE('',*,*,#2295,.T.);
#3198=ORIENTED_EDGE('',*,*,#2348,.T.);
#3199=ORIENTED_EDGE('',*,*,#2357,.T.);
#3200=ORIENTED_EDGE('',*,*,#2358,.F.);
#3201=ORIENTED_EDGE('',*,*,#2359,.F.);
#3202=ORIENTED_EDGE('',*,*,#2360,.F.);
#3203=ORIENTED_EDGE('',*,*,#2359,.T.);
#3204=ORIENTED_EDGE('',*,*,#2361,.T.);
#3205=ORIENTED_EDGE('',*,*,#2350,.T.);
#3206=ORIENTED_EDGE('',*,*,#2362,.T.);
#3207=ORIENTED_EDGE('',*,*,#2343,.T.);
#3208=ORIENTED_EDGE('',*,*,#2363,.T.);
#3209=ORIENTED_EDGE('',*,*,#2360,.T.);
#3210=ORIENTED_EDGE('',*,*,#2364,.T.);
#3211=ORIENTED_EDGE('',*,*,#2365,.F.);
#3212=ORIENTED_EDGE('',*,*,#2366,.F.);
#3213=ORIENTED_EDGE('',*,*,#2367,.F.);
#3214=ORIENTED_EDGE('',*,*,#2347,.T.);
#3215=ORIENTED_EDGE('',*,*,#2368,.T.);
#3216=ORIENTED_EDGE('',*,*,#2366,.T.);
#3217=ORIENTED_EDGE('',*,*,#2369,.T.);
#3218=ORIENTED_EDGE('',*,*,#2367,.T.);
#3219=ORIENTED_EDGE('',*,*,#2370,.T.);
#3220=ORIENTED_EDGE('',*,*,#2351,.T.);
#3221=ORIENTED_EDGE('',*,*,#2371,.T.);
#3222=ORIENTED_EDGE('',*,*,#2372,.F.);
#3223=ORIENTED_EDGE('',*,*,#2373,.F.);
#3224=ORIENTED_EDGE('',*,*,#2374,.F.);
#3225=ORIENTED_EDGE('',*,*,#2358,.T.);
#3226=ORIENTED_EDGE('',*,*,#2375,.T.);
#3227=ORIENTED_EDGE('',*,*,#2373,.T.);
#3228=ORIENTED_EDGE('',*,*,#2376,.T.);
#3229=ORIENTED_EDGE('',*,*,#2374,.T.);
#3230=ORIENTED_EDGE('',*,*,#2377,.T.);
#3231=ORIENTED_EDGE('',*,*,#2353,.T.);
#3232=ORIENTED_EDGE('',*,*,#2378,.T.);
#3233=ORIENTED_EDGE('',*,*,#2365,.T.);
#3234=ORIENTED_EDGE('',*,*,#2379,.T.);
#3235=ORIENTED_EDGE('',*,*,#2372,.T.);
#3236=ORIENTED_EDGE('',*,*,#2380,.T.);
#3237=ORIENTED_EDGE('',*,*,#2352,.T.);
#3238=ORIENTED_EDGE('',*,*,#2381,.T.);
#3239=ORIENTED_EDGE('',*,*,#2341,.T.);
#3240=ORIENTED_EDGE('',*,*,#2382,.T.);
#3241=ORIENTED_EDGE('',*,*,#2349,.T.);
#3242=ORIENTED_EDGE('',*,*,#2293,.T.);
#3243=ORIENTED_EDGE('',*,*,#2342,.T.);
#3244=ORIENTED_EDGE('',*,*,#2383,.T.);
#3245=ORIENTED_EDGE('',*,*,#2356,.F.);
#3246=ORIENTED_EDGE('',*,*,#2377,.F.);
#3247=ORIENTED_EDGE('',*,*,#2375,.F.);
#3248=ORIENTED_EDGE('',*,*,#2363,.F.);
#3249=ORIENTED_EDGE('',*,*,#2357,.F.);
#3250=ORIENTED_EDGE('',*,*,#2369,.F.);
#3251=ORIENTED_EDGE('',*,*,#2380,.F.);
#3252=ORIENTED_EDGE('',*,*,#2378,.F.);
#3253=ORIENTED_EDGE('',*,*,#2361,.F.);
#3254=ORIENTED_EDGE('',*,*,#2376,.F.);
#3255=ORIENTED_EDGE('',*,*,#2379,.F.);
#3256=ORIENTED_EDGE('',*,*,#2371,.F.);
#3257=ORIENTED_EDGE('',*,*,#2362,.F.);
#3258=ORIENTED_EDGE('',*,*,#2382,.F.);
#3259=ORIENTED_EDGE('',*,*,#2346,.F.);
#3260=ORIENTED_EDGE('',*,*,#2364,.F.);
#3261=ORIENTED_EDGE('',*,*,#2368,.F.);
#3262=ORIENTED_EDGE('',*,*,#2383,.F.);
#3263=ORIENTED_EDGE('',*,*,#2381,.F.);
#3264=ORIENTED_EDGE('',*,*,#2370,.F.);
#3265=ORIENTED_EDGE('',*,*,#2384,.F.);
#3266=ORIENTED_EDGE('',*,*,#2385,.F.);
#3267=ORIENTED_EDGE('',*,*,#2251,.T.);
#3268=ORIENTED_EDGE('',*,*,#2386,.F.);
#3269=ORIENTED_EDGE('',*,*,#2284,.T.);
#3270=ORIENTED_EDGE('',*,*,#2387,.F.);
#3271=ORIENTED_EDGE('',*,*,#2388,.F.);
#3272=ORIENTED_EDGE('',*,*,#2389,.F.);
#3273=ORIENTED_EDGE('',*,*,#2390,.F.);
#3274=ORIENTED_EDGE('',*,*,#2391,.F.);
#3275=ORIENTED_EDGE('',*,*,#2249,.T.);
#3276=ORIENTED_EDGE('',*,*,#2392,.F.);
#3277=ORIENTED_EDGE('',*,*,#2386,.T.);
#3278=ORIENTED_EDGE('',*,*,#2250,.T.);
#3279=ORIENTED_EDGE('',*,*,#2391,.T.);
#3280=ORIENTED_EDGE('',*,*,#2393,.T.);
#3281=ORIENTED_EDGE('',*,*,#2253,.T.);
#3282=ORIENTED_EDGE('',*,*,#2394,.F.);
#3283=ORIENTED_EDGE('',*,*,#2395,.F.);
#3284=ORIENTED_EDGE('',*,*,#2396,.F.);
#3285=ORIENTED_EDGE('',*,*,#2394,.T.);
#3286=ORIENTED_EDGE('',*,*,#2252,.T.);
#3287=ORIENTED_EDGE('',*,*,#2385,.T.);
#3288=ORIENTED_EDGE('',*,*,#2397,.T.);
#3289=ORIENTED_EDGE('',*,*,#2398,.F.);
#3290=ORIENTED_EDGE('',*,*,#2399,.F.);
#3291=ORIENTED_EDGE('',*,*,#2286,.T.);
#3292=ORIENTED_EDGE('',*,*,#2400,.F.);
#3293=ORIENTED_EDGE('',*,*,#2401,.F.);
#3294=ORIENTED_EDGE('',*,*,#2402,.F.);
#3295=ORIENTED_EDGE('',*,*,#2282,.T.);
#3296=ORIENTED_EDGE('',*,*,#2403,.F.);
#3297=ORIENTED_EDGE('',*,*,#2387,.T.);
#3298=ORIENTED_EDGE('',*,*,#2283,.T.);
#3299=ORIENTED_EDGE('',*,*,#2402,.T.);
#3300=ORIENTED_EDGE('',*,*,#2404,.T.);
#3301=ORIENTED_EDGE('',*,*,#2405,.F.);
#3302=ORIENTED_EDGE('',*,*,#2406,.F.);
#3303=ORIENTED_EDGE('',*,*,#2247,.T.);
#3304=ORIENTED_EDGE('',*,*,#2407,.F.);
#3305=ORIENTED_EDGE('',*,*,#2406,.T.);
#3306=ORIENTED_EDGE('',*,*,#2408,.T.);
#3307=ORIENTED_EDGE('',*,*,#2392,.T.);
#3308=ORIENTED_EDGE('',*,*,#2248,.T.);
#3309=ORIENTED_EDGE('',*,*,#2407,.T.);
#3310=ORIENTED_EDGE('',*,*,#2254,.T.);
#3311=ORIENTED_EDGE('',*,*,#2396,.T.);
#3312=ORIENTED_EDGE('',*,*,#2409,.T.);
#3313=ORIENTED_EDGE('',*,*,#2410,.F.);
#3314=ORIENTED_EDGE('',*,*,#2411,.F.);
#3315=ORIENTED_EDGE('',*,*,#2280,.T.);
#3316=ORIENTED_EDGE('',*,*,#2412,.F.);
#3317=ORIENTED_EDGE('',*,*,#2403,.T.);
#3318=ORIENTED_EDGE('',*,*,#2281,.T.);
#3319=ORIENTED_EDGE('',*,*,#2411,.T.);
#3320=ORIENTED_EDGE('',*,*,#2413,.T.);
#3321=ORIENTED_EDGE('',*,*,#2412,.T.);
#3322=ORIENTED_EDGE('',*,*,#2287,.T.);
#3323=ORIENTED_EDGE('',*,*,#2399,.T.);
#3324=ORIENTED_EDGE('',*,*,#2414,.T.);
#3325=ORIENTED_EDGE('',*,*,#2405,.T.);
#3326=ORIENTED_EDGE('',*,*,#2415,.T.);
#3327=ORIENTED_EDGE('',*,*,#2410,.T.);
#3328=ORIENTED_EDGE('',*,*,#2416,.T.);
#3329=ORIENTED_EDGE('',*,*,#2395,.T.);
#3330=ORIENTED_EDGE('',*,*,#2417,.T.);
#3331=ORIENTED_EDGE('',*,*,#2401,.T.);
#3332=ORIENTED_EDGE('',*,*,#2418,.T.);
#3333=ORIENTED_EDGE('',*,*,#2400,.T.);
#3334=ORIENTED_EDGE('',*,*,#2285,.T.);
#3335=ORIENTED_EDGE('',*,*,#2389,.T.);
#3336=ORIENTED_EDGE('',*,*,#2419,.T.);
#3337=ORIENTED_EDGE('',*,*,#2398,.T.);
#3338=ORIENTED_EDGE('',*,*,#2420,.T.);
#3339=ORIENTED_EDGE('',*,*,#2390,.T.);
#3340=ORIENTED_EDGE('',*,*,#2421,.T.);
#3341=ORIENTED_EDGE('',*,*,#2384,.T.);
#3342=ORIENTED_EDGE('',*,*,#2422,.T.);
#3343=ORIENTED_EDGE('',*,*,#2388,.T.);
#3344=ORIENTED_EDGE('',*,*,#2423,.T.);
#3345=ORIENTED_EDGE('',*,*,#2404,.F.);
#3346=ORIENTED_EDGE('',*,*,#2417,.F.);
#3347=ORIENTED_EDGE('',*,*,#2397,.F.);
#3348=ORIENTED_EDGE('',*,*,#2423,.F.);
#3349=ORIENTED_EDGE('',*,*,#2413,.F.);
#3350=ORIENTED_EDGE('',*,*,#2415,.F.);
#3351=ORIENTED_EDGE('',*,*,#2409,.F.);
#3352=ORIENTED_EDGE('',*,*,#2418,.F.);
#3353=ORIENTED_EDGE('',*,*,#2414,.F.);
#3354=ORIENTED_EDGE('',*,*,#2421,.F.);
#3355=ORIENTED_EDGE('',*,*,#2408,.F.);
#3356=ORIENTED_EDGE('',*,*,#2416,.F.);
#3357=ORIENTED_EDGE('',*,*,#2419,.F.);
#3358=ORIENTED_EDGE('',*,*,#2422,.F.);
#3359=ORIENTED_EDGE('',*,*,#2393,.F.);
#3360=ORIENTED_EDGE('',*,*,#2420,.F.);
#3361=ORIENTED_EDGE('',*,*,#2424,.F.);
#3362=ORIENTED_EDGE('',*,*,#2425,.F.);
#3363=ORIENTED_EDGE('',*,*,#2426,.F.);
#3364=ORIENTED_EDGE('',*,*,#2061,.T.);
#3365=ORIENTED_EDGE('',*,*,#2427,.F.);
#3366=ORIENTED_EDGE('',*,*,#2428,.F.);
#3367=ORIENTED_EDGE('',*,*,#2429,.F.);
#3368=ORIENTED_EDGE('',*,*,#2430,.F.);
#3369=ORIENTED_EDGE('',*,*,#2431,.F.);
#3370=ORIENTED_EDGE('',*,*,#2432,.F.);
#3371=ORIENTED_EDGE('',*,*,#2433,.F.);
#3372=ORIENTED_EDGE('',*,*,#2434,.F.);
#3373=ORIENTED_EDGE('',*,*,#2435,.F.);
#3374=ORIENTED_EDGE('',*,*,#2436,.F.);
#3375=ORIENTED_EDGE('',*,*,#2437,.F.);
#3376=ORIENTED_EDGE('',*,*,#2059,.T.);
#3377=ORIENTED_EDGE('',*,*,#2438,.F.);
#3378=ORIENTED_EDGE('',*,*,#2427,.T.);
#3379=ORIENTED_EDGE('',*,*,#2060,.T.);
#3380=ORIENTED_EDGE('',*,*,#2437,.T.);
#3381=ORIENTED_EDGE('',*,*,#2439,.T.);
#3382=ORIENTED_EDGE('',*,*,#2440,.F.);
#3383=ORIENTED_EDGE('',*,*,#2441,.F.);
#3384=ORIENTED_EDGE('',*,*,#2063,.T.);
#3385=ORIENTED_EDGE('',*,*,#2442,.F.);
#3386=ORIENTED_EDGE('',*,*,#2443,.F.);
#3387=ORIENTED_EDGE('',*,*,#2444,.F.);
#3388=ORIENTED_EDGE('',*,*,#2445,.F.);
#3389=ORIENTED_EDGE('',*,*,#2432,.T.);
#3390=ORIENTED_EDGE('',*,*,#2446,.T.);
#3391=ORIENTED_EDGE('',*,*,#2444,.T.);
#3392=ORIENTED_EDGE('',*,*,#2447,.T.);
#3393=ORIENTED_EDGE('',*,*,#2448,.F.);
#3394=ORIENTED_EDGE('',*,*,#2449,.F.);
#3395=ORIENTED_EDGE('',*,*,#2057,.T.);
#3396=ORIENTED_EDGE('',*,*,#2450,.F.);
#3397=ORIENTED_EDGE('',*,*,#2438,.T.);
#3398=ORIENTED_EDGE('',*,*,#2058,.T.);
#3399=ORIENTED_EDGE('',*,*,#2449,.T.);
#3400=ORIENTED_EDGE('',*,*,#2451,.T.);
#3401=ORIENTED_EDGE('',*,*,#2450,.T.);
#3402=ORIENTED_EDGE('',*,*,#2064,.T.);
#3403=ORIENTED_EDGE('',*,*,#2441,.T.);
#3404=ORIENTED_EDGE('',*,*,#2452,.T.);
#3405=ORIENTED_EDGE('',*,*,#2445,.T.);
#3406=ORIENTED_EDGE('',*,*,#2453,.T.);
#3407=ORIENTED_EDGE('',*,*,#2448,.T.);
#3408=ORIENTED_EDGE('',*,*,#2454,.T.);
#3409=ORIENTED_EDGE('',*,*,#2434,.T.);
#3410=ORIENTED_EDGE('',*,*,#2455,.T.);
#3411=ORIENTED_EDGE('',*,*,#2443,.T.);
#3412=ORIENTED_EDGE('',*,*,#2456,.T.);
#3413=ORIENTED_EDGE('',*,*,#2442,.T.);
#3414=ORIENTED_EDGE('',*,*,#2062,.T.);
#3415=ORIENTED_EDGE('',*,*,#2429,.T.);
#3416=ORIENTED_EDGE('',*,*,#2457,.T.);
#3417=ORIENTED_EDGE('',*,*,#2440,.T.);
#3418=ORIENTED_EDGE('',*,*,#2458,.T.);
#3419=ORIENTED_EDGE('',*,*,#2435,.T.);
#3420=ORIENTED_EDGE('',*,*,#2459,.T.);
#3421=ORIENTED_EDGE('',*,*,#2436,.T.);
#3422=ORIENTED_EDGE('',*,*,#2460,.T.);
#3423=ORIENTED_EDGE('',*,*,#2431,.T.);
#3424=ORIENTED_EDGE('',*,*,#2461,.T.);
#3425=ORIENTED_EDGE('',*,*,#2433,.T.);
#3426=ORIENTED_EDGE('',*,*,#2462,.T.);
#3427=ORIENTED_EDGE('',*,*,#2425,.T.);
#3428=ORIENTED_EDGE('',*,*,#2463,.T.);
#3429=ORIENTED_EDGE('',*,*,#2430,.T.);
#3430=ORIENTED_EDGE('',*,*,#2464,.T.);
#3431=ORIENTED_EDGE('',*,*,#2424,.T.);
#3432=ORIENTED_EDGE('',*,*,#2465,.T.);
#3433=ORIENTED_EDGE('',*,*,#2426,.T.);
#3434=ORIENTED_EDGE('',*,*,#2466,.T.);
#3435=ORIENTED_EDGE('',*,*,#2428,.T.);
#3436=ORIENTED_EDGE('',*,*,#2467,.T.);
#3437=ORIENTED_EDGE('',*,*,#2439,.F.);
#3438=ORIENTED_EDGE('',*,*,#2461,.F.);
#3439=ORIENTED_EDGE('',*,*,#2465,.F.);
#3440=ORIENTED_EDGE('',*,*,#2467,.F.);
#3441=ORIENTED_EDGE('',*,*,#2447,.F.);
#3442=ORIENTED_EDGE('',*,*,#2455,.F.);
#3443=ORIENTED_EDGE('',*,*,#2463,.F.);
#3444=ORIENTED_EDGE('',*,*,#2464,.F.);
#3445=ORIENTED_EDGE('',*,*,#2451,.F.);
#3446=ORIENTED_EDGE('',*,*,#2453,.F.);
#3447=ORIENTED_EDGE('',*,*,#2446,.F.);
#3448=ORIENTED_EDGE('',*,*,#2460,.F.);
#3449=ORIENTED_EDGE('',*,*,#2452,.F.);
#3450=ORIENTED_EDGE('',*,*,#2459,.F.);
#3451=ORIENTED_EDGE('',*,*,#2456,.F.);
#3452=ORIENTED_EDGE('',*,*,#2454,.F.);
#3453=ORIENTED_EDGE('',*,*,#2457,.F.);
#3454=ORIENTED_EDGE('',*,*,#2466,.F.);
#3455=ORIENTED_EDGE('',*,*,#2462,.F.);
#3456=ORIENTED_EDGE('',*,*,#2458,.F.);
#3457=ORIENTED_EDGE('',*,*,#2468,.F.);
#3458=ORIENTED_EDGE('',*,*,#2469,.F.);
#3459=ORIENTED_EDGE('',*,*,#2077,.T.);
#3460=ORIENTED_EDGE('',*,*,#2470,.F.);
#3461=ORIENTED_EDGE('',*,*,#2471,.F.);
#3462=ORIENTED_EDGE('',*,*,#2472,.F.);
#3463=ORIENTED_EDGE('',*,*,#2075,.T.);
#3464=ORIENTED_EDGE('',*,*,#2473,.F.);
#3465=ORIENTED_EDGE('',*,*,#2470,.T.);
#3466=ORIENTED_EDGE('',*,*,#2076,.T.);
#3467=ORIENTED_EDGE('',*,*,#2472,.T.);
#3468=ORIENTED_EDGE('',*,*,#2474,.T.);
#3469=ORIENTED_EDGE('',*,*,#2475,.F.);
#3470=ORIENTED_EDGE('',*,*,#2476,.F.);
#3471=ORIENTED_EDGE('',*,*,#2079,.T.);
#3472=ORIENTED_EDGE('',*,*,#2477,.F.);
#3473=ORIENTED_EDGE('',*,*,#2478,.F.);
#3474=ORIENTED_EDGE('',*,*,#2479,.F.);
#3475=ORIENTED_EDGE('',*,*,#2480,.F.);
#3476=ORIENTED_EDGE('',*,*,#2073,.T.);
#3477=ORIENTED_EDGE('',*,*,#2481,.F.);
#3478=ORIENTED_EDGE('',*,*,#2482,.F.);
#3479=ORIENTED_EDGE('',*,*,#2483,.F.);
#3480=ORIENTED_EDGE('',*,*,#2481,.T.);
#3481=ORIENTED_EDGE('',*,*,#2080,.T.);
#3482=ORIENTED_EDGE('',*,*,#2476,.T.);
#3483=ORIENTED_EDGE('',*,*,#2484,.T.);
#3484=ORIENTED_EDGE('',*,*,#2485,.F.);
#3485=ORIENTED_EDGE('',*,*,#2486,.F.);
#3486=ORIENTED_EDGE('',*,*,#2487,.F.);
#3487=ORIENTED_EDGE('',*,*,#2486,.T.);
#3488=ORIENTED_EDGE('',*,*,#2488,.T.);
#3489=ORIENTED_EDGE('',*,*,#2478,.T.);
#3490=ORIENTED_EDGE('',*,*,#2489,.T.);
#3491=ORIENTED_EDGE('',*,*,#2471,.T.);
#3492=ORIENTED_EDGE('',*,*,#2490,.T.);
#3493=ORIENTED_EDGE('',*,*,#2487,.T.);
#3494=ORIENTED_EDGE('',*,*,#2491,.T.);
#3495=ORIENTED_EDGE('',*,*,#2492,.F.);
#3496=ORIENTED_EDGE('',*,*,#2493,.F.);
#3497=ORIENTED_EDGE('',*,*,#2494,.F.);
#3498=ORIENTED_EDGE('',*,*,#2495,.F.);
#3499=ORIENTED_EDGE('',*,*,#2496,.F.);
#3500=ORIENTED_EDGE('',*,*,#2497,.F.);
#3501=ORIENTED_EDGE('',*,*,#2485,.T.);
#3502=ORIENTED_EDGE('',*,*,#2498,.T.);
#3503=ORIENTED_EDGE('',*,*,#2496,.T.);
#3504=ORIENTED_EDGE('',*,*,#2499,.T.);
#3505=ORIENTED_EDGE('',*,*,#2497,.T.);
#3506=ORIENTED_EDGE('',*,*,#2500,.T.);
#3507=ORIENTED_EDGE('',*,*,#2482,.T.);
#3508=ORIENTED_EDGE('',*,*,#2501,.T.);
#3509=ORIENTED_EDGE('',*,*,#2493,.T.);
#3510=ORIENTED_EDGE('',*,*,#2502,.T.);
#3511=ORIENTED_EDGE('',*,*,#2495,.T.);
#3512=ORIENTED_EDGE('',*,*,#2503,.T.);
#3513=ORIENTED_EDGE('',*,*,#2475,.T.);
#3514=ORIENTED_EDGE('',*,*,#2504,.T.);
#3515=ORIENTED_EDGE('',*,*,#2494,.T.);
#3516=ORIENTED_EDGE('',*,*,#2505,.T.);
#3517=ORIENTED_EDGE('',*,*,#2492,.T.);
#3518=ORIENTED_EDGE('',*,*,#2506,.T.);
#3519=ORIENTED_EDGE('',*,*,#2479,.T.);
#3520=ORIENTED_EDGE('',*,*,#2507,.T.);
#3521=ORIENTED_EDGE('',*,*,#2473,.T.);
#3522=ORIENTED_EDGE('',*,*,#2074,.T.);
#3523=ORIENTED_EDGE('',*,*,#2483,.T.);
#3524=ORIENTED_EDGE('',*,*,#2508,.T.);
#3525=ORIENTED_EDGE('',*,*,#2480,.T.);
#3526=ORIENTED_EDGE('',*,*,#2509,.T.);
#3527=ORIENTED_EDGE('',*,*,#2468,.T.);
#3528=ORIENTED_EDGE('',*,*,#2510,.T.);
#3529=ORIENTED_EDGE('',*,*,#2477,.T.);
#3530=ORIENTED_EDGE('',*,*,#2078,.T.);
#3531=ORIENTED_EDGE('',*,*,#2469,.T.);
#3532=ORIENTED_EDGE('',*,*,#2511,.T.);
#3533=ORIENTED_EDGE('',*,*,#2484,.F.);
#3534=ORIENTED_EDGE('',*,*,#2505,.F.);
#3535=ORIENTED_EDGE('',*,*,#2503,.F.);
#3536=ORIENTED_EDGE('',*,*,#2501,.F.);
#3537=ORIENTED_EDGE('',*,*,#2489,.F.);
#3538=ORIENTED_EDGE('',*,*,#2510,.F.);
#3539=ORIENTED_EDGE('',*,*,#2474,.F.);
#3540=ORIENTED_EDGE('',*,*,#2491,.F.);
#3541=ORIENTED_EDGE('',*,*,#2488,.F.);
#3542=ORIENTED_EDGE('',*,*,#2499,.F.);
#3543=ORIENTED_EDGE('',*,*,#2502,.F.);
#3544=ORIENTED_EDGE('',*,*,#2507,.F.);
#3545=ORIENTED_EDGE('',*,*,#2490,.F.);
#3546=ORIENTED_EDGE('',*,*,#2508,.F.);
#3547=ORIENTED_EDGE('',*,*,#2500,.F.);
#3548=ORIENTED_EDGE('',*,*,#2498,.F.);
#3549=ORIENTED_EDGE('',*,*,#2504,.F.);
#3550=ORIENTED_EDGE('',*,*,#2511,.F.);
#3551=ORIENTED_EDGE('',*,*,#2509,.F.);
#3552=ORIENTED_EDGE('',*,*,#2506,.F.);
#3553=ORIENTED_EDGE('',*,*,#2512,.F.);
#3554=ORIENTED_EDGE('',*,*,#2513,.F.);
#3555=ORIENTED_EDGE('',*,*,#2192,.T.);
#3556=ORIENTED_EDGE('',*,*,#2514,.F.);
#3557=ORIENTED_EDGE('',*,*,#2069,.T.);
#3558=ORIENTED_EDGE('',*,*,#2515,.F.);
#3559=ORIENTED_EDGE('',*,*,#2516,.F.);
#3560=ORIENTED_EDGE('',*,*,#2517,.F.);
#3561=ORIENTED_EDGE('',*,*,#2518,.F.);
#3562=ORIENTED_EDGE('',*,*,#2519,.F.);
#3563=ORIENTED_EDGE('',*,*,#2190,.T.);
#3564=ORIENTED_EDGE('',*,*,#2520,.F.);
#3565=ORIENTED_EDGE('',*,*,#2514,.T.);
#3566=ORIENTED_EDGE('',*,*,#2191,.T.);
#3567=ORIENTED_EDGE('',*,*,#2519,.T.);
#3568=ORIENTED_EDGE('',*,*,#2521,.T.);
#3569=ORIENTED_EDGE('',*,*,#2194,.T.);
#3570=ORIENTED_EDGE('',*,*,#2522,.F.);
#3571=ORIENTED_EDGE('',*,*,#2523,.F.);
#3572=ORIENTED_EDGE('',*,*,#2524,.F.);
#3573=ORIENTED_EDGE('',*,*,#2522,.T.);
#3574=ORIENTED_EDGE('',*,*,#2193,.T.);
#3575=ORIENTED_EDGE('',*,*,#2513,.T.);
#3576=ORIENTED_EDGE('',*,*,#2525,.T.);
#3577=ORIENTED_EDGE('',*,*,#2526,.F.);
#3578=ORIENTED_EDGE('',*,*,#2527,.F.);
#3579=ORIENTED_EDGE('',*,*,#2071,.T.);
#3580=ORIENTED_EDGE('',*,*,#2528,.F.);
#3581=ORIENTED_EDGE('',*,*,#2529,.F.);
#3582=ORIENTED_EDGE('',*,*,#2530,.F.);
#3583=ORIENTED_EDGE('',*,*,#2067,.T.);
#3584=ORIENTED_EDGE('',*,*,#2531,.F.);
#3585=ORIENTED_EDGE('',*,*,#2515,.T.);
#3586=ORIENTED_EDGE('',*,*,#2068,.T.);
#3587=ORIENTED_EDGE('',*,*,#2530,.T.);
#3588=ORIENTED_EDGE('',*,*,#2532,.T.);
#3589=ORIENTED_EDGE('',*,*,#2533,.F.);
#3590=ORIENTED_EDGE('',*,*,#2534,.F.);
#3591=ORIENTED_EDGE('',*,*,#2188,.T.);
#3592=ORIENTED_EDGE('',*,*,#2535,.F.);
#3593=ORIENTED_EDGE('',*,*,#2520,.T.);
#3594=ORIENTED_EDGE('',*,*,#2189,.T.);
#3595=ORIENTED_EDGE('',*,*,#2534,.T.);
#3596=ORIENTED_EDGE('',*,*,#2536,.T.);
#3597=ORIENTED_EDGE('',*,*,#2535,.T.);
#3598=ORIENTED_EDGE('',*,*,#2195,.T.);
#3599=ORIENTED_EDGE('',*,*,#2524,.T.);
#3600=ORIENTED_EDGE('',*,*,#2537,.T.);
#3601=ORIENTED_EDGE('',*,*,#2538,.F.);
#3602=ORIENTED_EDGE('',*,*,#2539,.F.);
#3603=ORIENTED_EDGE('',*,*,#2065,.T.);
#3604=ORIENTED_EDGE('',*,*,#2540,.F.);
#3605=ORIENTED_EDGE('',*,*,#2531,.T.);
#3606=ORIENTED_EDGE('',*,*,#2066,.T.);
#3607=ORIENTED_EDGE('',*,*,#2539,.T.);
#3608=ORIENTED_EDGE('',*,*,#2541,.T.);
#3609=ORIENTED_EDGE('',*,*,#2540,.T.);
#3610=ORIENTED_EDGE('',*,*,#2072,.T.);
#3611=ORIENTED_EDGE('',*,*,#2527,.T.);
#3612=ORIENTED_EDGE('',*,*,#2542,.T.);
#3613=ORIENTED_EDGE('',*,*,#2533,.T.);
#3614=ORIENTED_EDGE('',*,*,#2543,.T.);
#3615=ORIENTED_EDGE('',*,*,#2538,.T.);
#3616=ORIENTED_EDGE('',*,*,#2544,.T.);
#3617=ORIENTED_EDGE('',*,*,#2523,.T.);
#3618=ORIENTED_EDGE('',*,*,#2545,.T.);
#3619=ORIENTED_EDGE('',*,*,#2529,.T.);
#3620=ORIENTED_EDGE('',*,*,#2546,.T.);
#3621=ORIENTED_EDGE('',*,*,#2528,.T.);
#3622=ORIENTED_EDGE('',*,*,#2070,.T.);
#3623=ORIENTED_EDGE('',*,*,#2517,.T.);
#3624=ORIENTED_EDGE('',*,*,#2547,.T.);
#3625=ORIENTED_EDGE('',*,*,#2526,.T.);
#3626=ORIENTED_EDGE('',*,*,#2548,.T.);
#3627=ORIENTED_EDGE('',*,*,#2518,.T.);
#3628=ORIENTED_EDGE('',*,*,#2549,.T.);
#3629=ORIENTED_EDGE('',*,*,#2512,.T.);
#3630=ORIENTED_EDGE('',*,*,#2550,.T.);
#3631=ORIENTED_EDGE('',*,*,#2516,.T.);
#3632=ORIENTED_EDGE('',*,*,#2551,.T.);
#3633=ORIENTED_EDGE('',*,*,#2532,.F.);
#3634=ORIENTED_EDGE('',*,*,#2545,.F.);
#3635=ORIENTED_EDGE('',*,*,#2525,.F.);
#3636=ORIENTED_EDGE('',*,*,#2551,.F.);
#3637=ORIENTED_EDGE('',*,*,#2541,.F.);
#3638=ORIENTED_EDGE('',*,*,#2543,.F.);
#3639=ORIENTED_EDGE('',*,*,#2537,.F.);
#3640=ORIENTED_EDGE('',*,*,#2546,.F.);
#3641=ORIENTED_EDGE('',*,*,#2542,.F.);
#3642=ORIENTED_EDGE('',*,*,#2549,.F.);
#3643=ORIENTED_EDGE('',*,*,#2536,.F.);
#3644=ORIENTED_EDGE('',*,*,#2544,.F.);
#3645=ORIENTED_EDGE('',*,*,#2547,.F.);
#3646=ORIENTED_EDGE('',*,*,#2550,.F.);
#3647=ORIENTED_EDGE('',*,*,#2521,.F.);
#3648=ORIENTED_EDGE('',*,*,#2548,.F.);
#3649=ORIENTED_EDGE('',*,*,#2089,.F.);
#3650=ORIENTED_EDGE('',*,*,#2552,.F.);
#3651=ORIENTED_EDGE('',*,*,#2553,.F.);
#3652=ORIENTED_EDGE('',*,*,#2554,.F.);
#3653=ORIENTED_EDGE('',*,*,#2555,.F.);
#3654=ORIENTED_EDGE('',*,*,#2013,.T.);
#3655=ORIENTED_EDGE('',*,*,#2096,.F.);
#3656=ORIENTED_EDGE('',*,*,#2556,.F.);
#3657=ORIENTED_EDGE('',*,*,#2557,.F.);
#3658=ORIENTED_EDGE('',*,*,#2558,.F.);
#3659=ORIENTED_EDGE('',*,*,#2559,.F.);
#3660=ORIENTED_EDGE('',*,*,#2002,.T.);
#3661=ORIENTED_EDGE('',*,*,#2224,.F.);
#3662=ORIENTED_EDGE('',*,*,#2050,.F.);
#3663=ORIENTED_EDGE('',*,*,#2560,.F.);
#3664=ORIENTED_EDGE('',*,*,#2561,.F.);
#3665=ORIENTED_EDGE('',*,*,#2562,.F.);
#3666=ORIENTED_EDGE('',*,*,#2563,.F.);
#3667=ORIENTED_EDGE('',*,*,#2564,.F.);
#3668=ORIENTED_EDGE('',*,*,#2555,.T.);
#3669=ORIENTED_EDGE('',*,*,#2565,.T.);
#3670=ORIENTED_EDGE('',*,*,#2090,.T.);
#3671=ORIENTED_EDGE('',*,*,#2010,.T.);
#3672=ORIENTED_EDGE('',*,*,#2559,.T.);
#3673=ORIENTED_EDGE('',*,*,#2566,.T.);
#3674=ORIENTED_EDGE('',*,*,#2097,.T.);
#3675=ORIENTED_EDGE('',*,*,#1999,.T.);
#3676=ORIENTED_EDGE('',*,*,#2560,.T.);
#3677=ORIENTED_EDGE('',*,*,#2049,.F.);
#3678=ORIENTED_EDGE('',*,*,#2567,.T.);
#3679=ORIENTED_EDGE('',*,*,#2568,.F.);
#3680=ORIENTED_EDGE('',*,*,#2262,.T.);
#3681=ORIENTED_EDGE('',*,*,#2569,.T.);
#3682=ORIENTED_EDGE('',*,*,#2267,.T.);
#3683=ORIENTED_EDGE('',*,*,#2271,.F.);
#3684=ORIENTED_EDGE('',*,*,#2226,.F.);
#3685=ORIENTED_EDGE('',*,*,#2570,.F.);
#3686=ORIENTED_EDGE('',*,*,#2571,.F.);
#3687=ORIENTED_EDGE('',*,*,#2572,.F.);
#3688=ORIENTED_EDGE('',*,*,#2573,.F.);
#3689=ORIENTED_EDGE('',*,*,#2567,.F.);
#3690=ORIENTED_EDGE('',*,*,#2048,.F.);
#3691=ORIENTED_EDGE('',*,*,#2552,.T.);
#3692=ORIENTED_EDGE('',*,*,#2088,.T.);
#3693=ORIENTED_EDGE('',*,*,#2093,.T.);
#3694=ORIENTED_EDGE('',*,*,#2574,.F.);
#3695=ORIENTED_EDGE('',*,*,#2553,.T.);
#3696=ORIENTED_EDGE('',*,*,#2574,.T.);
#3697=ORIENTED_EDGE('',*,*,#2092,.T.);
#3698=ORIENTED_EDGE('',*,*,#2575,.F.);
#3699=ORIENTED_EDGE('',*,*,#2554,.T.);
#3700=ORIENTED_EDGE('',*,*,#2575,.T.);
#3701=ORIENTED_EDGE('',*,*,#2091,.T.);
#3702=ORIENTED_EDGE('',*,*,#2565,.F.);
#3703=ORIENTED_EDGE('',*,*,#2556,.T.);
#3704=ORIENTED_EDGE('',*,*,#2095,.T.);
#3705=ORIENTED_EDGE('',*,*,#2100,.T.);
#3706=ORIENTED_EDGE('',*,*,#2576,.F.);
#3707=ORIENTED_EDGE('',*,*,#2557,.T.);
#3708=ORIENTED_EDGE('',*,*,#2576,.T.);
#3709=ORIENTED_EDGE('',*,*,#2099,.T.);
#3710=ORIENTED_EDGE('',*,*,#2577,.F.);
#3711=ORIENTED_EDGE('',*,*,#2558,.T.);
#3712=ORIENTED_EDGE('',*,*,#2577,.T.);
#3713=ORIENTED_EDGE('',*,*,#2098,.T.);
#3714=ORIENTED_EDGE('',*,*,#2566,.F.);
#3715=ORIENTED_EDGE('',*,*,#2561,.T.);
#3716=ORIENTED_EDGE('',*,*,#2568,.T.);
#3717=ORIENTED_EDGE('',*,*,#2573,.T.);
#3718=ORIENTED_EDGE('',*,*,#2578,.F.);
#3719=ORIENTED_EDGE('',*,*,#2562,.T.);
#3720=ORIENTED_EDGE('',*,*,#2578,.T.);
#3721=ORIENTED_EDGE('',*,*,#2572,.T.);
#3722=ORIENTED_EDGE('',*,*,#2579,.F.);
#3723=ORIENTED_EDGE('',*,*,#2563,.T.);
#3724=ORIENTED_EDGE('',*,*,#2579,.T.);
#3725=ORIENTED_EDGE('',*,*,#2571,.T.);
#3726=ORIENTED_EDGE('',*,*,#2580,.F.);
#3727=ORIENTED_EDGE('',*,*,#2259,.T.);
#3728=ORIENTED_EDGE('',*,*,#2265,.T.);
#3729=ORIENTED_EDGE('',*,*,#2270,.T.);
#3730=ORIENTED_EDGE('',*,*,#2581,.F.);
#3731=ORIENTED_EDGE('',*,*,#2260,.T.);
#3732=ORIENTED_EDGE('',*,*,#2581,.T.);
#3733=ORIENTED_EDGE('',*,*,#2269,.T.);
#3734=ORIENTED_EDGE('',*,*,#2582,.F.);
#3735=ORIENTED_EDGE('',*,*,#2261,.T.);
#3736=ORIENTED_EDGE('',*,*,#2582,.T.);
#3737=ORIENTED_EDGE('',*,*,#2268,.T.);
#3738=ORIENTED_EDGE('',*,*,#2569,.F.);
#3739=ORIENTED_EDGE('',*,*,#2225,.F.);
#3740=ORIENTED_EDGE('',*,*,#2564,.T.);
#3741=ORIENTED_EDGE('',*,*,#2580,.T.);
#3742=ORIENTED_EDGE('',*,*,#2570,.T.);
#3743=ORIENTED_EDGE('',*,*,#2181,.F.);
#3744=ORIENTED_EDGE('',*,*,#2187,.T.);
#3745=ORIENTED_EDGE('',*,*,#2245,.T.);
#3746=ORIENTED_EDGE('',*,*,#2157,.F.);
#3747=ORIENTED_EDGE('',*,*,#2160,.F.);
#3748=ORIENTED_EDGE('',*,*,#2163,.F.);
#3749=ORIENTED_EDGE('',*,*,#2166,.F.);
#3750=ORIENTED_EDGE('',*,*,#2169,.F.);
#3751=ORIENTED_EDGE('',*,*,#2172,.F.);
#3752=ORIENTED_EDGE('',*,*,#2175,.F.);
#3753=ORIENTED_EDGE('',*,*,#2178,.F.);
#3754=ORIENTED_EDGE('',*,*,#2135,.F.);
#3755=ORIENTED_EDGE('',*,*,#2246,.T.);
#3756=ORIENTED_EDGE('',*,*,#2185,.F.);
#3757=ORIENTED_EDGE('',*,*,#2110,.F.);
#3758=ORIENTED_EDGE('',*,*,#2113,.F.);
#3759=ORIENTED_EDGE('',*,*,#2116,.F.);
#3760=ORIENTED_EDGE('',*,*,#2119,.F.);
#3761=ORIENTED_EDGE('',*,*,#2122,.F.);
#3762=ORIENTED_EDGE('',*,*,#2125,.F.);
#3763=ORIENTED_EDGE('',*,*,#2128,.F.);
#3764=ORIENTED_EDGE('',*,*,#2131,.F.);
#3765=PLANE('',#4139);
#3766=PLANE('',#4140);
#3767=PLANE('',#4141);
#3768=PLANE('',#4142);
#3769=PLANE('',#4143);
#3770=PLANE('',#4144);
#3771=PLANE('',#4145);
#3772=PLANE('',#4146);
#3773=PLANE('',#4147);
#3774=PLANE('',#4148);
#3775=PLANE('',#4149);
#3776=PLANE('',#4150);
#3777=PLANE('',#4151);
#3778=PLANE('',#4164);
#3779=PLANE('',#4165);
#3780=PLANE('',#4166);
#3781=PLANE('',#4167);
#3782=PLANE('',#4168);
#3783=PLANE('',#4169);
#3784=PLANE('',#4170);
#3785=PLANE('',#4173);
#3786=PLANE('',#4174);
#3787=PLANE('',#4177);
#3788=PLANE('',#4178);
#3789=PLANE('',#4179);
#3790=PLANE('',#4180);
#3791=PLANE('',#4184);
#3792=PLANE('',#4188);
#3793=PLANE('',#4192);
#3794=PLANE('',#4196);
#3795=PLANE('',#4197);
#3796=PLANE('',#4198);
#3797=PLANE('',#4199);
#3798=PLANE('',#4200);
#3799=PLANE('',#4204);
#3800=PLANE('',#4208);
#3801=PLANE('',#4212);
#3802=PLANE('',#4216);
#3803=PLANE('',#4217);
#3804=PLANE('',#4218);
#3805=PLANE('',#4219);
#3806=PLANE('',#4224);
#3807=PLANE('',#4225);
#3808=PLANE('',#4226);
#3809=PLANE('',#4227);
#3810=PLANE('',#4228);
#3811=PLANE('',#4229);
#3812=PLANE('',#4230);
#3813=PLANE('',#4231);
#3814=PLANE('',#4232);
#3815=PLANE('',#4233);
#3816=PLANE('',#4234);
#3817=PLANE('',#4235);
#3818=PLANE('',#4236);
#3819=PLANE('',#4237);
#3820=PLANE('',#4238);
#3821=PLANE('',#4239);
#3822=PLANE('',#4240);
#3823=PLANE('',#4241);
#3824=PLANE('',#4242);
#3825=PLANE('',#4243);
#3826=PLANE('',#4244);
#3827=PLANE('',#4245);
#3828=PLANE('',#4250);
#3829=PLANE('',#4251);
#3830=PLANE('',#4254);
#3831=PLANE('',#4255);
#3832=PLANE('',#4258);
#3833=PLANE('',#4271);
#3834=PLANE('',#4312);
#3835=PLANE('',#4313);
#3836=PLANE('',#4314);
#3837=PLANE('',#4315);
#3838=PLANE('',#4316);
#3839=PLANE('',#4357);
#3840=PLANE('',#4358);
#3841=PLANE('',#4359);
#3842=PLANE('',#4360);
#3843=PLANE('',#4361);
#3844=PLANE('',#4402);
#3845=PLANE('',#4403);
#3846=PLANE('',#4404);
#3847=PLANE('',#4405);
#3848=PLANE('',#4446);
#3849=PLANE('',#4447);
#3850=PLANE('',#4448);
#3851=PLANE('',#4449);
#3852=PLANE('',#4450);
#3853=PLANE('',#4491);
#3854=PLANE('',#4492);
#3855=PLANE('',#4493);
#3856=PLANE('',#4494);
#3857=PLANE('',#4495);
#3858=PLANE('',#4536);
#3859=PLANE('',#4537);
#3860=PLANE('',#4538);
#3861=PLANE('',#4539);
#3862=PLANE('',#4540);
#3863=PLANE('',#4543);
#3864=PLANE('',#4546);
#3865=PLANE('',#4549);
#3866=PLANE('',#4550);
#3867=PLANE('',#4551);
#3868=PLANE('',#4552);
#3869=PLANE('',#4553);
#3870=PLANE('',#4557);
#3871=PLANE('',#4560);
#3872=PLANE('',#4563);
#3873=PLANE('',#4566);
#3874=PLANE('',#4568);
#3875=PLANE('',#4569);
#3876=PLANE('',#4570);
#3877=ADVANCED_FACE('',(#369),#3765,.T.);
#3878=ADVANCED_FACE('',(#370,#359),#3766,.F.);
#3879=ADVANCED_FACE('',(#371),#3767,.T.);
#3880=ADVANCED_FACE('',(#372,#360),#3768,.F.);
#3881=ADVANCED_FACE('',(#373),#3769,.T.);
#3882=ADVANCED_FACE('',(#374),#3770,.F.);
#3883=ADVANCED_FACE('',(#375),#3771,.T.);
#3884=ADVANCED_FACE('',(#376),#3772,.F.);
#3885=ADVANCED_FACE('',(#377),#3773,.T.);
#3886=ADVANCED_FACE('',(#378),#3774,.F.);
#3887=ADVANCED_FACE('',(#379),#3775,.F.);
#3888=ADVANCED_FACE('',(#380),#3776,.T.);
#3889=ADVANCED_FACE('',(#381,#361,#362,#363),#3777,.T.);
#3890=ADVANCED_FACE('',(#382),#3778,.T.);
#3891=ADVANCED_FACE('',(#383),#3779,.F.);
#3892=ADVANCED_FACE('',(#384),#3780,.T.);
#3893=ADVANCED_FACE('',(#385),#3781,.F.);
#3894=ADVANCED_FACE('',(#386),#3782,.F.);
#3895=ADVANCED_FACE('',(#387),#3783,.T.);
#3896=ADVANCED_FACE('',(#388),#3784,.T.);
#3897=ADVANCED_FACE('',(#389),#3785,.T.);
#3898=ADVANCED_FACE('',(#390),#3786,.T.);
#3899=ADVANCED_FACE('',(#391),#3787,.F.);
#3900=ADVANCED_FACE('',(#392),#3788,.F.);
#3901=ADVANCED_FACE('',(#393),#3789,.T.);
#3902=ADVANCED_FACE('',(#394),#3790,.T.);
#3903=ADVANCED_FACE('',(#395),#143,.T.);
#3904=ADVANCED_FACE('',(#396),#3791,.T.);
#3905=ADVANCED_FACE('',(#397),#144,.F.);
#3906=ADVANCED_FACE('',(#398),#3792,.T.);
#3907=ADVANCED_FACE('',(#399),#145,.F.);
#3908=ADVANCED_FACE('',(#400),#3793,.T.);
#3909=ADVANCED_FACE('',(#401),#146,.T.);
#3910=ADVANCED_FACE('',(#402),#3794,.T.);
#3911=ADVANCED_FACE('',(#403),#3795,.T.);
#3912=ADVANCED_FACE('',(#404),#3796,.F.);
#3913=ADVANCED_FACE('',(#405),#3797,.T.);
#3914=ADVANCED_FACE('',(#406),#3798,.T.);
#3915=ADVANCED_FACE('',(#407),#147,.T.);
#3916=ADVANCED_FACE('',(#408),#3799,.T.);
#3917=ADVANCED_FACE('',(#409),#148,.F.);
#3918=ADVANCED_FACE('',(#410),#3800,.T.);
#3919=ADVANCED_FACE('',(#411),#149,.F.);
#3920=ADVANCED_FACE('',(#412),#3801,.T.);
#3921=ADVANCED_FACE('',(#413),#150,.T.);
#3922=ADVANCED_FACE('',(#414),#3802,.T.);
#3923=ADVANCED_FACE('',(#415),#3803,.F.);
#3924=ADVANCED_FACE('',(#416),#3804,.T.);
#3925=ADVANCED_FACE('',(#417,#364),#3805,.F.);
#3926=ADVANCED_FACE('',(#418),#3806,.T.);
#3927=ADVANCED_FACE('',(#419),#3807,.T.);
#3928=ADVANCED_FACE('',(#420),#3808,.T.);
#3929=ADVANCED_FACE('',(#421),#3809,.T.);
#3930=ADVANCED_FACE('',(#422),#3810,.T.);
#3931=ADVANCED_FACE('',(#423),#3811,.T.);
#3932=ADVANCED_FACE('',(#424),#3812,.T.);
#3933=ADVANCED_FACE('',(#425),#3813,.T.);
#3934=ADVANCED_FACE('',(#426),#3814,.T.);
#3935=ADVANCED_FACE('',(#427),#3815,.T.);
#3936=ADVANCED_FACE('',(#428),#3816,.T.);
#3937=ADVANCED_FACE('',(#429),#3817,.T.);
#3938=ADVANCED_FACE('',(#430),#3818,.T.);
#3939=ADVANCED_FACE('',(#431),#3819,.T.);
#3940=ADVANCED_FACE('',(#432),#3820,.T.);
#3941=ADVANCED_FACE('',(#433),#3821,.T.);
#3942=ADVANCED_FACE('',(#434),#3822,.T.);
#3943=ADVANCED_FACE('',(#435),#3823,.T.);
#3944=ADVANCED_FACE('',(#436),#3824,.T.);
#3945=ADVANCED_FACE('',(#437),#3825,.T.);
#3946=ADVANCED_FACE('',(#438),#3826,.T.);
#3947=ADVANCED_FACE('',(#439,#365),#3827,.F.);
#3948=ADVANCED_FACE('',(#440),#3828,.T.);
#3949=ADVANCED_FACE('',(#441),#3829,.T.);
#3950=ADVANCED_FACE('',(#442),#3830,.T.);
#3951=ADVANCED_FACE('',(#443),#3831,.T.);
#3952=ADVANCED_FACE('',(#444,#366,#367,#368),#3832,.F.);
#3953=ADVANCED_FACE('',(#445),#3833,.T.);
#3954=ADVANCED_FACE('',(#446),#119,.F.);
#3955=ADVANCED_FACE('',(#447),#103,.F.);
#3956=ADVANCED_FACE('',(#448),#120,.F.);
#3957=ADVANCED_FACE('',(#449),#121,.F.);
#3958=ADVANCED_FACE('',(#450),#104,.F.);
#3959=ADVANCED_FACE('',(#451),#105,.F.);
#3960=ADVANCED_FACE('',(#452),#23,.F.);
#3961=ADVANCED_FACE('',(#453),#24,.F.);
#3962=ADVANCED_FACE('',(#454),#122,.F.);
#3963=ADVANCED_FACE('',(#455),#25,.T.);
#3964=ADVANCED_FACE('',(#456),#26,.T.);
#3965=ADVANCED_FACE('',(#457),#106,.F.);
#3966=ADVANCED_FACE('',(#458),#27,.F.);
#3967=ADVANCED_FACE('',(#459),#28,.F.);
#3968=ADVANCED_FACE('',(#460),#29,.F.);
#3969=ADVANCED_FACE('',(#461),#30,.F.);
#3970=ADVANCED_FACE('',(#462),#31,.F.);
#3971=ADVANCED_FACE('',(#463),#32,.T.);
#3972=ADVANCED_FACE('',(#464),#33,.T.);
#3973=ADVANCED_FACE('',(#465),#34,.F.);
#3974=ADVANCED_FACE('',(#466),#3834,.F.);
#3975=ADVANCED_FACE('',(#467),#3835,.T.);
#3976=ADVANCED_FACE('',(#468),#3836,.F.);
#3977=ADVANCED_FACE('',(#469),#3837,.F.);
#3978=ADVANCED_FACE('',(#470),#3838,.T.);
#3979=ADVANCED_FACE('',(#471),#123,.F.);
#3980=ADVANCED_FACE('',(#472),#124,.F.);
#3981=ADVANCED_FACE('',(#473),#35,.T.);
#3982=ADVANCED_FACE('',(#474),#125,.F.);
#3983=ADVANCED_FACE('',(#475),#107,.F.);
#3984=ADVANCED_FACE('',(#476),#126,.F.);
#3985=ADVANCED_FACE('',(#477),#36,.T.);
#3986=ADVANCED_FACE('',(#478),#37,.T.);
#3987=ADVANCED_FACE('',(#479),#108,.F.);
#3988=ADVANCED_FACE('',(#480),#38,.F.);
#3989=ADVANCED_FACE('',(#481),#39,.F.);
#3990=ADVANCED_FACE('',(#482),#109,.F.);
#3991=ADVANCED_FACE('',(#483),#40,.F.);
#3992=ADVANCED_FACE('',(#484),#41,.F.);
#3993=ADVANCED_FACE('',(#485),#110,.F.);
#3994=ADVANCED_FACE('',(#486),#42,.F.);
#3995=ADVANCED_FACE('',(#487),#43,.F.);
#3996=ADVANCED_FACE('',(#488),#44,.F.);
#3997=ADVANCED_FACE('',(#489),#45,.F.);
#3998=ADVANCED_FACE('',(#490),#46,.T.);
#3999=ADVANCED_FACE('',(#491),#3839,.F.);
#4000=ADVANCED_FACE('',(#492),#3840,.T.);
#4001=ADVANCED_FACE('',(#493),#3841,.F.);
#4002=ADVANCED_FACE('',(#494),#3842,.T.);
#4003=ADVANCED_FACE('',(#495),#3843,.F.);
#4004=ADVANCED_FACE('',(#496),#15,.T.);
#4005=ADVANCED_FACE('',(#497),#16,.T.);
#4006=ADVANCED_FACE('',(#498),#127,.F.);
#4007=ADVANCED_FACE('',(#499),#47,.T.);
#4008=ADVANCED_FACE('',(#500),#17,.T.);
#4009=ADVANCED_FACE('',(#501),#48,.T.);
#4010=ADVANCED_FACE('',(#502),#128,.F.);
#4011=ADVANCED_FACE('',(#503),#18,.T.);
#4012=ADVANCED_FACE('',(#504),#49,.T.);
#4013=ADVANCED_FACE('',(#505),#129,.F.);
#4014=ADVANCED_FACE('',(#506),#50,.T.);
#4015=ADVANCED_FACE('',(#507),#51,.T.);
#4016=ADVANCED_FACE('',(#508),#130,.F.);
#4017=ADVANCED_FACE('',(#509),#52,.T.);
#4018=ADVANCED_FACE('',(#510),#53,.T.);
#4019=ADVANCED_FACE('',(#511),#54,.F.);
#4020=ADVANCED_FACE('',(#512),#55,.F.);
#4021=ADVANCED_FACE('',(#513),#56,.T.);
#4022=ADVANCED_FACE('',(#514),#57,.F.);
#4023=ADVANCED_FACE('',(#515),#58,.F.);
#4024=ADVANCED_FACE('',(#516),#3844,.F.);
#4025=ADVANCED_FACE('',(#517),#3845,.F.);
#4026=ADVANCED_FACE('',(#518),#3846,.T.);
#4027=ADVANCED_FACE('',(#519),#3847,.F.);
#4028=ADVANCED_FACE('',(#520),#111,.F.);
#4029=ADVANCED_FACE('',(#521),#131,.F.);
#4030=ADVANCED_FACE('',(#522),#112,.F.);
#4031=ADVANCED_FACE('',(#523),#113,.F.);
#4032=ADVANCED_FACE('',(#524),#132,.F.);
#4033=ADVANCED_FACE('',(#525),#59,.T.);
#4034=ADVANCED_FACE('',(#526),#133,.F.);
#4035=ADVANCED_FACE('',(#527),#114,.F.);
#4036=ADVANCED_FACE('',(#528),#60,.F.);
#4037=ADVANCED_FACE('',(#529),#134,.F.);
#4038=ADVANCED_FACE('',(#530),#61,.T.);
#4039=ADVANCED_FACE('',(#531),#62,.T.);
#4040=ADVANCED_FACE('',(#532),#63,.F.);
#4041=ADVANCED_FACE('',(#533),#64,.F.);
#4042=ADVANCED_FACE('',(#534),#65,.T.);
#4043=ADVANCED_FACE('',(#535),#66,.F.);
#4044=ADVANCED_FACE('',(#536),#67,.F.);
#4045=ADVANCED_FACE('',(#537),#68,.F.);
#4046=ADVANCED_FACE('',(#538),#69,.F.);
#4047=ADVANCED_FACE('',(#539),#70,.F.);
#4048=ADVANCED_FACE('',(#540),#3848,.T.);
#4049=ADVANCED_FACE('',(#541),#3849,.F.);
#4050=ADVANCED_FACE('',(#542),#3850,.F.);
#4051=ADVANCED_FACE('',(#543),#3851,.T.);
#4052=ADVANCED_FACE('',(#544),#3852,.F.);
#4053=ADVANCED_FACE('',(#545),#135,.F.);
#4054=ADVANCED_FACE('',(#546),#136,.F.);
#4055=ADVANCED_FACE('',(#547),#71,.T.);
#4056=ADVANCED_FACE('',(#548),#137,.F.);
#4057=ADVANCED_FACE('',(#549),#115,.F.);
#4058=ADVANCED_FACE('',(#550),#138,.F.);
#4059=ADVANCED_FACE('',(#551),#72,.T.);
#4060=ADVANCED_FACE('',(#552),#116,.F.);
#4061=ADVANCED_FACE('',(#553),#73,.F.);
#4062=ADVANCED_FACE('',(#554),#74,.F.);
#4063=ADVANCED_FACE('',(#555),#117,.F.);
#4064=ADVANCED_FACE('',(#556),#118,.F.);
#4065=ADVANCED_FACE('',(#557),#75,.F.);
#4066=ADVANCED_FACE('',(#558),#76,.F.);
#4067=ADVANCED_FACE('',(#559),#77,.F.);
#4068=ADVANCED_FACE('',(#560),#78,.F.);
#4069=ADVANCED_FACE('',(#561),#79,.F.);
#4070=ADVANCED_FACE('',(#562),#80,.T.);
#4071=ADVANCED_FACE('',(#563),#81,.F.);
#4072=ADVANCED_FACE('',(#564),#82,.T.);
#4073=ADVANCED_FACE('',(#565),#3853,.T.);
#4074=ADVANCED_FACE('',(#566),#3854,.T.);
#4075=ADVANCED_FACE('',(#567),#3855,.F.);
#4076=ADVANCED_FACE('',(#568),#3856,.F.);
#4077=ADVANCED_FACE('',(#569),#3857,.F.);
#4078=ADVANCED_FACE('',(#570),#19,.T.);
#4079=ADVANCED_FACE('',(#571),#20,.T.);
#4080=ADVANCED_FACE('',(#572),#139,.F.);
#4081=ADVANCED_FACE('',(#573),#83,.T.);
#4082=ADVANCED_FACE('',(#574),#21,.T.);
#4083=ADVANCED_FACE('',(#575),#84,.T.);
#4084=ADVANCED_FACE('',(#576),#140,.F.);
#4085=ADVANCED_FACE('',(#577),#22,.T.);
#4086=ADVANCED_FACE('',(#578),#85,.T.);
#4087=ADVANCED_FACE('',(#579),#141,.F.);
#4088=ADVANCED_FACE('',(#580),#86,.T.);
#4089=ADVANCED_FACE('',(#581),#87,.T.);
#4090=ADVANCED_FACE('',(#582),#142,.F.);
#4091=ADVANCED_FACE('',(#583),#88,.T.);
#4092=ADVANCED_FACE('',(#584),#89,.T.);
#4093=ADVANCED_FACE('',(#585),#90,.F.);
#4094=ADVANCED_FACE('',(#586),#91,.F.);
#4095=ADVANCED_FACE('',(#587),#92,.T.);
#4096=ADVANCED_FACE('',(#588),#93,.F.);
#4097=ADVANCED_FACE('',(#589),#94,.F.);
#4098=ADVANCED_FACE('',(#590),#3858,.F.);
#4099=ADVANCED_FACE('',(#591),#3859,.F.);
#4100=ADVANCED_FACE('',(#592),#3860,.T.);
#4101=ADVANCED_FACE('',(#593),#3861,.F.);
#4102=ADVANCED_FACE('',(#594),#3862,.T.);
#4103=ADVANCED_FACE('',(#595),#3863,.T.);
#4104=ADVANCED_FACE('',(#596),#3864,.T.);
#4105=ADVANCED_FACE('',(#597),#3865,.T.);
#4106=ADVANCED_FACE('',(#598),#3866,.T.);
#4107=ADVANCED_FACE('',(#599),#3867,.T.);
#4108=ADVANCED_FACE('',(#600),#3868,.T.);
#4109=ADVANCED_FACE('',(#601),#3869,.T.);
#4110=ADVANCED_FACE('',(#602),#95,.T.);
#4111=ADVANCED_FACE('',(#603),#3870,.T.);
#4112=ADVANCED_FACE('',(#604),#96,.T.);
#4113=ADVANCED_FACE('',(#605),#97,.T.);
#4114=ADVANCED_FACE('',(#606),#3871,.T.);
#4115=ADVANCED_FACE('',(#607),#98,.T.);
#4116=ADVANCED_FACE('',(#608),#99,.T.);
#4117=ADVANCED_FACE('',(#609),#3872,.T.);
#4118=ADVANCED_FACE('',(#610),#100,.T.);
#4119=ADVANCED_FACE('',(#611),#101,.T.);
#4120=ADVANCED_FACE('',(#612),#3873,.T.);
#4121=ADVANCED_FACE('',(#613),#102,.T.);
#4122=ADVANCED_FACE('',(#614),#3874,.T.);
#4123=ADVANCED_FACE('',(#615),#3875,.F.);
#4124=ADVANCED_FACE('',(#616),#3876,.F.);
#4125=CLOSED_SHELL('',(#3877,#3878,#3879,#3880,#3881,#3882,#3883,#3884,
#3885,#3886,#3887,#3888,#3889,#3890,#3891,#3892,#3893,#3894,#3895,#3896,
#3897,#3898,#3899,#3900,#3901,#3902,#3903,#3904,#3905,#3906,#3907,#3908,
#3909,#3910,#3911,#3912,#3913,#3914,#3915,#3916,#3917,#3918,#3919,#3920,
#3921,#3922,#3923,#3924,#3925,#3926,#3927,#3928,#3929,#3930,#3931,#3932,
#3933,#3934,#3935,#3936,#3937,#3938,#3939,#3940,#3941,#3942,#3943,#3944,
#3945,#3946,#3947,#3948,#3949,#3950,#3951,#3952,#3953,#3954,#3955,#3956,
#3957,#3958,#3959,#3960,#3961,#3962,#3963,#3964,#3965,#3966,#3967,#3968,
#3969,#3970,#3971,#3972,#3973,#3974,#3975,#3976,#3977,#3978,#3979,#3980,
#3981,#3982,#3983,#3984,#3985,#3986,#3987,#3988,#3989,#3990,#3991,#3992,
#3993,#3994,#3995,#3996,#3997,#3998,#3999,#4000,#4001,#4002,#4003,#4004,
#4005,#4006,#4007,#4008,#4009,#4010,#4011,#4012,#4013,#4014,#4015,#4016,
#4017,#4018,#4019,#4020,#4021,#4022,#4023,#4024,#4025,#4026,#4027,#4028,
#4029,#4030,#4031,#4032,#4033,#4034,#4035,#4036,#4037,#4038,#4039,#4040,
#4041,#4042,#4043,#4044,#4045,#4046,#4047,#4048,#4049,#4050,#4051,#4052,
#4053,#4054,#4055,#4056,#4057,#4058,#4059,#4060,#4061,#4062,#4063,#4064,
#4065,#4066,#4067,#4068,#4069,#4070,#4071,#4072,#4073,#4074,#4075,#4076,
#4077,#4078,#4079,#4080,#4081,#4082,#4083,#4084,#4085,#4086,#4087,#4088,
#4089,#4090,#4091,#4092,#4093,#4094,#4095,#4096,#4097,#4098,#4099,#4100,
#4101,#4102,#4103,#4104,#4105,#4106,#4107,#4108,#4109,#4110,#4111,#4112,
#4113,#4114,#4115,#4116,#4117,#4118,#4119,#4120,#4121,#4122,#4123,#4124));
#4126=DERIVED_UNIT_ELEMENT(#4128,1.);
#4127=DERIVED_UNIT_ELEMENT(#7636,-3.);
#4128=(
MASS_UNIT()
NAMED_UNIT(*)
SI_UNIT(.KILO.,.GRAM.)
);
#4129=DERIVED_UNIT((#4126,#4127));
#4130=MEASURE_REPRESENTATION_ITEM('density measure',
POSITIVE_RATIO_MEASURE(7850.),#4129);
#4131=PROPERTY_DEFINITION_REPRESENTATION(#4136,#4133);
#4132=PROPERTY_DEFINITION_REPRESENTATION(#4137,#4134);
#4133=REPRESENTATION('material name',(#4135),#7633);
#4134=REPRESENTATION('density',(#4130),#7633);
#4135=DESCRIPTIVE_REPRESENTATION_ITEM('Steel','Steel');
#4136=PROPERTY_DEFINITION('material property','material name',#7643);
#4137=PROPERTY_DEFINITION('material property','density of part',#7643);
#4138=AXIS2_PLACEMENT_3D('placement',#5820,#4571,#4572);
#4139=AXIS2_PLACEMENT_3D('',#5821,#4573,#4574);
#4140=AXIS2_PLACEMENT_3D('',#5830,#4579,#4580);
#4141=AXIS2_PLACEMENT_3D('',#5844,#4588,#4589);
#4142=AXIS2_PLACEMENT_3D('',#5853,#4594,#4595);
#4143=AXIS2_PLACEMENT_3D('',#5867,#4603,#4604);
#4144=AXIS2_PLACEMENT_3D('',#5876,#4609,#4610);
#4145=AXIS2_PLACEMENT_3D('',#5879,#4613,#4614);
#4146=AXIS2_PLACEMENT_3D('',#5888,#4619,#4620);
#4147=AXIS2_PLACEMENT_3D('',#5891,#4623,#4624);
#4148=AXIS2_PLACEMENT_3D('',#5900,#4629,#4630);
#4149=AXIS2_PLACEMENT_3D('',#5903,#4633,#4634);
#4150=AXIS2_PLACEMENT_3D('',#5918,#4643,#4644);
#4151=AXIS2_PLACEMENT_3D('',#5924,#4648,#4649);
#4152=AXIS2_PLACEMENT_3D('',#5953,#4664,#4665);
#4153=AXIS2_PLACEMENT_3D('',#5957,#4667,#4668);
#4154=AXIS2_PLACEMENT_3D('',#5961,#4670,#4671);
#4155=AXIS2_PLACEMENT_3D('',#5965,#4673,#4674);
#4156=AXIS2_PLACEMENT_3D('',#5969,#4676,#4677);
#4157=AXIS2_PLACEMENT_3D('',#5973,#4679,#4680);
#4158=AXIS2_PLACEMENT_3D('',#5977,#4682,#4683);
#4159=AXIS2_PLACEMENT_3D('',#5981,#4685,#4686);
#4160=AXIS2_PLACEMENT_3D('',#5985,#4688,#4689);
#4161=AXIS2_PLACEMENT_3D('',#5989,#4691,#4692);
#4162=AXIS2_PLACEMENT_3D('',#5993,#4694,#4695);
#4163=AXIS2_PLACEMENT_3D('',#5997,#4697,#4698);
#4164=AXIS2_PLACEMENT_3D('',#5999,#4700,#4701);
#4165=AXIS2_PLACEMENT_3D('',#6005,#4705,#4706);
#4166=AXIS2_PLACEMENT_3D('',#6007,#4708,#4709);
#4167=AXIS2_PLACEMENT_3D('',#6010,#4712,#4713);
#4168=AXIS2_PLACEMENT_3D('',#6011,#4714,#4715);
#4169=AXIS2_PLACEMENT_3D('',#6012,#4716,#4717);
#4170=AXIS2_PLACEMENT_3D('',#6018,#4721,#4722);
#4171=AXIS2_PLACEMENT_3D('',#6022,#4724,#4725);
#4172=AXIS2_PLACEMENT_3D('',#6025,#4727,#4728);
#4173=AXIS2_PLACEMENT_3D('',#6026,#4729,#4730);
#4174=AXIS2_PLACEMENT_3D('',#6032,#4734,#4735);
#4175=AXIS2_PLACEMENT_3D('',#6036,#4737,#4738);
#4176=AXIS2_PLACEMENT_3D('',#6039,#4740,#4741);
#4177=AXIS2_PLACEMENT_3D('',#6040,#4742,#4743);
#4178=AXIS2_PLACEMENT_3D('',#6044,#4746,#4747);
#4179=AXIS2_PLACEMENT_3D('',#6048,#4750,#4751);
#4180=AXIS2_PLACEMENT_3D('',#6052,#4754,#4755);
#4181=AXIS2_PLACEMENT_3D('',#6063,#4761,#4762);
#4182=AXIS2_PLACEMENT_3D('',#6067,#4764,#4765);
#4183=AXIS2_PLACEMENT_3D('',#6068,#4766,#4767);
#4184=AXIS2_PLACEMENT_3D('',#6069,#4768,#4769);
#4185=AXIS2_PLACEMENT_3D('',#6075,#4773,#4774);
#4186=AXIS2_PLACEMENT_3D('',#6079,#4776,#4777);
#4187=AXIS2_PLACEMENT_3D('',#6080,#4778,#4779);
#4188=AXIS2_PLACEMENT_3D('',#6081,#4780,#4781);
#4189=AXIS2_PLACEMENT_3D('',#6087,#4785,#4786);
#4190=AXIS2_PLACEMENT_3D('',#6091,#4788,#4789);
#4191=AXIS2_PLACEMENT_3D('',#6092,#4790,#4791);
#4192=AXIS2_PLACEMENT_3D('',#6093,#4792,#4793);
#4193=AXIS2_PLACEMENT_3D('',#6099,#4797,#4798);
#4194=AXIS2_PLACEMENT_3D('',#6103,#4800,#4801);
#4195=AXIS2_PLACEMENT_3D('',#6104,#4802,#4803);
#4196=AXIS2_PLACEMENT_3D('',#6105,#4804,#4805);
#4197=AXIS2_PLACEMENT_3D('',#6113,#4810,#4811);
#4198=AXIS2_PLACEMENT_3D('',#6129,#4820,#4821);
#4199=AXIS2_PLACEMENT_3D('',#6134,#4825,#4826);
#4200=AXIS2_PLACEMENT_3D('',#6148,#4834,#4835);
#4201=AXIS2_PLACEMENT_3D('',#6156,#4840,#4841);
#4202=AXIS2_PLACEMENT_3D('',#6160,#4843,#4844);
#4203=AXIS2_PLACEMENT_3D('',#6161,#4845,#4846);
#4204=AXIS2_PLACEMENT_3D('',#6162,#4847,#4848);
#4205=AXIS2_PLACEMENT_3D('',#6168,#4852,#4853);
#4206=AXIS2_PLACEMENT_3D('',#6172,#4855,#4856);
#4207=AXIS2_PLACEMENT_3D('',#6173,#4857,#4858);
#4208=AXIS2_PLACEMENT_3D('',#6174,#4859,#4860);
#4209=AXIS2_PLACEMENT_3D('',#6180,#4864,#4865);
#4210=AXIS2_PLACEMENT_3D('',#6184,#4867,#4868);
#4211=AXIS2_PLACEMENT_3D('',#6185,#4869,#4870);
#4212=AXIS2_PLACEMENT_3D('',#6186,#4871,#4872);
#4213=AXIS2_PLACEMENT_3D('',#6192,#4876,#4877);
#4214=AXIS2_PLACEMENT_3D('',#6196,#4879,#4880);
#4215=AXIS2_PLACEMENT_3D('',#6197,#4881,#4882);
#4216=AXIS2_PLACEMENT_3D('',#6198,#4883,#4884);
#4217=AXIS2_PLACEMENT_3D('',#6203,#4888,#4889);
#4218=AXIS2_PLACEMENT_3D('',#6206,#4892,#4893);
#4219=AXIS2_PLACEMENT_3D('',#6207,#4894,#4895);
#4220=AXIS2_PLACEMENT_3D('',#6215,#4899,#4900);
#4221=AXIS2_PLACEMENT_3D('',#6219,#4902,#4903);
#4222=AXIS2_PLACEMENT_3D('',#6223,#4905,#4906);
#4223=AXIS2_PLACEMENT_3D('',#6227,#4908,#4909);
#4224=AXIS2_PLACEMENT_3D('',#6229,#4911,#4912);
#4225=AXIS2_PLACEMENT_3D('',#6230,#4913,#4914);
#4226=AXIS2_PLACEMENT_3D('',#6234,#4917,#4918);
#4227=AXIS2_PLACEMENT_3D('',#6240,#4922,#4923);
#4228=AXIS2_PLACEMENT_3D('',#6248,#4928,#4929);
#4229=AXIS2_PLACEMENT_3D('',#6250,#4931,#4932);
#4230=AXIS2_PLACEMENT_3D('',#6256,#4936,#4937);
#4231=AXIS2_PLACEMENT_3D('',#6262,#4941,#4942);
#4232=AXIS2_PLACEMENT_3D('',#6268,#4946,#4947);
#4233=AXIS2_PLACEMENT_3D('',#6275,#4952,#4953);
#4234=AXIS2_PLACEMENT_3D('',#6279,#4956,#4957);
#4235=AXIS2_PLACEMENT_3D('',#6284,#4961,#4962);
#4236=AXIS2_PLACEMENT_3D('',#6293,#4968,#4969);
#4237=AXIS2_PLACEMENT_3D('',#6303,#4975,#4976);
#4238=AXIS2_PLACEMENT_3D('',#6307,#4979,#4980);
#4239=AXIS2_PLACEMENT_3D('',#6308,#4981,#4982);
#4240=AXIS2_PLACEMENT_3D('',#6310,#4984,#4985);
#4241=AXIS2_PLACEMENT_3D('',#6314,#4988,#4989);
#4242=AXIS2_PLACEMENT_3D('',#6316,#4991,#4992);
#4243=AXIS2_PLACEMENT_3D('',#6320,#4995,#4996);
#4244=AXIS2_PLACEMENT_3D('',#6322,#4998,#4999);
#4245=AXIS2_PLACEMENT_3D('',#6326,#5002,#5003);
#4246=AXIS2_PLACEMENT_3D('',#6331,#5006,#5007);
#4247=AXIS2_PLACEMENT_3D('',#6335,#5009,#5010);
#4248=AXIS2_PLACEMENT_3D('',#6339,#5012,#5013);
#4249=AXIS2_PLACEMENT_3D('',#6343,#5015,#5016);
#4250=AXIS2_PLACEMENT_3D('',#6345,#5018,#5019);
#4251=AXIS2_PLACEMENT_3D('',#6350,#5023,#5024);
#4252=AXIS2_PLACEMENT_3D('',#6354,#5026,#5027);
#4253=AXIS2_PLACEMENT_3D('',#6358,#5029,#5030);
#4254=AXIS2_PLACEMENT_3D('',#6362,#5033,#5034);
#4255=AXIS2_PLACEMENT_3D('',#6366,#5037,#5038);
#4256=AXIS2_PLACEMENT_3D('',#6372,#5041,#5042);
#4257=AXIS2_PLACEMENT_3D('',#6375,#5044,#5045);
#4258=AXIS2_PLACEMENT_3D('',#6376,#5046,#5047);
#4259=AXIS2_PLACEMENT_3D('',#6380,#5049,#5050);
#4260=AXIS2_PLACEMENT_3D('',#6384,#5052,#5053);
#4261=AXIS2_PLACEMENT_3D('',#6388,#5055,#5056);
#4262=AXIS2_PLACEMENT_3D('',#6392,#5058,#5059);
#4263=AXIS2_PLACEMENT_3D('',#6396,#5061,#5062);
#4264=AXIS2_PLACEMENT_3D('',#6400,#5064,#5065);
#4265=AXIS2_PLACEMENT_3D('',#6404,#5067,#5068);
#4266=AXIS2_PLACEMENT_3D('',#6408,#5070,#5071);
#4267=AXIS2_PLACEMENT_3D('',#6412,#5073,#5074);
#4268=AXIS2_PLACEMENT_3D('',#6416,#5076,#5077);
#4269=AXIS2_PLACEMENT_3D('',#6420,#5079,#5080);
#4270=AXIS2_PLACEMENT_3D('',#6424,#5082,#5083);
#4271=AXIS2_PLACEMENT_3D('',#6426,#5085,#5086);
#4272=AXIS2_PLACEMENT_3D('',#6454,#5087,#5088);
#4273=AXIS2_PLACEMENT_3D('',#6455,#5089,#5090);
#4274=AXIS2_PLACEMENT_3D('',#6456,#5091,#5092);
#4275=AXIS2_PLACEMENT_3D('',#6457,#5093,#5094);
#4276=AXIS2_PLACEMENT_3D('',#6460,#5095,#5096);
#4277=AXIS2_PLACEMENT_3D('',#6462,#5097,#5098);
#4278=AXIS2_PLACEMENT_3D('',#6463,#5099,#5100);
#4279=AXIS2_PLACEMENT_3D('',#6491,#5101,#5102);
#4280=AXIS2_PLACEMENT_3D('',#6492,#5103,#5104);
#4281=AXIS2_PLACEMENT_3D('',#6493,#5105,#5106);
#4282=AXIS2_PLACEMENT_3D('',#6520,#5107,#5108);
#4283=AXIS2_PLACEMENT_3D('',#6522,#5109,#5110);
#4284=AXIS2_PLACEMENT_3D('',#6523,#5111,#5112);
#4285=AXIS2_PLACEMENT_3D('',#6524,#5113,#5114);
#4286=AXIS2_PLACEMENT_3D('',#6527,#5115,#5116);
#4287=AXIS2_PLACEMENT_3D('',#6529,#5117,#5118);
#4288=AXIS2_PLACEMENT_3D('',#6530,#5119,#5120);
#4289=AXIS2_PLACEMENT_3D('',#6531,#5121,#5122);
#4290=AXIS2_PLACEMENT_3D('',#6534,#5123,#5124);
#4291=AXIS2_PLACEMENT_3D('',#6536,#5125,#5126);
#4292=AXIS2_PLACEMENT_3D('',#6537,#5127,#5128);
#4293=AXIS2_PLACEMENT_3D('',#6538,#5129,#5130);
#4294=AXIS2_PLACEMENT_3D('',#6541,#5133,#5134);
#4295=AXIS2_PLACEMENT_3D('',#6571,#5137,#5138);
#4296=AXIS2_PLACEMENT_3D('',#6572,#5139,#5140);
#4297=AXIS2_PLACEMENT_3D('',#6573,#5141,#5142);
#4298=AXIS2_PLACEMENT_3D('',#6574,#5143,#5144);
#4299=AXIS2_PLACEMENT_3D('',#6576,#5146,#5147);
#4300=AXIS2_PLACEMENT_3D('',#6578,#5149,#5150);
#4301=AXIS2_PLACEMENT_3D('',#6581,#5151,#5152);
#4302=AXIS2_PLACEMENT_3D('',#6583,#5153,#5154);
#4303=AXIS2_PLACEMENT_3D('',#6584,#5155,#5156);
#4304=AXIS2_PLACEMENT_3D('',#6585,#5157,#5158);
#4305=AXIS2_PLACEMENT_3D('',#6588,#5161,#5162);
#4306=AXIS2_PLACEMENT_3D('',#6591,#5165,#5166);
#4307=AXIS2_PLACEMENT_3D('',#6594,#5169,#5170);
#4308=AXIS2_PLACEMENT_3D('',#6597,#5173,#5174);
#4309=AXIS2_PLACEMENT_3D('',#6600,#5177,#5178);
#4310=AXIS2_PLACEMENT_3D('',#6602,#5180,#5181);
#4311=AXIS2_PLACEMENT_3D('',#6604,#5183,#5184);
#4312=AXIS2_PLACEMENT_3D('',#6607,#5187,#5188);
#4313=AXIS2_PLACEMENT_3D('',#6608,#5189,#5190);
#4314=AXIS2_PLACEMENT_3D('',#6609,#5191,#5192);
#4315=AXIS2_PLACEMENT_3D('',#6610,#5193,#5194);
#4316=AXIS2_PLACEMENT_3D('',#6611,#5195,#5196);
#4317=AXIS2_PLACEMENT_3D('',#6638,#5197,#5198);
#4318=AXIS2_PLACEMENT_3D('',#6640,#5199,#5200);
#4319=AXIS2_PLACEMENT_3D('',#6641,#5201,#5202);
#4320=AXIS2_PLACEMENT_3D('',#6669,#5203,#5204);
#4321=AXIS2_PLACEMENT_3D('',#6670,#5205,#5206);
#4322=AXIS2_PLACEMENT_3D('',#6671,#5207,#5208);
#4323=AXIS2_PLACEMENT_3D('',#6672,#5209,#5210);
#4324=AXIS2_PLACEMENT_3D('',#6701,#5212,#5213);
#4325=AXIS2_PLACEMENT_3D('',#6702,#5214,#5215);
#4326=AXIS2_PLACEMENT_3D('',#6703,#5216,#5217);
#4327=AXIS2_PLACEMENT_3D('',#6704,#5218,#5219);
#4328=AXIS2_PLACEMENT_3D('',#6707,#5220,#5221);
#4329=AXIS2_PLACEMENT_3D('',#6709,#5222,#5223);
#4330=AXIS2_PLACEMENT_3D('',#6710,#5224,#5225);
#4331=AXIS2_PLACEMENT_3D('',#6738,#5226,#5227);
#4332=AXIS2_PLACEMENT_3D('',#6739,#5228,#5229);
#4333=AXIS2_PLACEMENT_3D('',#6740,#5230,#5231);
#4334=AXIS2_PLACEMENT_3D('',#6741,#5232,#5233);
#4335=AXIS2_PLACEMENT_3D('',#6743,#5235,#5236);
#4336=AXIS2_PLACEMENT_3D('',#6745,#5238,#5239);
#4337=AXIS2_PLACEMENT_3D('',#6748,#5240,#5241);
#4338=AXIS2_PLACEMENT_3D('',#6750,#5242,#5243);
#4339=AXIS2_PLACEMENT_3D('',#6751,#5244,#5245);
#4340=AXIS2_PLACEMENT_3D('',#6752,#5246,#5247);
#4341=AXIS2_PLACEMENT_3D('',#6755,#5250,#5251);
#4342=AXIS2_PLACEMENT_3D('',#6758,#5254,#5255);
#4343=AXIS2_PLACEMENT_3D('',#6761,#5256,#5257);
#4344=AXIS2_PLACEMENT_3D('',#6763,#5258,#5259);
#4345=AXIS2_PLACEMENT_3D('',#6764,#5260,#5261);
#4346=AXIS2_PLACEMENT_3D('',#6765,#5262,#5263);
#4347=AXIS2_PLACEMENT_3D('',#6768,#5266,#5267);
#4348=AXIS2_PLACEMENT_3D('',#6771,#5270,#5271);
#4349=AXIS2_PLACEMENT_3D('',#6774,#5272,#5273);
#4350=AXIS2_PLACEMENT_3D('',#6776,#5274,#5275);
#4351=AXIS2_PLACEMENT_3D('',#6777,#5276,#5277);
#4352=AXIS2_PLACEMENT_3D('',#6778,#5278,#5279);
#4353=AXIS2_PLACEMENT_3D('',#6781,#5282,#5283);
#4354=AXIS2_PLACEMENT_3D('',#6784,#5286,#5287);
#4355=AXIS2_PLACEMENT_3D('',#6787,#5290,#5291);
#4356=AXIS2_PLACEMENT_3D('',#6790,#5294,#5295);
#4357=AXIS2_PLACEMENT_3D('',#6792,#5297,#5298);
#4358=AXIS2_PLACEMENT_3D('',#6793,#5299,#5300);
#4359=AXIS2_PLACEMENT_3D('',#6794,#5301,#5302);
#4360=AXIS2_PLACEMENT_3D('',#6795,#5303,#5304);
#4361=AXIS2_PLACEMENT_3D('',#6796,#5305,#5306);
#4362=AXIS2_PLACEMENT_3D('',#6797,#5307,#5308);
#4363=AXIS2_PLACEMENT_3D('',#6800,#5309,#5310);
#4364=AXIS2_PLACEMENT_3D('',#6801,#5311,#5312);
#4365=AXIS2_PLACEMENT_3D('',#6802,#5313,#5314);
#4366=AXIS2_PLACEMENT_3D('',#6803,#5315,#5316);
#4367=AXIS2_PLACEMENT_3D('',#6805,#5317,#5318);
#4368=AXIS2_PLACEMENT_3D('',#6807,#5319,#5320);
#4369=AXIS2_PLACEMENT_3D('',#6808,#5321,#5322);
#4370=AXIS2_PLACEMENT_3D('',#6847,#5323,#5324);
#4371=AXIS2_PLACEMENT_3D('',#6848,#5325,#5326);
#4372=AXIS2_PLACEMENT_3D('',#6849,#5327,#5328);
#4373=AXIS2_PLACEMENT_3D('',#6850,#5329,#5330);
#4374=AXIS2_PLACEMENT_3D('',#6852,#5332,#5333);
#4375=AXIS2_PLACEMENT_3D('',#6854,#5334,#5335);
#4376=AXIS2_PLACEMENT_3D('',#6856,#5336,#5337);
#4377=AXIS2_PLACEMENT_3D('',#6857,#5338,#5339);
#4378=AXIS2_PLACEMENT_3D('',#6858,#5340,#5341);
#4379=AXIS2_PLACEMENT_3D('',#6887,#5343,#5344);
#4380=AXIS2_PLACEMENT_3D('',#6888,#5345,#5346);
#4381=AXIS2_PLACEMENT_3D('',#6889,#5347,#5348);
#4382=AXIS2_PLACEMENT_3D('',#6890,#5349,#5350);
#4383=AXIS2_PLACEMENT_3D('',#6893,#5351,#5352);
#4384=AXIS2_PLACEMENT_3D('',#6894,#5353,#5354);
#4385=AXIS2_PLACEMENT_3D('',#6895,#5355,#5356);
#4386=AXIS2_PLACEMENT_3D('',#6896,#5357,#5358);
#4387=AXIS2_PLACEMENT_3D('',#6936,#5360,#5361);
#4388=AXIS2_PLACEMENT_3D('',#6937,#5362,#5363);
#4389=AXIS2_PLACEMENT_3D('',#6938,#5364,#5365);
#4390=AXIS2_PLACEMENT_3D('',#6939,#5366,#5367);
#4391=AXIS2_PLACEMENT_3D('',#6941,#5369,#5370);
#4392=AXIS2_PLACEMENT_3D('',#6970,#5372,#5373);
#4393=AXIS2_PLACEMENT_3D('',#6971,#5374,#5375);
#4394=AXIS2_PLACEMENT_3D('',#6972,#5376,#5377);
#4395=AXIS2_PLACEMENT_3D('',#6973,#5378,#5379);
#4396=AXIS2_PLACEMENT_3D('',#6975,#5381,#5382);
#4397=AXIS2_PLACEMENT_3D('',#6977,#5384,#5385);
#4398=AXIS2_PLACEMENT_3D('',#6980,#5388,#5389);
#4399=AXIS2_PLACEMENT_3D('',#6983,#5392,#5393);
#4400=AXIS2_PLACEMENT_3D('',#6985,#5395,#5396);
#4401=AXIS2_PLACEMENT_3D('',#6988,#5399,#5400);
#4402=AXIS2_PLACEMENT_3D('',#6991,#5403,#5404);
#4403=AXIS2_PLACEMENT_3D('',#6992,#5405,#5406);
#4404=AXIS2_PLACEMENT_3D('',#6993,#5407,#5408);
#4405=AXIS2_PLACEMENT_3D('',#6994,#5409,#5410);
#4406=AXIS2_PLACEMENT_3D('',#6995,#5411,#5412);
#4407=AXIS2_PLACEMENT_3D('',#6998,#5413,#5414);
#4408=AXIS2_PLACEMENT_3D('',#7000,#5415,#5416);
#4409=AXIS2_PLACEMENT_3D('',#7001,#5417,#5418);
#4410=AXIS2_PLACEMENT_3D('',#7028,#5419,#5420);
#4411=AXIS2_PLACEMENT_3D('',#7030,#5421,#5422);
#4412=AXIS2_PLACEMENT_3D('',#7031,#5423,#5424);
#4413=AXIS2_PLACEMENT_3D('',#7032,#5425,#5426);
#4414=AXIS2_PLACEMENT_3D('',#7035,#5427,#5428);
#4415=AXIS2_PLACEMENT_3D('',#7037,#5429,#5430);
#4416=AXIS2_PLACEMENT_3D('',#7038,#5431,#5432);
#4417=AXIS2_PLACEMENT_3D('',#7039,#5433,#5434);
#4418=AXIS2_PLACEMENT_3D('',#7042,#5435,#5436);
#4419=AXIS2_PLACEMENT_3D('',#7044,#5437,#5438);
#4420=AXIS2_PLACEMENT_3D('',#7045,#5439,#5440);
#4421=AXIS2_PLACEMENT_3D('',#7073,#5441,#5442);
#4422=AXIS2_PLACEMENT_3D('',#7074,#5443,#5444);
#4423=AXIS2_PLACEMENT_3D('',#7075,#5445,#5446);
#4424=AXIS2_PLACEMENT_3D('',#7076,#5447,#5448);
#4425=AXIS2_PLACEMENT_3D('',#7105,#5450,#5451);
#4426=AXIS2_PLACEMENT_3D('',#7106,#5452,#5453);
#4427=AXIS2_PLACEMENT_3D('',#7107,#5454,#5455);
#4428=AXIS2_PLACEMENT_3D('',#7108,#5456,#5457);
#4429=AXIS2_PLACEMENT_3D('',#7111,#5458,#5459);
#4430=AXIS2_PLACEMENT_3D('',#7113,#5460,#5461);
#4431=AXIS2_PLACEMENT_3D('',#7114,#5462,#5463);
#4432=AXIS2_PLACEMENT_3D('',#7115,#5464,#5465);
#4433=AXIS2_PLACEMENT_3D('',#7145,#5468,#5469);
#4434=AXIS2_PLACEMENT_3D('',#7146,#5470,#5471);
#4435=AXIS2_PLACEMENT_3D('',#7147,#5472,#5473);
#4436=AXIS2_PLACEMENT_3D('',#7148,#5474,#5475);
#4437=AXIS2_PLACEMENT_3D('',#7150,#5477,#5478);
#4438=AXIS2_PLACEMENT_3D('',#7152,#5480,#5481);
#4439=AXIS2_PLACEMENT_3D('',#7155,#5484,#5485);
#4440=AXIS2_PLACEMENT_3D('',#7158,#5488,#5489);
#4441=AXIS2_PLACEMENT_3D('',#7160,#5491,#5492);
#4442=AXIS2_PLACEMENT_3D('',#7163,#5495,#5496);
#4443=AXIS2_PLACEMENT_3D('',#7166,#5499,#5500);
#4444=AXIS2_PLACEMENT_3D('',#7169,#5503,#5504);
#4445=AXIS2_PLACEMENT_3D('',#7172,#5507,#5508);
#4446=AXIS2_PLACEMENT_3D('',#7175,#5511,#5512);
#4447=AXIS2_PLACEMENT_3D('',#7176,#5513,#5514);
#4448=AXIS2_PLACEMENT_3D('',#7177,#5515,#5516);
#4449=AXIS2_PLACEMENT_3D('',#7178,#5517,#5518);
#4450=AXIS2_PLACEMENT_3D('',#7179,#5519,#5520);
#4451=AXIS2_PLACEMENT_3D('',#7207,#5521,#5522);
#4452=AXIS2_PLACEMENT_3D('',#7208,#5523,#5524);
#4453=AXIS2_PLACEMENT_3D('',#7209,#5525,#5526);
#4454=AXIS2_PLACEMENT_3D('',#7237,#5527,#5528);
#4455=AXIS2_PLACEMENT_3D('',#7238,#5529,#5530);
#4456=AXIS2_PLACEMENT_3D('',#7239,#5531,#5532);
#4457=AXIS2_PLACEMENT_3D('',#7240,#5533,#5534);
#4458=AXIS2_PLACEMENT_3D('',#7269,#5536,#5537);
#4459=AXIS2_PLACEMENT_3D('',#7270,#5538,#5539);
#4460=AXIS2_PLACEMENT_3D('',#7271,#5540,#5541);
#4461=AXIS2_PLACEMENT_3D('',#7272,#5542,#5543);
#4462=AXIS2_PLACEMENT_3D('',#7275,#5544,#5545);
#4463=AXIS2_PLACEMENT_3D('',#7277,#5546,#5547);
#4464=AXIS2_PLACEMENT_3D('',#7278,#5548,#5549);
#4465=AXIS2_PLACEMENT_3D('',#7305,#5550,#5551);
#4466=AXIS2_PLACEMENT_3D('',#7307,#5552,#5553);
#4467=AXIS2_PLACEMENT_3D('',#7308,#5554,#5555);
#4468=AXIS2_PLACEMENT_3D('',#7309,#5556,#5557);
#4469=AXIS2_PLACEMENT_3D('',#7311,#5559,#5560);
#4470=AXIS2_PLACEMENT_3D('',#7314,#5561,#5562);
#4471=AXIS2_PLACEMENT_3D('',#7316,#5563,#5564);
#4472=AXIS2_PLACEMENT_3D('',#7317,#5565,#5566);
#4473=AXIS2_PLACEMENT_3D('',#7318,#5567,#5568);
#4474=AXIS2_PLACEMENT_3D('',#7321,#5571,#5572);
#4475=AXIS2_PLACEMENT_3D('',#7324,#5575,#5576);
#4476=AXIS2_PLACEMENT_3D('',#7327,#5577,#5578);
#4477=AXIS2_PLACEMENT_3D('',#7329,#5579,#5580);
#4478=AXIS2_PLACEMENT_3D('',#7330,#5581,#5582);
#4479=AXIS2_PLACEMENT_3D('',#7331,#5583,#5584);
#4480=AXIS2_PLACEMENT_3D('',#7334,#5585,#5586);
#4481=AXIS2_PLACEMENT_3D('',#7336,#5587,#5588);
#4482=AXIS2_PLACEMENT_3D('',#7337,#5589,#5590);
#4483=AXIS2_PLACEMENT_3D('',#7338,#5591,#5592);
#4484=AXIS2_PLACEMENT_3D('',#7341,#5595,#5596);
#4485=AXIS2_PLACEMENT_3D('',#7344,#5599,#5600);
#4486=AXIS2_PLACEMENT_3D('',#7347,#5603,#5604);
#4487=AXIS2_PLACEMENT_3D('',#7350,#5607,#5608);
#4488=AXIS2_PLACEMENT_3D('',#7353,#5611,#5612);
#4489=AXIS2_PLACEMENT_3D('',#7355,#5614,#5615);
#4490=AXIS2_PLACEMENT_3D('',#7358,#5618,#5619);
#4491=AXIS2_PLACEMENT_3D('',#7360,#5621,#5622);
#4492=AXIS2_PLACEMENT_3D('',#7361,#5623,#5624);
#4493=AXIS2_PLACEMENT_3D('',#7362,#5625,#5626);
#4494=AXIS2_PLACEMENT_3D('',#7363,#5627,#5628);
#4495=AXIS2_PLACEMENT_3D('',#7364,#5629,#5630);
#4496=AXIS2_PLACEMENT_3D('',#7365,#5631,#5632);
#4497=AXIS2_PLACEMENT_3D('',#7368,#5633,#5634);
#4498=AXIS2_PLACEMENT_3D('',#7369,#5635,#5636);
#4499=AXIS2_PLACEMENT_3D('',#7370,#5637,#5638);
#4500=AXIS2_PLACEMENT_3D('',#7371,#5639,#5640);
#4501=AXIS2_PLACEMENT_3D('',#7373,#5641,#5642);
#4502=AXIS2_PLACEMENT_3D('',#7375,#5643,#5644);
#4503=AXIS2_PLACEMENT_3D('',#7376,#5645,#5646);
#4504=AXIS2_PLACEMENT_3D('',#7415,#5647,#5648);
#4505=AXIS2_PLACEMENT_3D('',#7416,#5649,#5650);
#4506=AXIS2_PLACEMENT_3D('',#7417,#5651,#5652);
#4507=AXIS2_PLACEMENT_3D('',#7418,#5653,#5654);
#4508=AXIS2_PLACEMENT_3D('',#7420,#5656,#5657);
#4509=AXIS2_PLACEMENT_3D('',#7422,#5658,#5659);
#4510=AXIS2_PLACEMENT_3D('',#7424,#5660,#5661);
#4511=AXIS2_PLACEMENT_3D('',#7425,#5662,#5663);
#4512=AXIS2_PLACEMENT_3D('',#7426,#5664,#5665);
#4513=AXIS2_PLACEMENT_3D('',#7455,#5667,#5668);
#4514=AXIS2_PLACEMENT_3D('',#7456,#5669,#5670);
#4515=AXIS2_PLACEMENT_3D('',#7457,#5671,#5672);
#4516=AXIS2_PLACEMENT_3D('',#7458,#5673,#5674);
#4517=AXIS2_PLACEMENT_3D('',#7461,#5675,#5676);
#4518=AXIS2_PLACEMENT_3D('',#7462,#5677,#5678);
#4519=AXIS2_PLACEMENT_3D('',#7463,#5679,#5680);
#4520=AXIS2_PLACEMENT_3D('',#7464,#5681,#5682);
#4521=AXIS2_PLACEMENT_3D('',#7504,#5684,#5685);
#4522=AXIS2_PLACEMENT_3D('',#7505,#5686,#5687);
#4523=AXIS2_PLACEMENT_3D('',#7506,#5688,#5689);
#4524=AXIS2_PLACEMENT_3D('',#7507,#5690,#5691);
#4525=AXIS2_PLACEMENT_3D('',#7509,#5693,#5694);
#4526=AXIS2_PLACEMENT_3D('',#7538,#5696,#5697);
#4527=AXIS2_PLACEMENT_3D('',#7539,#5698,#5699);
#4528=AXIS2_PLACEMENT_3D('',#7540,#5700,#5701);
#4529=AXIS2_PLACEMENT_3D('',#7541,#5702,#5703);
#4530=AXIS2_PLACEMENT_3D('',#7543,#5705,#5706);
#4531=AXIS2_PLACEMENT_3D('',#7545,#5708,#5709);
#4532=AXIS2_PLACEMENT_3D('',#7548,#5712,#5713);
#4533=AXIS2_PLACEMENT_3D('',#7551,#5716,#5717);
#4534=AXIS2_PLACEMENT_3D('',#7553,#5719,#5720);
#4535=AXIS2_PLACEMENT_3D('',#7556,#5723,#5724);
#4536=AXIS2_PLACEMENT_3D('',#7559,#5727,#5728);
#4537=AXIS2_PLACEMENT_3D('',#7560,#5729,#5730);
#4538=AXIS2_PLACEMENT_3D('',#7561,#5731,#5732);
#4539=AXIS2_PLACEMENT_3D('',#7562,#5733,#5734);
#4540=AXIS2_PLACEMENT_3D('',#7563,#5735,#5736);
#4541=AXIS2_PLACEMENT_3D('',#7565,#5737,#5738);
#4542=AXIS2_PLACEMENT_3D('',#7569,#5740,#5741);
#4543=AXIS2_PLACEMENT_3D('',#7571,#5743,#5744);
#4544=AXIS2_PLACEMENT_3D('',#7573,#5745,#5746);
#4545=AXIS2_PLACEMENT_3D('',#7577,#5748,#5749);
#4546=AXIS2_PLACEMENT_3D('',#7579,#5751,#5752);
#4547=AXIS2_PLACEMENT_3D('',#7583,#5754,#5755);
#4548=AXIS2_PLACEMENT_3D('',#7587,#5757,#5758);
#4549=AXIS2_PLACEMENT_3D('',#7589,#5760,#5761);
#4550=AXIS2_PLACEMENT_3D('',#7591,#5763,#5764);
#4551=AXIS2_PLACEMENT_3D('',#7593,#5766,#5767);
#4552=AXIS2_PLACEMENT_3D('',#7597,#5770,#5771);
#4553=AXIS2_PLACEMENT_3D('',#7599,#5773,#5774);
#4554=AXIS2_PLACEMENT_3D('',#7603,#5776,#5777);
#4555=AXIS2_PLACEMENT_3D('',#7606,#5779,#5780);
#4556=AXIS2_PLACEMENT_3D('',#7607,#5781,#5782);
#4557=AXIS2_PLACEMENT_3D('',#7609,#5784,#5785);
#4558=AXIS2_PLACEMENT_3D('',#7611,#5787,#5788);
#4559=AXIS2_PLACEMENT_3D('',#7612,#5789,#5790);
#4560=AXIS2_PLACEMENT_3D('',#7614,#5792,#5793);
#4561=AXIS2_PLACEMENT_3D('',#7616,#5795,#5796);
#4562=AXIS2_PLACEMENT_3D('',#7617,#5797,#5798);
#4563=AXIS2_PLACEMENT_3D('',#7619,#5800,#5801);
#4564=AXIS2_PLACEMENT_3D('',#7621,#5803,#5804);
#4565=AXIS2_PLACEMENT_3D('',#7623,#5806,#5807);
#4566=AXIS2_PLACEMENT_3D('',#7625,#5809,#5810);
#4567=AXIS2_PLACEMENT_3D('',#7627,#5812,#5813);
#4568=AXIS2_PLACEMENT_3D('',#7628,#5814,#5815);
#4569=AXIS2_PLACEMENT_3D('',#7629,#5816,#5817);
#4570=AXIS2_PLACEMENT_3D('',#7630,#5818,#5819);
#4571=DIRECTION('axis',(0.,0.,1.));
#4572=DIRECTION('refdir',(1.,0.,0.));
#4573=DIRECTION('center_axis',(0.,-0.923879532511289,-0.382683432365084));
#4574=DIRECTION('ref_axis',(0.,0.382683432365084,-0.923879532511289));
#4575=DIRECTION('',(0.,-0.382683432365084,0.923879532511289));
#4576=DIRECTION('',(1.,0.,0.));
#4577=DIRECTION('',(0.,0.382683432365084,-0.923879532511289));
#4578=DIRECTION('',(-1.,0.,0.));
#4579=DIRECTION('center_axis',(0.,0.707106781186548,0.707106781186547));
#4580=DIRECTION('ref_axis',(1.,0.,0.));
#4581=DIRECTION('',(0.,-0.707106781186548,0.707106781186548));
#4582=DIRECTION('',(-1.,0.,0.));
#4583=DIRECTION('',(0.,0.707106781186548,-0.707106781186548));
#4584=DIRECTION('',(1.,1.4153477692462E-17,1.4153477692462E-17));
#4585=DIRECTION('',(0.,0.707106781186551,-0.707106781186545));
#4586=DIRECTION('',(-1.,0.,0.));
#4587=DIRECTION('',(0.,-0.707106781186546,0.707106781186549));
#4588=DIRECTION('center_axis',(0.,-0.38268343236509,-0.923879532511287));
#4589=DIRECTION('ref_axis',(-1.,0.,0.));
#4590=DIRECTION('',(0.,0.923879532511287,-0.38268343236509));
#4591=DIRECTION('',(-1.,0.,0.));
#4592=DIRECTION('',(0.,-0.923879532511287,0.38268343236509));
#4593=DIRECTION('',(1.,0.,0.));
#4594=DIRECTION('center_axis',(0.,0.707106781186547,0.707106781186548));
#4595=DIRECTION('ref_axis',(1.,0.,0.));
#4596=DIRECTION('',(0.,0.707106781186548,-0.707106781186548));
#4597=DIRECTION('',(1.,0.,0.));
#4598=DIRECTION('',(0.,-0.707106781186548,0.707106781186548));
#4599=DIRECTION('',(1.,-4.71782589748732E-18,-4.71782589748732E-18));
#4600=DIRECTION('',(0.,0.707106781186548,-0.707106781186548));
#4601=DIRECTION('',(-1.,2.51617381199324E-17,2.51617381199324E-17));
#4602=DIRECTION('',(0.,-0.70710678118655,0.707106781186545));
#4603=DIRECTION('center_axis',(0.,9.81307786677358E-16,-1.));
#4604=DIRECTION('ref_axis',(-1.,0.,0.));
#4605=DIRECTION('',(0.,-1.,-9.81307786677358E-16));
#4606=DIRECTION('',(1.,0.,0.));
#4607=DIRECTION('',(0.,1.,9.81307786677358E-16));
#4608=DIRECTION('',(-1.,0.,0.));
#4609=DIRECTION('center_axis',(0.,-0.707106781186548,0.707106781186547));
#4610=DIRECTION('ref_axis',(1.,0.,0.));
#4611=DIRECTION('',(0.,0.707106781186547,0.707106781186548));
#4612=DIRECTION('',(0.,0.707106781186547,0.707106781186548));
#4613=DIRECTION('center_axis',(0.,-1.,0.));
#4614=DIRECTION('ref_axis',(0.,0.,-1.));
#4615=DIRECTION('',(0.,0.,-1.));
#4616=DIRECTION('',(-1.,0.,0.));
#4617=DIRECTION('',(0.,0.,1.));
#4618=DIRECTION('',(1.,0.,0.));
#4619=DIRECTION('center_axis',(0.,0.707106781186547,-0.707106781186548));
#4620=DIRECTION('ref_axis',(-1.,0.,0.));
#4621=DIRECTION('',(0.,0.707106781186548,0.707106781186547));
#4622=DIRECTION('',(0.,0.707106781186548,0.707106781186547));
#4623=DIRECTION('center_axis',(0.,-0.923879532511286,-0.382683432365091));
#4624=DIRECTION('ref_axis',(0.,0.382683432365091,-0.923879532511286));
#4625=DIRECTION('',(0.,-0.382683432365091,0.923879532511286));
#4626=DIRECTION('',(-1.,0.,0.));
#4627=DIRECTION('',(0.,-0.382683432365091,0.923879532511286));
#4628=DIRECTION('',(1.,0.,0.));
#4629=DIRECTION('center_axis',(-1.,0.,0.));
#4630=DIRECTION('ref_axis',(0.,-0.707106781186548,0.707106781186548));
#4631=DIRECTION('',(0.,-0.707106781186548,0.707106781186548));
#4632=DIRECTION('',(0.,0.,1.));
#4633=DIRECTION('center_axis',(0.,0.707106781186548,0.707106781186548));
#4634=DIRECTION('ref_axis',(0.,-0.707106781186548,0.707106781186548));
#4635=DIRECTION('',(0.,0.707106781186547,-0.707106781186547));
#4636=DIRECTION('',(-1.,0.,0.));
#4637=DIRECTION('',(0.,-0.707106781186547,0.707106781186547));
#4638=DIRECTION('',(1.,0.,0.));
#4639=DIRECTION('',(0.,0.707106781186548,-0.707106781186548));
#4640=DIRECTION('',(0.,0.707106781186547,-0.707106781186547));
#4641=DIRECTION('',(-1.,0.,0.));
#4642=DIRECTION('',(0.,-0.707106781186548,0.707106781186548));
#4643=DIRECTION('center_axis',(0.,-0.38268343236509,-0.923879532511287));
#4644=DIRECTION('ref_axis',(-1.,0.,0.));
#4645=DIRECTION('',(0.,-0.923879532511287,0.38268343236509));
#4646=DIRECTION('',(0.,-0.923879532511287,0.38268343236509));
#4647=DIRECTION('',(1.,0.,0.));
#4648=DIRECTION('center_axis',(0.,0.,-1.));
#4649=DIRECTION('ref_axis',(-1.,0.,0.));
#4650=DIRECTION('',(0.,-1.,0.));
#4651=DIRECTION('',(0.,-1.,0.));
#4652=DIRECTION('',(1.,0.,0.));
#4653=DIRECTION('',(0.,-1.,0.));
#4654=DIRECTION('',(-1.,0.,0.));
#4655=DIRECTION('',(0.,-1.,0.));
#4656=DIRECTION('',(1.,0.,0.));
#4657=DIRECTION('',(0.,1.,0.));
#4658=DIRECTION('',(-1.,0.,0.));
#4659=DIRECTION('',(0.,1.,0.));
#4660=DIRECTION('',(1.,0.,0.));
#4661=DIRECTION('',(0.,1.,0.));
#4662=DIRECTION('',(1.,0.,0.));
#4663=DIRECTION('',(0.,1.,0.));
#4664=DIRECTION('center_axis',(0.,0.,-1.));
#4665=DIRECTION('ref_axis',(-1.83995210002005E-16,-1.,0.));
#4666=DIRECTION('',(0.,-1.,0.));
#4667=DIRECTION('center_axis',(0.,0.,-1.));
#4668=DIRECTION('ref_axis',(-1.22663473334671E-16,1.,0.));
#4669=DIRECTION('',(1.,0.,0.));
#4670=DIRECTION('center_axis',(0.,0.,-1.));
#4671=DIRECTION('ref_axis',(0.,1.,0.));
#4672=DIRECTION('',(0.,1.,0.));
#4673=DIRECTION('center_axis',(0.,0.,-1.));
#4674=DIRECTION('ref_axis',(6.13317366673356E-17,-1.,0.));
#4675=DIRECTION('',(-1.,0.,0.));
#4676=DIRECTION('center_axis',(0.,0.,-1.));
#4677=DIRECTION('ref_axis',(2.29735258096211E-16,-1.,0.));
#4678=DIRECTION('',(0.,-1.,0.));
#4679=DIRECTION('center_axis',(0.,0.,-1.));
#4680=DIRECTION('ref_axis',(0.707106781186554,0.707106781186541,0.));
#4681=DIRECTION('',(1.,0.,0.));
#4682=DIRECTION('center_axis',(0.,0.,-1.));
#4683=DIRECTION('ref_axis',(-0.707106781186579,0.707106781186516,0.));
#4684=DIRECTION('',(0.,1.,0.));
#4685=DIRECTION('center_axis',(0.,0.,-1.));
#4686=DIRECTION('ref_axis',(-2.29735258096209E-16,-1.,0.));
#4687=DIRECTION('',(-1.,0.,0.));
#4688=DIRECTION('center_axis',(0.,0.,-1.));
#4689=DIRECTION('ref_axis',(1.22663473334671E-16,1.,0.));
#4690=DIRECTION('',(0.,1.,0.));
#4691=DIRECTION('center_axis',(0.,0.,-1.));
#4692=DIRECTION('ref_axis',(6.13317366673356E-17,-1.,0.));
#4693=DIRECTION('',(-1.,0.,0.));
#4694=DIRECTION('center_axis',(0.,0.,-1.));
#4695=DIRECTION('ref_axis',(-1.83995210002004E-16,-1.,0.));
#4696=DIRECTION('',(0.,-1.,0.));
#4697=DIRECTION('center_axis',(0.,0.,-1.));
#4698=DIRECTION('ref_axis',(-6.13317366673356E-17,1.,0.));
#4699=DIRECTION('',(1.,0.,0.));
#4700=DIRECTION('center_axis',(0.,-0.923879532511286,-0.382683432365091));
#4701=DIRECTION('ref_axis',(0.,0.382683432365091,-0.923879532511286));
#4702=DIRECTION('',(0.,0.382683432365091,-0.923879532511286));
#4703=DIRECTION('',(0.,0.382683432365091,-0.923879532511286));
#4704=DIRECTION('',(-1.,0.,0.));
#4705=DIRECTION('center_axis',(1.,0.,0.));
#4706=DIRECTION('ref_axis',(0.,0.707106781186548,-0.707106781186548));
#4707=DIRECTION('',(0.,0.,-1.));
#4708=DIRECTION('center_axis',(0.,-0.38268343236509,-0.923879532511287));
#4709=DIRECTION('ref_axis',(-1.,0.,0.));
#4710=DIRECTION('',(0.,0.923879532511287,-0.38268343236509));
#4711=DIRECTION('',(0.,0.923879532511287,-0.38268343236509));
#4712=DIRECTION('center_axis',(1.,0.,0.));
#4713=DIRECTION('ref_axis',(0.,0.707106781186548,-0.707106781186548));
#4714=DIRECTION('center_axis',(-1.,0.,0.));
#4715=DIRECTION('ref_axis',(0.,-0.707106781186548,0.707106781186548));
#4716=DIRECTION('center_axis',(0.,-0.707106781186548,0.707106781186548));
#4717=DIRECTION('ref_axis',(0.,0.707106781186548,0.707106781186548));
#4718=DIRECTION('',(0.,-0.707106781186548,-0.707106781186548));
#4719=DIRECTION('',(-1.,0.,0.));
#4720=DIRECTION('',(0.,0.707106781186548,0.707106781186548));
#4721=DIRECTION('center_axis',(-1.,0.,0.));
#4722=DIRECTION('ref_axis',(0.,0.,1.));
#4723=DIRECTION('',(0.,0.707106781186547,0.707106781186548));
#4724=DIRECTION('center_axis',(1.,0.,0.));
#4725=DIRECTION('ref_axis',(0.,-0.707106781186546,-0.707106781186549));
#4726=DIRECTION('',(0.,0.707106781186548,-0.707106781186547));
#4727=DIRECTION('center_axis',(1.,0.,0.));
#4728=DIRECTION('ref_axis',(0.,-0.707106781186549,0.707106781186547));
#4729=DIRECTION('center_axis',(0.,-0.707106781186548,0.707106781186547));
#4730=DIRECTION('ref_axis',(0.,0.707106781186547,0.707106781186548));
#4731=DIRECTION('',(0.,-0.707106781186547,-0.707106781186548));
#4732=DIRECTION('',(-1.,0.,0.));
#4733=DIRECTION('',(0.,0.707106781186547,0.707106781186548));
#4734=DIRECTION('center_axis',(-1.,0.,0.));
#4735=DIRECTION('ref_axis',(0.,0.,1.));
#4736=DIRECTION('',(0.,0.707106781186547,0.707106781186548));
#4737=DIRECTION('center_axis',(1.,0.,0.));
#4738=DIRECTION('ref_axis',(0.,-0.707106781186547,-0.707106781186549));
#4739=DIRECTION('',(0.,0.707106781186548,-0.707106781186548));
#4740=DIRECTION('center_axis',(1.,0.,0.));
#4741=DIRECTION('ref_axis',(0.,-0.707106781186548,0.707106781186548));
#4742=DIRECTION('center_axis',(-1.,0.,0.));
#4743=DIRECTION('ref_axis',(0.,0.,1.));
#4744=DIRECTION('',(0.,-0.707106781186547,0.707106781186548));
#4745=DIRECTION('',(0.,0.,1.));
#4746=DIRECTION('center_axis',(1.,0.,0.));
#4747=DIRECTION('ref_axis',(0.,0.,-1.));
#4748=DIRECTION('',(0.,0.707106781186547,-0.707106781186548));
#4749=DIRECTION('',(0.,0.,-1.));
#4750=DIRECTION('center_axis',(0.,-0.707106781186548,-0.707106781186547));
#4751=DIRECTION('ref_axis',(-1.,0.,0.));
#4752=DIRECTION('',(-1.,0.,0.));
#4753=DIRECTION('',(0.,0.707106781186547,-0.707106781186548));
#4754=DIRECTION('center_axis',(0.707106781186608,0.499999999999957,0.499999999999957));
#4755=DIRECTION('ref_axis',(0.57735026918956,0.,-0.816496580927773));
#4756=DIRECTION('',(-0.357406744336548,-0.357406744336591,0.862856209461037));
#4757=DIRECTION('',(0.,-0.707106781186548,0.707106781186548));
#4758=DIRECTION('',(0.707106781186555,-0.499999999999987,-0.500000000000003));
#4759=DIRECTION('',(0.,0.707106781186548,-0.707106781186548));
#4760=DIRECTION('',(0.57735026918956,-0.816496580927773,0.));
#4761=DIRECTION('center_axis',(-1.,0.,0.));
#4762=DIRECTION('ref_axis',(0.,0.707106781186545,0.70710678118655));
#4763=DIRECTION('',(0.707106781186547,0.484138661854684,-0.515373414232397));
#4764=DIRECTION('center_axis',(-1.,0.,0.));
#4765=DIRECTION('ref_axis',(0.,0.707106781186545,0.707106781186551));
#4766=DIRECTION('center_axis',(1.,0.,0.));
#4767=DIRECTION('ref_axis',(0.,0.707106781186545,0.70710678118655));
#4768=DIRECTION('center_axis',(0.707106781186622,-0.484138661854628,0.515373414232345));
#4769=DIRECTION('ref_axis',(0.589004051377348,0.,-0.808130080779741));
#4770=DIRECTION('',(0.707106781186541,0.48413866185468,-0.515373414232408));
#4771=DIRECTION('',(0.,0.728848072093987,0.684675461664049));
#4772=DIRECTION('',(0.,-0.728848072093987,-0.684675461664049));
#4773=DIRECTION('center_axis',(1.,0.,0.));
#4774=DIRECTION('ref_axis',(0.,-0.707106781186553,-0.707106781186542));
#4775=DIRECTION('',(0.707106781186544,-0.50000000000001,-0.499999999999995));
#4776=DIRECTION('center_axis',(1.,0.,0.));
#4777=DIRECTION('ref_axis',(0.,-0.707106781186553,-0.707106781186542));
#4778=DIRECTION('center_axis',(-1.,0.,0.));
#4779=DIRECTION('ref_axis',(0.,-0.707106781186553,-0.707106781186542));
#4780=DIRECTION('center_axis',(0.707106781186608,0.499999999999957,0.499999999999957));
#4781=DIRECTION('ref_axis',(0.57735026918956,0.,-0.816496580927773));
#4782=DIRECTION('',(0.707106781186544,-0.50000000000001,-0.499999999999995));
#4783=DIRECTION('',(0.,0.707106781186548,-0.707106781186548));
#4784=DIRECTION('',(0.,-0.707106781186548,0.707106781186548));
#4785=DIRECTION('center_axis',(1.,0.,0.));
#4786=DIRECTION('ref_axis',(0.,-0.728848072093983,0.684675461664054));
#4787=DIRECTION('',(0.707106781186535,-0.515373414232405,0.484138661854692));
#4788=DIRECTION('center_axis',(1.,0.,0.));
#4789=DIRECTION('ref_axis',(0.,-0.728848072093983,0.684675461664053));
#4790=DIRECTION('center_axis',(-1.,0.,0.));
#4791=DIRECTION('ref_axis',(0.,-0.728848072093983,0.684675461664053));
#4792=DIRECTION('center_axis',(0.707106781186622,0.515373414232345,-0.484138661854628));
#4793=DIRECTION('ref_axis',(-0.564945190923715,0.,-0.825128433186112));
#4794=DIRECTION('',(0.707106781186541,-0.515373414232408,0.48413866185468));
#4795=DIRECTION('',(0.,-0.684675461664049,-0.728848072093987));
#4796=DIRECTION('',(0.,0.684675461664049,0.728848072093987));
#4797=DIRECTION('center_axis',(-1.,0.,0.));
#4798=DIRECTION('ref_axis',(0.,0.728848072093991,-0.684675461664044));
#4799=DIRECTION('',(0.707106781186544,-0.50000000000001,-0.499999999999995));
#4800=DIRECTION('center_axis',(-1.,0.,0.));
#4801=DIRECTION('ref_axis',(0.,0.728848072093991,-0.684675461664044));
#4802=DIRECTION('center_axis',(1.,0.,0.));
#4803=DIRECTION('ref_axis',(0.,0.728848072093991,-0.684675461664044));
#4804=DIRECTION('center_axis',(0.70710678118663,0.499999999999941,0.499999999999941));
#4805=DIRECTION('ref_axis',(0.577350269189535,0.,-0.81649658092779));
#4806=DIRECTION('',(0.357406744336528,-0.862856209461044,0.357406744336594));
#4807=DIRECTION('',(-0.577350269189535,0.,0.81649658092779));
#4808=DIRECTION('',(0.,0.707106781186548,-0.707106781186548));
#4809=DIRECTION('',(0.,-0.707106781186548,0.707106781186548));
#4810=DIRECTION('center_axis',(0.,0.38268343236508,0.923879532511291));
#4811=DIRECTION('ref_axis',(1.,0.,0.));
#4812=DIRECTION('',(-1.,0.,0.));
#4813=DIRECTION('',(-1.,0.,0.));
#4814=DIRECTION('',(-1.92271478790288E-13,-0.923879532511291,0.38268343236508));
#4815=DIRECTION('',(1.,0.,0.));
#4816=DIRECTION('',(-0.357406744336585,-0.862856209461023,0.357406744336585));
#4817=DIRECTION('',(0.357406744336548,-0.862856209461037,0.357406744336591));
#4818=DIRECTION('',(-1.,0.,0.));
#4819=DIRECTION('',(0.357406744336658,0.862856209460998,-0.357406744336575));
#4820=DIRECTION('center_axis',(0.,-0.707106781186548,-0.707106781186548));
#4821=DIRECTION('ref_axis',(0.,-0.707106781186548,0.707106781186548));
#4822=DIRECTION('',(0.,0.707106781186548,-0.707106781186548));
#4823=DIRECTION('',(1.,0.,0.));
#4824=DIRECTION('',(0.,0.707106781186548,-0.707106781186548));
#4825=DIRECTION('center_axis',(0.,0.923879532511291,0.38268343236508));
#4826=DIRECTION('ref_axis',(0.,-0.38268343236508,0.923879532511291));
#4827=DIRECTION('',(-1.,0.,0.));
#4828=DIRECTION('',(-0.357406744336658,0.357406744336575,-0.862856209460998));
#4829=DIRECTION('',(1.,0.,0.));
#4830=DIRECTION('',(-0.357406744336548,-0.357406744336591,0.862856209461037));
#4831=DIRECTION('',(0.357406744336585,-0.357406744336585,0.862856209461023));
#4832=DIRECTION('',(-1.,0.,0.));
#4833=DIRECTION('',(9.61357393951442E-14,-0.38268343236508,0.923879532511291));
#4834=DIRECTION('center_axis',(-0.707106781186483,0.500000000000046,0.500000000000046));
#4835=DIRECTION('ref_axis',(0.577350269189696,0.,0.816496580927676));
#4836=DIRECTION('',(0.,0.707106781186548,-0.707106781186548));
#4837=DIRECTION('',(-0.707106781186566,-0.499999999999979,-0.499999999999995));
#4838=DIRECTION('',(0.,-0.707106781186548,0.707106781186548));
#4839=DIRECTION('',(-0.577350269189696,0.,-0.816496580927676));
#4840=DIRECTION('center_axis',(1.,0.,0.));
#4841=DIRECTION('ref_axis',(0.,0.707106781186553,0.707106781186542));
#4842=DIRECTION('',(-0.707106781186535,-0.51537341423242,0.484138661854676));
#4843=DIRECTION('center_axis',(1.,0.,0.));
#4844=DIRECTION('ref_axis',(0.,0.707106781186553,0.707106781186542));
#4845=DIRECTION('center_axis',(-1.,0.,0.));
#4846=DIRECTION('ref_axis',(0.,0.707106781186553,0.707106781186542));
#4847=DIRECTION('center_axis',(-0.707106781186622,0.515373414232345,-0.484138661854628));
#4848=DIRECTION('ref_axis',(-0.564945190923715,0.,0.825128433186112));
#4849=DIRECTION('',(-0.707106781186519,-0.515373414232424,0.484138661854696));
#4850=DIRECTION('',(0.,0.684675461664049,0.728848072093987));
#4851=DIRECTION('',(0.,-0.684675461664049,-0.728848072093987));
#4852=DIRECTION('center_axis',(-1.,0.,0.));
#4853=DIRECTION('ref_axis',(0.,-0.707106781186541,-0.707106781186554));
#4854=DIRECTION('',(-0.707106781186544,-0.499999999999995,-0.50000000000001));
#4855=DIRECTION('center_axis',(-1.,0.,0.));
#4856=DIRECTION('ref_axis',(0.,-0.707106781186541,-0.707106781186554));
#4857=DIRECTION('center_axis',(1.,0.,0.));
#4858=DIRECTION('ref_axis',(0.,-0.707106781186541,-0.707106781186554));
#4859=DIRECTION('center_axis',(-0.707106781186619,0.499999999999962,0.499999999999936));
#4860=DIRECTION('ref_axis',(0.577350269189538,0.,0.816496580927788));
#4861=DIRECTION('',(-0.707106781186533,-0.500000000000018,-0.500000000000002));
#4862=DIRECTION('',(0.,-0.707106781186529,0.707106781186566));
#4863=DIRECTION('',(0.,0.707106781186529,-0.707106781186566));
#4864=DIRECTION('center_axis',(-1.,0.,0.));
#4865=DIRECTION('ref_axis',(0.,0.684675461664054,-0.728848072093983));
#4866=DIRECTION('',(-0.707106781186535,0.484138661854692,-0.515373414232405));
#4867=DIRECTION('center_axis',(-1.,0.,0.));
#4868=DIRECTION('ref_axis',(0.,0.684675461664053,-0.728848072093983));
#4869=DIRECTION('center_axis',(1.,0.,0.));
#4870=DIRECTION('ref_axis',(0.,0.684675461664053,-0.728848072093983));
#4871=DIRECTION('center_axis',(-0.707106781186606,-0.484138661854639,0.515373414232357));
#4872=DIRECTION('ref_axis',(0.589004051377366,0.,0.808130080779728));
#4873=DIRECTION('',(-0.707106781186552,0.484138661854672,-0.515373414232401));
#4874=DIRECTION('',(0.,-0.728848072093987,-0.684675461664049));
#4875=DIRECTION('',(0.,0.728848072093987,0.684675461664049));
#4876=DIRECTION('center_axis',(1.,0.,0.));
#4877=DIRECTION('ref_axis',(0.,-0.68467546166405,0.728848072093986));
#4878=DIRECTION('',(-0.707106781186533,-0.500000000000002,-0.500000000000018));
#4879=DIRECTION('center_axis',(1.,0.,0.));
#4880=DIRECTION('ref_axis',(0.,-0.68467546166405,0.728848072093986));
#4881=DIRECTION('center_axis',(-1.,0.,0.));
#4882=DIRECTION('ref_axis',(0.,-0.68467546166405,0.728848072093986));
#4883=DIRECTION('center_axis',(-0.707106781186483,0.500000000000046,0.500000000000046));
#4884=DIRECTION('ref_axis',(0.577350269189696,0.,0.816496580927676));
#4885=DIRECTION('',(0.577350269189696,0.816496580927676,0.));
#4886=DIRECTION('',(0.,-0.707106781186548,0.707106781186548));
#4887=DIRECTION('',(0.,0.707106781186548,-0.707106781186548));
#4888=DIRECTION('center_axis',(0.,-0.707106781186548,-0.707106781186548));
#4889=DIRECTION('ref_axis',(0.,-0.707106781186548,0.707106781186548));
#4890=DIRECTION('',(0.,-0.707106781186548,0.707106781186548));
#4891=DIRECTION('',(0.,-0.707106781186548,0.707106781186548));
#4892=DIRECTION('center_axis',(-1.,0.,0.));
#4893=DIRECTION('ref_axis',(0.,0.,1.));
#4894=DIRECTION('center_axis',(0.,0.,-1.));
#4895=DIRECTION('ref_axis',(1.,0.,0.));
#4896=DIRECTION('',(0.,-1.,0.));
#4897=DIRECTION('',(1.,0.,0.));
#4898=DIRECTION('',(0.,-1.,0.));
#4899=DIRECTION('center_axis',(0.,0.,1.));
#4900=DIRECTION('ref_axis',(-1.72301443572157E-16,-1.,0.));
#4901=DIRECTION('',(1.,0.,0.));
#4902=DIRECTION('center_axis',(0.,0.,1.));
#4903=DIRECTION('ref_axis',(1.72301443572159E-16,-1.,0.));
#4904=DIRECTION('',(0.,-1.,0.));
#4905=DIRECTION('center_axis',(0.,0.,1.));
#4906=DIRECTION('ref_axis',(-0.707106781186579,0.707106781186516,0.));
#4907=DIRECTION('',(-1.,0.,0.));
#4908=DIRECTION('center_axis',(0.,0.,1.));
#4909=DIRECTION('ref_axis',(0.707106781186554,0.707106781186541,0.));
#4910=DIRECTION('',(0.,1.,0.));
#4911=DIRECTION('center_axis',(1.,0.,0.));
#4912=DIRECTION('ref_axis',(0.,0.,-1.));
#4913=DIRECTION('center_axis',(-0.577350269189634,-0.577350269189622,-0.577350269189621));
#4914=DIRECTION('ref_axis',(-0.70710678118654,0.,0.707106781186555));
#4915=DIRECTION('',(-0.70710678118654,0.,0.707106781186555));
#4916=DIRECTION('',(0.70710678118654,-0.707106781186555,0.));
#4917=DIRECTION('center_axis',(0.577350269189668,-0.577350269189656,-0.577350269189553));
#4918=DIRECTION('ref_axis',(-0.707106781186477,0.,-0.707106781186618));
#4919=DIRECTION('',(-0.707106781186477,0.,-0.707106781186618));
#4920=DIRECTION('',(0.70710678118654,0.707106781186555,0.));
#4921=DIRECTION('',(-1.25607396694702E-13,-0.707106781186547,0.707106781186548));
#4922=DIRECTION('center_axis',(0.707106781186555,-0.70710678118654,0.));
#4923=DIRECTION('ref_axis',(0.,0.,-1.));
#4924=DIRECTION('',(-0.678598344545841,-0.678598344545855,-0.281084637714816));
#4925=DIRECTION('',(0.,0.,-1.));
#4926=DIRECTION('',(0.,0.,1.));
#4927=DIRECTION('',(-0.577350269189622,-0.577350269189634,0.577350269189622));
#4928=DIRECTION('center_axis',(0.,-0.707106781186548,-0.707106781186547));
#4929=DIRECTION('ref_axis',(-1.,0.,0.));
#4930=DIRECTION('',(-1.,0.,0.));
#4931=DIRECTION('center_axis',(0.707106781186618,0.,-0.707106781186477));
#4932=DIRECTION('ref_axis',(-0.707106781186477,0.,-0.707106781186618));
#4933=DIRECTION('',(0.577350269189587,-0.577350269189587,0.577350269189703));
#4934=DIRECTION('',(0.,-1.,0.));
#4935=DIRECTION('',(0.678598344545774,0.281084637714846,0.67859834454591));
#4936=DIRECTION('center_axis',(-0.707106781186555,-0.70710678118654,0.));
#4937=DIRECTION('ref_axis',(0.,0.,1.));
#4938=DIRECTION('',(-0.577350269189618,0.577350269189631,0.577350269189629));
#4939=DIRECTION('',(0.,0.,-1.));
#4940=DIRECTION('',(0.,0.,1.));
#4941=DIRECTION('center_axis',(-0.707106781186555,0.,-0.70710678118654));
#4942=DIRECTION('ref_axis',(-0.70710678118654,0.,0.707106781186555));
#4943=DIRECTION('',(0.678598344545839,-0.281084637714823,-0.678598344545854));
#4944=DIRECTION('',(0.,1.,0.));
#4945=DIRECTION('',(0.577350269189622,0.577350269189622,-0.577350269189634));
#4946=DIRECTION('center_axis',(0.707106781186548,0.,0.707106781186548));
#4947=DIRECTION('ref_axis',(0.707106781186548,0.,-0.707106781186548));
#4948=DIRECTION('',(0.,1.,0.));
#4949=DIRECTION('',(-0.678598344545816,0.281084637714972,0.678598344545816));
#4950=DIRECTION('',(0.,-1.,0.));
#4951=DIRECTION('',(0.357406744336586,-0.862856209461023,-0.357406744336586));
#4952=DIRECTION('center_axis',(1.,0.,0.));
#4953=DIRECTION('ref_axis',(0.,0.,-1.));
#4954=DIRECTION('',(0.,0.,-1.));
#4955=DIRECTION('',(0.,0.707106781186548,-0.707106781186548));
#4956=DIRECTION('center_axis',(0.707106781186548,0.707106781186548,0.));
#4957=DIRECTION('ref_axis',(0.,0.,-1.));
#4958=DIRECTION('',(-0.357406744336593,0.357406744336593,0.862856209461017));
#4959=DIRECTION('',(0.,0.,1.));
#4960=DIRECTION('',(-0.678598344545816,0.678598344545816,0.281084637714972));
#4961=DIRECTION('center_axis',(0.,0.923879532511287,-0.38268343236509));
#4962=DIRECTION('ref_axis',(0.,0.38268343236509,0.923879532511287));
#4963=DIRECTION('',(0.,-0.38268343236509,-0.923879532511287));
#4964=DIRECTION('',(-1.,0.,0.));
#4965=DIRECTION('',(0.,0.38268343236509,0.923879532511287));
#4966=DIRECTION('',(-0.357406744336593,-0.357406744336593,-0.862856209461017));
#4967=DIRECTION('',(1.,0.,0.));
#4968=DIRECTION('center_axis',(0.,-0.38268343236508,0.923879532511291));
#4969=DIRECTION('ref_axis',(1.,0.,0.));
#4970=DIRECTION('',(-1.,0.,0.));
#4971=DIRECTION('',(0.,-0.923879532511291,-0.38268343236508));
#4972=DIRECTION('',(1.,0.,0.));
#4973=DIRECTION('',(0.,0.923879532511291,0.38268343236508));
#4974=DIRECTION('',(1.,0.,0.));
#4975=DIRECTION('center_axis',(0.,0.,1.));
#4976=DIRECTION('ref_axis',(1.,0.,0.));
#4977=DIRECTION('',(0.,1.,0.));
#4978=DIRECTION('',(-1.,0.,0.));
#4979=DIRECTION('center_axis',(0.707106781186608,0.499999999999957,0.499999999999957));
#4980=DIRECTION('ref_axis',(0.57735026918956,0.,-0.816496580927773));
#4981=DIRECTION('center_axis',(0.,1.,0.));
#4982=DIRECTION('ref_axis',(0.,0.,1.));
#4983=DIRECTION('',(0.,0.,-1.));
#4984=DIRECTION('center_axis',(-0.573302186255988,0.756975158957761,0.313549377219884));
#4985=DIRECTION('ref_axis',(0.479841491130414,0.,0.877355197961317));
#4986=DIRECTION('',(-0.653281482438248,-0.191341716182502,-0.7325378163287));
#4987=DIRECTION('',(0.653281482438187,0.653281482438187,-0.382683432365094));
#4988=DIRECTION('center_axis',(-0.707106781186548,0.707106781186548,0.));
#4989=DIRECTION('ref_axis',(0.,0.,1.));
#4990=DIRECTION('',(0.,0.,1.));
#4991=DIRECTION('center_axis',(-0.573302186255999,0.313549377219932,0.756975158957732));
#4992=DIRECTION('ref_axis',(0.797175191421304,0.,0.603748055220393));
#4993=DIRECTION('',(-0.653281482438122,0.382683432365117,-0.653281482438238));
#4994=DIRECTION('',(0.653281482438248,0.7325378163287,0.191341716182502));
#4995=DIRECTION('center_axis',(-0.707106781186488,0.500000000000042,0.500000000000042));
#4996=DIRECTION('ref_axis',(0.57735026918969,0.,0.81649658092768));
#4997=DIRECTION('',(0.,-0.707106781186548,0.707106781186548));
#4998=DIRECTION('center_axis',(-0.70710678118661,0.,0.707106781186485));
#4999=DIRECTION('ref_axis',(0.707106781186485,0.,0.70710678118661));
#5000=DIRECTION('',(0.577350269189557,0.577350269189661,0.577350269189659));
#5001=DIRECTION('',(0.,-1.,0.));
#5002=DIRECTION('center_axis',(0.,-1.,0.));
#5003=DIRECTION('ref_axis',(0.,0.,-1.));
#5004=DIRECTION('',(0.,0.,1.));
#5005=DIRECTION('',(0.,0.,-1.));
#5006=DIRECTION('center_axis',(0.,1.,0.));
#5007=DIRECTION('ref_axis',(3.44602887144314E-16,0.,-1.));
#5008=DIRECTION('',(-1.,0.,0.));
#5009=DIRECTION('center_axis',(0.,1.,0.));
#5010=DIRECTION('ref_axis',(-2.29735258096211E-16,0.,-1.));
#5011=DIRECTION('',(0.,0.,-1.));
#5012=DIRECTION('center_axis',(0.,1.,0.));
#5013=DIRECTION('ref_axis',(0.707106781186579,0.,0.707106781186516));
#5014=DIRECTION('',(1.,0.,0.));
#5015=DIRECTION('center_axis',(0.,1.,0.));
#5016=DIRECTION('ref_axis',(-0.707106781186554,0.,0.707106781186541));
#5017=DIRECTION('',(0.,0.,1.));
#5018=DIRECTION('center_axis',(0.,-0.707106781186546,0.707106781186549));
#5019=DIRECTION('ref_axis',(1.,0.,0.));
#5020=DIRECTION('',(1.,0.,0.));
#5021=DIRECTION('',(0.,-0.707106781186549,-0.707106781186546));
#5022=DIRECTION('',(0.,-0.707106781186549,-0.707106781186546));
#5023=DIRECTION('center_axis',(1.,0.,0.));
#5024=DIRECTION('ref_axis',(0.,0.,-1.));
#5025=DIRECTION('',(0.,0.707106781186548,0.707106781186547));
#5026=DIRECTION('center_axis',(-1.,0.,0.));
#5027=DIRECTION('ref_axis',(0.,-0.70710678118656,0.707106781186535));
#5028=DIRECTION('',(0.,-0.707106781186548,0.707106781186547));
#5029=DIRECTION('center_axis',(-1.,0.,0.));
#5030=DIRECTION('ref_axis',(0.,-0.707106781186564,-0.707106781186531));
#5031=DIRECTION('',(0.,-0.707106781186548,-0.707106781186547));
#5032=DIRECTION('',(0.,0.,-1.));
#5033=DIRECTION('center_axis',(0.,-0.707106781186547,0.707106781186548));
#5034=DIRECTION('ref_axis',(0.,0.707106781186548,0.707106781186547));
#5035=DIRECTION('',(0.,-0.707106781186548,-0.707106781186547));
#5036=DIRECTION('',(-1.,0.,0.));
#5037=DIRECTION('center_axis',(-1.,0.,0.));
#5038=DIRECTION('ref_axis',(0.,0.,1.));
#5039=DIRECTION('',(0.,0.,1.));
#5040=DIRECTION('',(0.,0.707106781186548,0.707106781186547));
#5041=DIRECTION('center_axis',(1.,0.,0.));
#5042=DIRECTION('ref_axis',(0.,-0.707106781186564,-0.707106781186531));
#5043=DIRECTION('',(0.,0.707106781186548,-0.707106781186547));
#5044=DIRECTION('center_axis',(1.,0.,0.));
#5045=DIRECTION('ref_axis',(0.,-0.70710678118656,0.707106781186535));
#5046=DIRECTION('center_axis',(0.,1.,0.));
#5047=DIRECTION('ref_axis',(1.,0.,0.));
#5048=DIRECTION('',(-1.,0.,0.));
#5049=DIRECTION('center_axis',(0.,-1.,0.));
#5050=DIRECTION('ref_axis',(1.22663473334671E-16,0.,1.));
#5051=DIRECTION('',(-1.,0.,0.));
#5052=DIRECTION('center_axis',(0.,-1.,0.));
#5053=DIRECTION('ref_axis',(0.,0.,1.));
#5054=DIRECTION('',(0.,0.,1.));
#5055=DIRECTION('center_axis',(0.,-1.,0.));
#5056=DIRECTION('ref_axis',(-6.13317366673356E-17,0.,-1.));
#5057=DIRECTION('',(1.,0.,0.));
#5058=DIRECTION('center_axis',(0.,-1.,0.));
#5059=DIRECTION('ref_axis',(3.06658683336674E-16,0.,-1.));
#5060=DIRECTION('',(0.,0.,-1.));
#5061=DIRECTION('center_axis',(0.,-1.,0.));
#5062=DIRECTION('ref_axis',(1.14867629048105E-16,0.,-1.));
#5063=DIRECTION('',(0.,0.,-1.));
#5064=DIRECTION('center_axis',(0.,-1.,0.));
#5065=DIRECTION('ref_axis',(-0.707106781186554,0.,0.707106781186541));
#5066=DIRECTION('',(-1.,0.,0.));
#5067=DIRECTION('center_axis',(0.,-1.,0.));
#5068=DIRECTION('ref_axis',(0.707106781186579,0.,0.707106781186516));
#5069=DIRECTION('',(0.,0.,1.));
#5070=DIRECTION('center_axis',(0.,-1.,0.));
#5071=DIRECTION('ref_axis',(-3.44602887144314E-16,0.,-1.));
#5072=DIRECTION('',(1.,0.,0.));
#5073=DIRECTION('center_axis',(0.,-1.,0.));
#5074=DIRECTION('ref_axis',(0.,0.,-1.));
#5075=DIRECTION('',(0.,0.,-1.));
#5076=DIRECTION('center_axis',(0.,-1.,0.));
#5077=DIRECTION('ref_axis',(6.13317366673356E-17,0.,1.));
#5078=DIRECTION('',(-1.,0.,0.));
#5079=DIRECTION('center_axis',(0.,-1.,0.));
#5080=DIRECTION('ref_axis',(-1.83995210002007E-16,0.,1.));
#5081=DIRECTION('',(0.,0.,1.));
#5082=DIRECTION('center_axis',(0.,-1.,0.));
#5083=DIRECTION('ref_axis',(-6.13317366673356E-17,0.,-1.));
#5084=DIRECTION('',(1.,0.,0.));
#5085=DIRECTION('center_axis',(-1.,0.,0.));
#5086=DIRECTION('ref_axis',(0.,0.,1.));
#5087=DIRECTION('center_axis',(1.75541673428842E-15,0.948683298050515,-0.316227766016835));
#5088=DIRECTION('ref_axis',(0.,-0.316227766016835,-0.948683298050515));
#5089=DIRECTION('center_axis',(-1.,0.,0.));
#5090=DIRECTION('ref_axis',(0.,-1.,0.));
#5091=DIRECTION('center_axis',(0.,0.,1.));
#5092=DIRECTION('ref_axis',(-1.,0.,0.));
#5093=DIRECTION('center_axis',(0.,0.,1.));
#5094=DIRECTION('ref_axis',(1.,0.,0.));
#5095=DIRECTION('center_axis',(0.,0.,1.));
#5096=DIRECTION('ref_axis',(0.,1.,0.));
#5097=DIRECTION('center_axis',(-1.,0.,0.));
#5098=DIRECTION('ref_axis',(0.,0.707106781186547,-0.707106781186547));
#5099=DIRECTION('center_axis',(0.,-0.707106781186559,-0.707106781186536));
#5100=DIRECTION('ref_axis',(1.,0.,0.));
#5101=DIRECTION('center_axis',(1.64570318839536E-15,0.948683298050514,-0.316227766016837));
#5102=DIRECTION('ref_axis',(0.,-0.316227766016837,-0.948683298050514));
#5103=DIRECTION('center_axis',(0.,0.,1.));
#5104=DIRECTION('ref_axis',(0.,-1.,0.));
#5105=DIRECTION('center_axis',(1.,0.,0.));
#5106=DIRECTION('ref_axis',(0.,-0.707106781186547,0.707106781186548));
#5107=DIRECTION('center_axis',(-1.,0.,0.));
#5108=DIRECTION('ref_axis',(0.,-0.707106781186553,-0.707106781186542));
#5109=DIRECTION('center_axis',(-1.64570318839536E-15,0.948683298050513,
0.316227766016839));
#5110=DIRECTION('ref_axis',(0.,-0.316227766016839,0.948683298050513));
#5111=DIRECTION('center_axis',(0.,0.,-1.));
#5112=DIRECTION('ref_axis',(0.,-1.,0.));
#5113=DIRECTION('center_axis',(0.,0.,1.));
#5114=DIRECTION('ref_axis',(1.,0.,0.));
#5115=DIRECTION('center_axis',(1.,0.,0.));
#5116=DIRECTION('ref_axis',(0.,1.,0.));
#5117=DIRECTION('center_axis',(0.,0.,1.));
#5118=DIRECTION('ref_axis',(-1.,0.,0.));
#5119=DIRECTION('center_axis',(0.,-0.707106781186549,-0.707106781186546));
#5120=DIRECTION('ref_axis',(0.,0.707106781186546,-0.707106781186549));
#5121=DIRECTION('center_axis',(0.,0.,1.));
#5122=DIRECTION('ref_axis',(1.,0.,0.));
#5123=DIRECTION('center_axis',(-1.,0.,0.));
#5124=DIRECTION('ref_axis',(0.,1.,0.));
#5125=DIRECTION('center_axis',(0.,0.,-1.));
#5126=DIRECTION('ref_axis',(1.,0.,0.));
#5127=DIRECTION('center_axis',(-3.92523114670951E-15,-0.707106781186545,
0.70710678118655));
#5128=DIRECTION('ref_axis',(0.,0.70710678118655,0.707106781186545));
#5129=DIRECTION('center_axis',(0.,0.,-1.));
#5130=DIRECTION('ref_axis',(0.707106781186477,0.707106781186618,0.));
#5131=DIRECTION('',(0.,0.,1.));
#5132=DIRECTION('',(0.,0.,-1.));
#5133=DIRECTION('center_axis',(0.,0.707106781186548,-0.707106781186548));
#5134=DIRECTION('ref_axis',(0.707106781186486,0.500000000000045,0.500000000000042));
#5135=DIRECTION('',(0.,-0.707106781186548,0.707106781186548));
#5136=DIRECTION('',(0.,0.707106781186548,-0.707106781186548));
#5137=DIRECTION('center_axis',(-3.94968765214887E-15,0.948683298050514,
0.316227766016838));
#5138=DIRECTION('ref_axis',(0.,-0.316227766016838,0.948683298050514));
#5139=DIRECTION('center_axis',(1.,0.,0.));
#5140=DIRECTION('ref_axis',(0.,-1.,0.));
#5141=DIRECTION('center_axis',(0.,0.,-1.));
#5142=DIRECTION('ref_axis',(1.,0.,0.));
#5143=DIRECTION('center_axis',(1.,0.,0.));
#5144=DIRECTION('ref_axis',(0.,-0.92387953251129,-0.382683432365082));
#5145=DIRECTION('',(1.,0.,0.));
#5146=DIRECTION('center_axis',(0.,0.,1.));
#5147=DIRECTION('ref_axis',(0.707106781186477,-0.707106781186618,0.));
#5148=DIRECTION('',(0.,0.,1.));
#5149=DIRECTION('center_axis',(0.,0.,1.));
#5150=DIRECTION('ref_axis',(1.,0.,0.));
#5151=DIRECTION('center_axis',(1.,0.,0.));
#5152=DIRECTION('ref_axis',(0.,0.707106781186553,0.707106781186542));
#5153=DIRECTION('center_axis',(0.,-0.707106781186542,0.707106781186553));
#5154=DIRECTION('ref_axis',(-1.,0.,0.));
#5155=DIRECTION('center_axis',(0.,0.,-1.));
#5156=DIRECTION('ref_axis',(0.,1.,0.));
#5157=DIRECTION('center_axis',(0.,-0.707106781186548,0.707106781186548));
#5158=DIRECTION('ref_axis',(-0.707106781186484,0.500000000000049,0.500000000000041));
#5159=DIRECTION('',(0.,0.707106781186548,-0.707106781186548));
#5160=DIRECTION('',(0.,-0.707106781186548,0.707106781186548));
#5161=DIRECTION('center_axis',(0.,0.,1.));
#5162=DIRECTION('ref_axis',(-0.707106781186477,0.707106781186618,0.));
#5163=DIRECTION('',(0.,0.,-1.));
#5164=DIRECTION('',(0.,0.,1.));
#5165=DIRECTION('center_axis',(-1.,0.,0.));
#5166=DIRECTION('ref_axis',(0.,0.92387953251129,0.382683432365082));
#5167=DIRECTION('',(1.,0.,0.));
#5168=DIRECTION('',(-1.,0.,0.));
#5169=DIRECTION('center_axis',(0.,0.707106781186548,0.707106781186548));
#5170=DIRECTION('ref_axis',(-0.707106781186476,0.500000000000049,-0.500000000000051));
#5171=DIRECTION('',(0.,-0.707106781186548,-0.707106781186548));
#5172=DIRECTION('',(0.,0.707106781186548,0.707106781186548));
#5173=DIRECTION('center_axis',(1.,0.,0.));
#5174=DIRECTION('ref_axis',(0.,0.923879532511287,-0.38268343236509));
#5175=DIRECTION('',(-1.,0.,0.));
#5176=DIRECTION('',(1.,0.,0.));
#5177=DIRECTION('center_axis',(0.,0.,-1.));
#5178=DIRECTION('ref_axis',(-0.707106781186477,-0.707106781186618,0.));
#5179=DIRECTION('',(0.,0.,-1.));
#5180=DIRECTION('center_axis',(-1.,0.,0.));
#5181=DIRECTION('ref_axis',(0.,-0.923879532511286,0.38268343236509));
#5182=DIRECTION('',(-1.,0.,0.));
#5183=DIRECTION('center_axis',(0.,-0.707106781186548,-0.707106781186548));
#5184=DIRECTION('ref_axis',(0.707106781186481,0.500000000000055,-0.500000000000039));
#5185=DIRECTION('',(0.,0.707106781186548,0.707106781186548));
#5186=DIRECTION('',(0.,-0.707106781186548,-0.707106781186548));
#5187=DIRECTION('center_axis',(1.,0.,0.));
#5188=DIRECTION('ref_axis',(0.,0.,-1.));
#5189=DIRECTION('center_axis',(0.,-0.707106781186548,-0.707106781186548));
#5190=DIRECTION('ref_axis',(0.,0.707106781186548,-0.707106781186548));
#5191=DIRECTION('center_axis',(-1.,0.,0.));
#5192=DIRECTION('ref_axis',(0.,0.,1.));
#5193=DIRECTION('center_axis',(0.,1.,0.));
#5194=DIRECTION('ref_axis',(0.,0.,1.));
#5195=DIRECTION('center_axis',(0.,-0.707106781186548,0.707106781186548));
#5196=DIRECTION('ref_axis',(0.,-0.707106781186548,-0.707106781186548));
#5197=DIRECTION('center_axis',(-1.,0.,0.));
#5198=DIRECTION('ref_axis',(0.,-0.707106781186553,-0.707106781186543));
#5199=DIRECTION('center_axis',(1.40433338743072E-14,0.948683298050513,0.316227766016839));
#5200=DIRECTION('ref_axis',(0.,-0.316227766016839,0.948683298050513));
#5201=DIRECTION('center_axis',(0.,0.,-1.));
#5202=DIRECTION('ref_axis',(0.,-1.,0.));
#5203=DIRECTION('center_axis',(-2.79769542027212E-15,0.948683298050515,
0.316227766016833));
#5204=DIRECTION('ref_axis',(0.,-0.316227766016833,0.948683298050515));
#5205=DIRECTION('center_axis',(1.,0.,0.));
#5206=DIRECTION('ref_axis',(0.,-1.,0.));
#5207=DIRECTION('center_axis',(0.,0.,-1.));
#5208=DIRECTION('ref_axis',(1.,0.,0.));
#5209=DIRECTION('center_axis',(1.,0.,0.));
#5210=DIRECTION('ref_axis',(0.,-0.92387953251129,-0.382683432365082));
#5211=DIRECTION('',(1.,0.,0.));
#5212=DIRECTION('center_axis',(2.63312510143259E-15,0.948683298050516,-0.316227766016833));
#5213=DIRECTION('ref_axis',(0.,-0.316227766016833,-0.948683298050516));
#5214=DIRECTION('center_axis',(-1.,0.,0.));
#5215=DIRECTION('ref_axis',(0.,-1.,0.));
#5216=DIRECTION('center_axis',(0.,0.,1.));
#5217=DIRECTION('ref_axis',(-1.,0.,0.));
#5218=DIRECTION('center_axis',(0.,0.,1.));
#5219=DIRECTION('ref_axis',(1.,0.,0.));
#5220=DIRECTION('center_axis',(-1.,0.,0.));
#5221=DIRECTION('ref_axis',(0.,1.,0.));
#5222=DIRECTION('center_axis',(0.,-2.22044604925031E-14,-1.));
#5223=DIRECTION('ref_axis',(1.,0.,0.));
#5224=DIRECTION('center_axis',(-1.96261557335474E-15,-0.707106781186541,
0.707106781186554));
#5225=DIRECTION('ref_axis',(0.,0.707106781186554,0.707106781186541));
#5226=DIRECTION('center_axis',(0.,0.948683298050514,-0.316227766016836));
#5227=DIRECTION('ref_axis',(0.,-0.316227766016836,-0.948683298050514));
#5228=DIRECTION('center_axis',(0.,0.,1.));
#5229=DIRECTION('ref_axis',(0.,-1.,0.));
#5230=DIRECTION('center_axis',(1.,0.,0.));
#5231=DIRECTION('ref_axis',(0.,-0.70710678118655,0.707106781186545));
#5232=DIRECTION('center_axis',(0.,0.,1.));
#5233=DIRECTION('ref_axis',(0.707106781186477,-0.707106781186618,0.));
#5234=DIRECTION('',(0.,0.,1.));
#5235=DIRECTION('center_axis',(-1.,0.,0.));
#5236=DIRECTION('ref_axis',(0.,-0.923879532511286,0.382683432365092));
#5237=DIRECTION('',(-1.,0.,0.));
#5238=DIRECTION('center_axis',(0.,0.,1.));
#5239=DIRECTION('ref_axis',(1.,0.,0.));
#5240=DIRECTION('center_axis',(2.22044604925036E-14,0.,-1.));
#5241=DIRECTION('ref_axis',(0.,1.,0.));
#5242=DIRECTION('center_axis',(1.,0.,0.));
#5243=DIRECTION('ref_axis',(0.,0.707106781186547,0.707106781186547));
#5244=DIRECTION('center_axis',(0.,-0.707106781186564,0.707106781186531));
#5245=DIRECTION('ref_axis',(-1.,0.,0.));
#5246=DIRECTION('center_axis',(-1.,0.,0.));
#5247=DIRECTION('ref_axis',(0.,0.923879532511282,0.382683432365101));
#5248=DIRECTION('',(1.,0.,0.));
#5249=DIRECTION('',(-1.,0.,0.));
#5250=DIRECTION('center_axis',(0.,-0.707106781186548,0.707106781186548));
#5251=DIRECTION('ref_axis',(-0.707106781186481,0.500000000000055,0.500000000000039));
#5252=DIRECTION('',(0.,0.707106781186548,-0.707106781186548));
#5253=DIRECTION('',(0.,-0.707106781186548,0.707106781186548));
#5254=DIRECTION('center_axis',(0.,0.,1.));
#5255=DIRECTION('ref_axis',(1.,0.,0.));
#5256=DIRECTION('center_axis',(-1.,0.,0.));
#5257=DIRECTION('ref_axis',(0.,0.707106781186547,-0.707106781186547));
#5258=DIRECTION('center_axis',(0.,-0.707106781186554,-0.707106781186541));
#5259=DIRECTION('ref_axis',(1.,0.,0.));
#5260=DIRECTION('center_axis',(0.,0.,1.));
#5261=DIRECTION('ref_axis',(0.,1.,0.));
#5262=DIRECTION('center_axis',(0.,-0.707106781186548,-0.707106781186548));
#5263=DIRECTION('ref_axis',(0.707106781186476,0.500000000000051,-0.500000000000051));
#5264=DIRECTION('',(0.,0.707106781186548,0.707106781186548));
#5265=DIRECTION('',(0.,-0.707106781186548,-0.707106781186548));
#5266=DIRECTION('center_axis',(0.,0.,-1.));
#5267=DIRECTION('ref_axis',(0.707106781186477,0.707106781186618,0.));
#5268=DIRECTION('',(0.,0.,1.));
#5269=DIRECTION('',(0.,0.,-1.));
#5270=DIRECTION('center_axis',(0.,0.,1.));
#5271=DIRECTION('ref_axis',(1.,0.,0.));
#5272=DIRECTION('center_axis',(1.,0.,0.));
#5273=DIRECTION('ref_axis',(0.,1.,0.));
#5274=DIRECTION('center_axis',(0.,0.,1.));
#5275=DIRECTION('ref_axis',(-1.,0.,0.));
#5276=DIRECTION('center_axis',(0.,-0.707106781186549,-0.707106781186546));
#5277=DIRECTION('ref_axis',(0.,0.707106781186546,-0.707106781186549));
#5278=DIRECTION('center_axis',(0.,0.,1.));
#5279=DIRECTION('ref_axis',(-0.707106781186477,0.707106781186618,0.));
#5280=DIRECTION('',(0.,0.,-1.));
#5281=DIRECTION('',(0.,0.,1.));
#5282=DIRECTION('center_axis',(0.,0.707106781186548,0.707106781186548));
#5283=DIRECTION('ref_axis',(-0.707106781186476,0.50000000000005,-0.500000000000051));
#5284=DIRECTION('',(0.,-0.707106781186548,-0.707106781186548));
#5285=DIRECTION('',(0.,0.707106781186548,0.707106781186548));
#5286=DIRECTION('center_axis',(1.,0.,0.));
#5287=DIRECTION('ref_axis',(0.,0.923879532511287,-0.38268343236509));
#5288=DIRECTION('',(-1.,0.,0.));
#5289=DIRECTION('',(1.,0.,0.));
#5290=DIRECTION('center_axis',(0.,0.707106781186548,-0.707106781186548));
#5291=DIRECTION('ref_axis',(0.707106781186485,0.500000000000046,0.500000000000042));
#5292=DIRECTION('',(0.,-0.707106781186548,0.707106781186548));
#5293=DIRECTION('',(0.,0.707106781186548,-0.707106781186548));
#5294=DIRECTION('center_axis',(0.,0.,-1.));
#5295=DIRECTION('ref_axis',(-0.707106781186477,-0.707106781186618,0.));
#5296=DIRECTION('',(0.,0.,-1.));
#5297=DIRECTION('center_axis',(-1.,0.,0.));
#5298=DIRECTION('ref_axis',(0.,0.,1.));
#5299=DIRECTION('center_axis',(0.,-0.707106781186548,0.707106781186548));
#5300=DIRECTION('ref_axis',(0.,0.707106781186548,0.707106781186548));
#5301=DIRECTION('center_axis',(0.,1.,0.));
#5302=DIRECTION('ref_axis',(0.,0.,1.));
#5303=DIRECTION('center_axis',(0.,-0.707106781186548,-0.707106781186548));
#5304=DIRECTION('ref_axis',(0.,-0.707106781186548,0.707106781186548));
#5305=DIRECTION('center_axis',(1.,0.,0.));
#5306=DIRECTION('ref_axis',(0.,0.,-1.));
#5307=DIRECTION('center_axis',(0.,-1.,0.));
#5308=DIRECTION('ref_axis',(0.,0.,-1.));
#5309=DIRECTION('center_axis',(0.,-1.,0.));
#5310=DIRECTION('ref_axis',(0.,0.,1.));
#5311=DIRECTION('center_axis',(-1.,0.,0.));
#5312=DIRECTION('ref_axis',(0.,1.,0.));
#5313=DIRECTION('center_axis',(0.,0.,-1.));
#5314=DIRECTION('ref_axis',(-1.,0.,0.));
#5315=DIRECTION('center_axis',(0.,-1.,0.));
#5316=DIRECTION('ref_axis',(0.,0.,-1.));
#5317=DIRECTION('center_axis',(-1.,0.,0.));
#5318=DIRECTION('ref_axis',(0.,0.,-1.));
#5319=DIRECTION('center_axis',(0.,1.,0.));
#5320=DIRECTION('ref_axis',(1.,0.,0.));
#5321=DIRECTION('center_axis',(0.,0.,-1.));
#5322=DIRECTION('ref_axis',(0.,-1.,0.));
#5323=DIRECTION('center_axis',(-4.18732476611905E-15,-0.942901712818663,
0.333071103465358));
#5324=DIRECTION('ref_axis',(0.,-0.333071103465358,-0.942901712818663));
#5325=DIRECTION('center_axis',(0.,0.,1.));
#5326=DIRECTION('ref_axis',(0.,1.,0.));
#5327=DIRECTION('center_axis',(-1.,0.,0.));
#5328=DIRECTION('ref_axis',(0.,-0.561158303867641,0.827708498204768));
#5329=DIRECTION('center_axis',(0.,0.,1.));
#5330=DIRECTION('ref_axis',(-0.707106781186576,0.707106781186519,0.));
#5331=DIRECTION('',(0.,0.,1.));
#5332=DIRECTION('center_axis',(0.,1.,0.));
#5333=DIRECTION('ref_axis',(0.,0.,1.));
#5334=DIRECTION('center_axis',(1.,0.,0.));
#5335=DIRECTION('ref_axis',(0.,0.,-1.));
#5336=DIRECTION('center_axis',(0.,-1.,0.));
#5337=DIRECTION('ref_axis',(-1.,0.,0.));
#5338=DIRECTION('center_axis',(0.,0.,-1.));
#5339=DIRECTION('ref_axis',(0.,1.,0.));
#5340=DIRECTION('center_axis',(-1.,0.,0.));
#5341=DIRECTION('ref_axis',(0.,0.707106781186557,-0.707106781186538));
#5342=DIRECTION('',(-1.,0.,0.));
#5343=DIRECTION('center_axis',(1.04683119152976E-15,0.942901712818663,-0.33307110346536));
#5344=DIRECTION('ref_axis',(0.,-0.33307110346536,-0.942901712818662));
#5345=DIRECTION('center_axis',(-1.,0.,0.));
#5346=DIRECTION('ref_axis',(0.,-1.,0.));
#5347=DIRECTION('center_axis',(0.,0.,1.));
#5348=DIRECTION('ref_axis',(-1.,0.,0.));
#5349=DIRECTION('center_axis',(0.,1.,0.));
#5350=DIRECTION('ref_axis',(0.,0.,1.));
#5351=DIRECTION('center_axis',(0.,1.,0.));
#5352=DIRECTION('ref_axis',(0.,0.,1.));
#5353=DIRECTION('center_axis',(1.,0.,0.));
#5354=DIRECTION('ref_axis',(0.,-1.,0.));
#5355=DIRECTION('center_axis',(0.,0.,-1.));
#5356=DIRECTION('ref_axis',(1.,0.,0.));
#5357=DIRECTION('center_axis',(1.,0.,0.));
#5358=DIRECTION('ref_axis',(0.,-0.707106781186555,-0.70710678118654));
#5359=DIRECTION('',(1.,0.,0.));
#5360=DIRECTION('center_axis',(2.70819193450086E-15,-0.942901712818662,
0.333071103465361));
#5361=DIRECTION('ref_axis',(0.,-0.333071103465361,-0.942901712818662));
#5362=DIRECTION('center_axis',(1.,0.,0.));
#5363=DIRECTION('ref_axis',(0.,1.,0.));
#5364=DIRECTION('center_axis',(0.,0.,1.));
#5365=DIRECTION('ref_axis',(1.,0.,0.));
#5366=DIRECTION('center_axis',(-1.,0.,0.));
#5367=DIRECTION('ref_axis',(0.,0.468423791097524,0.883503906009375));
#5368=DIRECTION('',(1.,0.,0.));
#5369=DIRECTION('center_axis',(0.,0.,-1.));
#5370=DIRECTION('ref_axis',(0.707106781186576,0.707106781186519,0.));
#5371=DIRECTION('',(0.,0.,-1.));
#5372=DIRECTION('center_axis',(1.60998673055939E-15,0.942901712818664,-0.333071103465357));
#5373=DIRECTION('ref_axis',(0.,-0.333071103465357,-0.942901712818663));
#5374=DIRECTION('center_axis',(0.,0.,1.));
#5375=DIRECTION('ref_axis',(0.,-1.,0.));
#5376=DIRECTION('center_axis',(1.,0.,0.));
#5377=DIRECTION('ref_axis',(0.,-0.56115830386764,0.827708498204769));
#5378=DIRECTION('center_axis',(0.,0.,1.));
#5379=DIRECTION('ref_axis',(0.707106781186578,-0.707106781186517,0.));
#5380=DIRECTION('',(0.,0.,1.));
#5381=DIRECTION('center_axis',(-1.,0.,0.));
#5382=DIRECTION('ref_axis',(0.,-0.883503906009373,0.468423791097528));
#5383=DIRECTION('',(-1.,0.,0.));
#5384=DIRECTION('center_axis',(0.,0.827708498204769,0.56115830386764));
#5385=DIRECTION('ref_axis',(-0.707106781186577,0.396798841983933,-0.585278291926301));
#5386=DIRECTION('',(0.,-0.827708498204769,-0.56115830386764));
#5387=DIRECTION('',(0.,0.827708498204769,0.56115830386764));
#5388=DIRECTION('center_axis',(0.,1.,0.));
#5389=DIRECTION('ref_axis',(-0.707106781186585,0.,0.70710678118651));
#5390=DIRECTION('',(0.,-1.,0.));
#5391=DIRECTION('',(0.,1.,0.));
#5392=DIRECTION('center_axis',(0.,0.,-1.));
#5393=DIRECTION('ref_axis',(-0.707106781186578,-0.707106781186517,0.));
#5394=DIRECTION('',(0.,0.,-1.));
#5395=DIRECTION('center_axis',(0.,-0.827708498204769,-0.56115830386764));
#5396=DIRECTION('ref_axis',(0.707106781186526,0.396798841983963,-0.585278291926342));
#5397=DIRECTION('',(0.,0.827708498204769,0.56115830386764));
#5398=DIRECTION('',(0.,-0.827708498204769,-0.56115830386764));
#5399=DIRECTION('center_axis',(0.,1.,0.));
#5400=DIRECTION('ref_axis',(0.707106781186585,0.,0.70710678118651));
#5401=DIRECTION('',(0.,-1.,0.));
#5402=DIRECTION('',(0.,1.,0.));
#5403=DIRECTION('center_axis',(0.,0.,1.));
#5404=DIRECTION('ref_axis',(1.,0.,0.));
#5405=DIRECTION('center_axis',(-1.,0.,0.));
#5406=DIRECTION('ref_axis',(0.,0.,1.));
#5407=DIRECTION('center_axis',(0.,-0.56115830386764,0.827708498204769));
#5408=DIRECTION('ref_axis',(0.,0.827708498204769,0.56115830386764));
#5409=DIRECTION('center_axis',(1.,0.,0.));
#5410=DIRECTION('ref_axis',(0.,0.,-1.));
#5411=DIRECTION('center_axis',(-0.170112439679145,-0.941663177664657,0.290400099340393));
#5412=DIRECTION('ref_axis',(-0.475963149477969,0.336556770590773,0.812519920068747));
#5413=DIRECTION('center_axis',(1.,0.,0.));
#5414=DIRECTION('ref_axis',(0.,0.,1.));
#5415=DIRECTION('center_axis',(0.,-1.,0.));
#5416=DIRECTION('ref_axis',(-1.,0.,0.));
#5417=DIRECTION('center_axis',(3.92523114670951E-15,0.70710678118655,-0.707106781186545));
#5418=DIRECTION('ref_axis',(0.,0.707106781186545,0.70710678118655));
#5419=DIRECTION('center_axis',(1.,0.,0.));
#5420=DIRECTION('ref_axis',(0.,-0.707106781186542,-0.707106781186553));
#5421=DIRECTION('center_axis',(1.64570318839536E-15,0.316227766016839,0.948683298050513));
#5422=DIRECTION('ref_axis',(0.,0.948683298050513,-0.316227766016839));
#5423=DIRECTION('center_axis',(0.,-1.,0.));
#5424=DIRECTION('ref_axis',(0.,0.,-1.));
#5425=DIRECTION('center_axis',(0.170112439679145,-0.941663177664657,0.290400099340393));
#5426=DIRECTION('ref_axis',(0.475963149477969,0.336556770590773,0.812519920068747));
#5427=DIRECTION('center_axis',(-1.,0.,0.));
#5428=DIRECTION('ref_axis',(0.,0.707106781186542,0.707106781186553));
#5429=DIRECTION('center_axis',(0.,0.707106781186553,-0.707106781186542));
#5430=DIRECTION('ref_axis',(1.,0.,0.));
#5431=DIRECTION('center_axis',(0.,-1.,0.));
#5432=DIRECTION('ref_axis',(0.,0.,1.));
#5433=DIRECTION('center_axis',(0.170112439679143,-0.941663177664654,-0.290400099340403));
#5434=DIRECTION('ref_axis',(-0.47596314947796,-0.336556770590784,0.812519920068748));
#5435=DIRECTION('center_axis',(0.,1.,0.));
#5436=DIRECTION('ref_axis',(0.,0.,1.));
#5437=DIRECTION('center_axis',(1.,0.,0.));
#5438=DIRECTION('ref_axis',(0.,-0.707106781186547,0.707106781186547));
#5439=DIRECTION('center_axis',(0.,-0.707106781186536,-0.707106781186559));
#5440=DIRECTION('ref_axis',(-1.,0.,0.));
#5441=DIRECTION('center_axis',(3.94968765214887E-15,0.316227766016838,0.948683298050514));
#5442=DIRECTION('ref_axis',(0.,0.948683298050514,-0.316227766016838));
#5443=DIRECTION('center_axis',(-1.,0.,0.));
#5444=DIRECTION('ref_axis',(0.,0.,-1.));
#5445=DIRECTION('center_axis',(0.,-1.,0.));
#5446=DIRECTION('ref_axis',(-1.,0.,0.));
#5447=DIRECTION('center_axis',(-1.,0.,0.));
#5448=DIRECTION('ref_axis',(0.,-0.382683432365082,-0.92387953251129));
#5449=DIRECTION('',(-1.,0.,0.));
#5450=DIRECTION('center_axis',(-1.75541673428842E-15,-0.316227766016835,
0.948683298050515));
#5451=DIRECTION('ref_axis',(0.,-0.948683298050515,-0.316227766016835));
#5452=DIRECTION('center_axis',(1.,0.,0.));
#5453=DIRECTION('ref_axis',(0.,0.,-1.));
#5454=DIRECTION('center_axis',(0.,1.,0.));
#5455=DIRECTION('ref_axis',(1.,0.,0.));
#5456=DIRECTION('center_axis',(-0.170112439679146,-0.941663177664655,-0.290400099340399));
#5457=DIRECTION('ref_axis',(0.475963149477969,-0.336556770590773,0.812519920068747));
#5458=DIRECTION('center_axis',(-1.,0.,0.));
#5459=DIRECTION('ref_axis',(0.,0.,1.));
#5460=DIRECTION('center_axis',(0.,1.,0.));
#5461=DIRECTION('ref_axis',(1.,0.,0.));
#5462=DIRECTION('center_axis',(0.,-0.707106781186548,-0.707106781186548));
#5463=DIRECTION('ref_axis',(0.,-0.707106781186547,0.707106781186547));
#5464=DIRECTION('center_axis',(0.,1.,0.));
#5465=DIRECTION('ref_axis',(0.707106781186477,0.,0.707106781186618));
#5466=DIRECTION('',(0.,-1.,0.));
#5467=DIRECTION('',(0.,1.,0.));
#5468=DIRECTION('center_axis',(-1.64570318839536E-15,-0.316227766016837,
0.948683298050514));
#5469=DIRECTION('ref_axis',(0.,-0.948683298050514,-0.316227766016837));
#5470=DIRECTION('center_axis',(0.,1.,0.));
#5471=DIRECTION('ref_axis',(0.,0.,-1.));
#5472=DIRECTION('center_axis',(-1.,0.,0.));
#5473=DIRECTION('ref_axis',(0.,0.707106781186548,-0.707106781186547));
#5474=DIRECTION('center_axis',(0.,1.,0.));
#5475=DIRECTION('ref_axis',(-0.707106781186477,0.,-0.707106781186618));
#5476=DIRECTION('',(0.,1.,0.));
#5477=DIRECTION('center_axis',(1.,0.,0.));
#5478=DIRECTION('ref_axis',(0.,0.38268343236509,-0.923879532511286));
#5479=DIRECTION('',(1.,0.,0.));
#5480=DIRECTION('center_axis',(0.,0.707106781186548,0.707106781186548));
#5481=DIRECTION('ref_axis',(0.707106781186476,-0.500000000000051,0.500000000000051));
#5482=DIRECTION('',(0.,-0.707106781186548,-0.707106781186548));
#5483=DIRECTION('',(0.,0.707106781186548,0.707106781186548));
#5484=DIRECTION('center_axis',(-1.,0.,0.));
#5485=DIRECTION('ref_axis',(0.,-0.38268343236509,0.923879532511287));
#5486=DIRECTION('',(1.,0.,0.));
#5487=DIRECTION('',(-1.,0.,0.));
#5488=DIRECTION('center_axis',(0.,-1.,0.));
#5489=DIRECTION('ref_axis',(0.707106781186477,0.,-0.707106781186618));
#5490=DIRECTION('',(0.,-1.,0.));
#5491=DIRECTION('center_axis',(0.,-0.707106781186548,-0.707106781186548));
#5492=DIRECTION('ref_axis',(-0.707106781186481,-0.500000000000039,0.500000000000055));
#5493=DIRECTION('',(0.,0.707106781186548,0.707106781186548));
#5494=DIRECTION('',(0.,-0.707106781186548,-0.707106781186548));
#5495=DIRECTION('center_axis',(0.,0.707106781186548,-0.707106781186548));
#5496=DIRECTION('ref_axis',(0.707106781186484,0.500000000000041,0.500000000000049));
#5497=DIRECTION('',(0.,-0.707106781186548,0.707106781186548));
#5498=DIRECTION('',(0.,0.707106781186548,-0.707106781186548));
#5499=DIRECTION('center_axis',(0.,-1.,0.));
#5500=DIRECTION('ref_axis',(-0.707106781186477,0.,0.707106781186618));
#5501=DIRECTION('',(0.,1.,0.));
#5502=DIRECTION('',(0.,-1.,0.));
#5503=DIRECTION('center_axis',(1.,0.,0.));
#5504=DIRECTION('ref_axis',(0.,0.382683432365082,0.92387953251129));
#5505=DIRECTION('',(-1.,0.,0.));
#5506=DIRECTION('',(1.,0.,0.));
#5507=DIRECTION('center_axis',(0.,-0.707106781186548,0.707106781186548));
#5508=DIRECTION('ref_axis',(-0.707106781186486,0.500000000000042,0.500000000000045));
#5509=DIRECTION('',(0.,0.707106781186548,-0.707106781186548));
#5510=DIRECTION('',(0.,-0.707106781186548,0.707106781186548));
#5511=DIRECTION('center_axis',(0.,-0.707106781186548,-0.707106781186548));
#5512=DIRECTION('ref_axis',(0.,-0.707106781186548,0.707106781186548));
#5513=DIRECTION('center_axis',(0.,0.,1.));
#5514=DIRECTION('ref_axis',(1.,0.,0.));
#5515=DIRECTION('center_axis',(1.,0.,0.));
#5516=DIRECTION('ref_axis',(0.,1.,0.));
#5517=DIRECTION('center_axis',(0.,0.707106781186548,-0.707106781186548));
#5518=DIRECTION('ref_axis',(0.,-0.707106781186548,-0.707106781186548));
#5519=DIRECTION('center_axis',(-1.,0.,0.));
#5520=DIRECTION('ref_axis',(0.,-1.,0.));
#5521=DIRECTION('center_axis',(-8.22851594197682E-17,-0.316227766016839,
0.948683298050513));
#5522=DIRECTION('ref_axis',(0.,-0.948683298050513,-0.316227766016839));
#5523=DIRECTION('center_axis',(0.,1.,0.));
#5524=DIRECTION('ref_axis',(0.,0.,-1.));
#5525=DIRECTION('center_axis',(-1.,0.,0.));
#5526=DIRECTION('ref_axis',(0.,0.707106781186548,-0.707106781186547));
#5527=DIRECTION('center_axis',(-2.63312510143259E-15,-0.316227766016833,
0.948683298050516));
#5528=DIRECTION('ref_axis',(0.,-0.948683298050516,-0.316227766016833));
#5529=DIRECTION('center_axis',(1.,0.,0.));
#5530=DIRECTION('ref_axis',(0.,0.,-1.));
#5531=DIRECTION('center_axis',(0.,1.,0.));
#5532=DIRECTION('ref_axis',(1.,0.,0.));
#5533=DIRECTION('center_axis',(1.,0.,0.));
#5534=DIRECTION('ref_axis',(0.,0.382683432365091,-0.923879532511286));
#5535=DIRECTION('',(1.,0.,0.));
#5536=DIRECTION('center_axis',(2.63312510143259E-15,0.316227766016833,0.948683298050515));
#5537=DIRECTION('ref_axis',(0.,0.948683298050515,-0.316227766016833));
#5538=DIRECTION('center_axis',(-1.,0.,0.));
#5539=DIRECTION('ref_axis',(0.,0.,-1.));
#5540=DIRECTION('center_axis',(0.,-1.,0.));
#5541=DIRECTION('ref_axis',(-1.,0.,0.));
#5542=DIRECTION('center_axis',(-0.170112439679146,-0.941663177664655,-0.290400099340399));
#5543=DIRECTION('ref_axis',(0.475963149477969,-0.336556770590773,0.812519920068747));
#5544=DIRECTION('center_axis',(-1.,0.,0.));
#5545=DIRECTION('ref_axis',(0.,0.,1.));
#5546=DIRECTION('center_axis',(0.,1.,0.));
#5547=DIRECTION('ref_axis',(1.,0.,0.));
#5548=DIRECTION('center_axis',(0.,-0.707106781186546,-0.707106781186549));
#5549=DIRECTION('ref_axis',(0.,-0.707106781186549,0.707106781186546));
#5550=DIRECTION('center_axis',(1.,0.,0.));
#5551=DIRECTION('ref_axis',(0.,-0.707106781186543,-0.707106781186553));
#5552=DIRECTION('center_axis',(-1.41256190337269E-14,0.316227766016839,
0.948683298050513));
#5553=DIRECTION('ref_axis',(0.,0.948683298050513,-0.316227766016839));
#5554=DIRECTION('center_axis',(0.,-1.,0.));
#5555=DIRECTION('ref_axis',(0.,0.,-1.));
#5556=DIRECTION('center_axis',(-1.,0.,0.));
#5557=DIRECTION('ref_axis',(0.,-0.382683432365082,-0.92387953251129));
#5558=DIRECTION('',(-1.,0.,0.));
#5559=DIRECTION('center_axis',(0.170112439679143,-0.941663177664654,-0.290400099340403));
#5560=DIRECTION('ref_axis',(-0.47596314947796,-0.336556770590784,0.812519920068748));
#5561=DIRECTION('center_axis',(0.,1.,0.));
#5562=DIRECTION('ref_axis',(0.,0.,1.));
#5563=DIRECTION('center_axis',(1.,0.,0.));
#5564=DIRECTION('ref_axis',(0.,-0.707106781186547,0.707106781186547));
#5565=DIRECTION('center_axis',(0.,-0.707106781186541,-0.707106781186554));
#5566=DIRECTION('ref_axis',(-1.,0.,0.));
#5567=DIRECTION('center_axis',(-1.,0.,0.));
#5568=DIRECTION('ref_axis',(0.,-0.38268343236509,0.923879532511287));
#5569=DIRECTION('',(1.,0.,0.));
#5570=DIRECTION('',(-1.,0.,0.));
#5571=DIRECTION('center_axis',(0.,-0.707106781186548,-0.707106781186548));
#5572=DIRECTION('ref_axis',(-0.707106781186476,-0.500000000000051,0.500000000000051));
#5573=DIRECTION('',(0.,0.707106781186548,0.707106781186548));
#5574=DIRECTION('',(0.,-0.707106781186548,-0.707106781186548));
#5575=DIRECTION('center_axis',(0.170112439679145,-0.941663177664656,0.290400099340397));
#5576=DIRECTION('ref_axis',(0.475963149477962,0.336556770590768,0.812519920068753));
#5577=DIRECTION('center_axis',(-2.22044604925036E-14,-1.,0.));
#5578=DIRECTION('ref_axis',(0.,0.,1.));
#5579=DIRECTION('center_axis',(-1.,0.,0.));
#5580=DIRECTION('ref_axis',(0.,0.707106781186547,0.707106781186547));
#5581=DIRECTION('center_axis',(0.,0.707106781186531,-0.707106781186564));
#5582=DIRECTION('ref_axis',(1.,0.,0.));
#5583=DIRECTION('center_axis',(-0.170112439679146,-0.941663177664659,0.290400099340385));
#5584=DIRECTION('ref_axis',(-0.475963149477968,0.336556770590771,0.812519920068748));
#5585=DIRECTION('center_axis',(1.,0.,0.));
#5586=DIRECTION('ref_axis',(0.,0.,1.));
#5587=DIRECTION('center_axis',(0.,-1.,-2.22044604925031E-14));
#5588=DIRECTION('ref_axis',(-1.,0.,0.));
#5589=DIRECTION('center_axis',(1.96261557335474E-15,0.707106781186554,-0.707106781186541));
#5590=DIRECTION('ref_axis',(0.,0.707106781186541,0.707106781186554));
#5591=DIRECTION('center_axis',(0.,-1.,0.));
#5592=DIRECTION('ref_axis',(-0.707106781186477,0.,0.707106781186618));
#5593=DIRECTION('',(0.,1.,0.));
#5594=DIRECTION('',(0.,-1.,0.));
#5595=DIRECTION('center_axis',(0.,-0.707106781186548,0.707106781186548));
#5596=DIRECTION('ref_axis',(-0.707106781186485,0.500000000000042,0.500000000000046));
#5597=DIRECTION('',(0.,0.707106781186548,-0.707106781186548));
#5598=DIRECTION('',(0.,-0.707106781186548,0.707106781186548));
#5599=DIRECTION('center_axis',(1.,0.,0.));
#5600=DIRECTION('ref_axis',(0.,0.382683432365101,0.923879532511282));
#5601=DIRECTION('',(-1.,0.,0.));
#5602=DIRECTION('',(1.,0.,0.));
#5603=DIRECTION('center_axis',(0.,0.707106781186548,-0.707106781186548));
#5604=DIRECTION('ref_axis',(0.707106781186481,0.500000000000039,0.500000000000055));
#5605=DIRECTION('',(0.,-0.707106781186548,0.707106781186548));
#5606=DIRECTION('',(0.,0.707106781186548,-0.707106781186548));
#5607=DIRECTION('center_axis',(0.,1.,0.));
#5608=DIRECTION('ref_axis',(0.707106781186477,0.,0.707106781186618));
#5609=DIRECTION('',(0.,-1.,0.));
#5610=DIRECTION('',(0.,1.,0.));
#5611=DIRECTION('center_axis',(0.,-1.,0.));
#5612=DIRECTION('ref_axis',(0.707106781186477,0.,-0.707106781186618));
#5613=DIRECTION('',(0.,-1.,0.));
#5614=DIRECTION('center_axis',(0.,0.707106781186548,0.707106781186548));
#5615=DIRECTION('ref_axis',(0.707106781186476,-0.500000000000051,0.500000000000051));
#5616=DIRECTION('',(0.,-0.707106781186548,-0.707106781186548));
#5617=DIRECTION('',(0.,0.707106781186548,0.707106781186548));
#5618=DIRECTION('center_axis',(0.,1.,0.));
#5619=DIRECTION('ref_axis',(-0.707106781186477,0.,-0.707106781186618));
#5620=DIRECTION('',(0.,1.,0.));
#5621=DIRECTION('center_axis',(0.,-0.707106781186548,-0.707106781186548));
#5622=DIRECTION('ref_axis',(0.,0.707106781186548,-0.707106781186548));
#5623=DIRECTION('center_axis',(0.,0.707106781186548,-0.707106781186548));
#5624=DIRECTION('ref_axis',(0.,0.707106781186548,0.707106781186548));
#5625=DIRECTION('center_axis',(0.,0.,1.));
#5626=DIRECTION('ref_axis',(1.,0.,0.));
#5627=DIRECTION('center_axis',(-1.,0.,0.));
#5628=DIRECTION('ref_axis',(0.,-1.,0.));
#5629=DIRECTION('center_axis',(1.,0.,0.));
#5630=DIRECTION('ref_axis',(0.,1.,0.));
#5631=DIRECTION('center_axis',(0.,0.,-1.));
#5632=DIRECTION('ref_axis',(-1.,0.,0.));
#5633=DIRECTION('center_axis',(0.,0.,-1.));
#5634=DIRECTION('ref_axis',(0.,1.,0.));
#5635=DIRECTION('center_axis',(1.,0.,0.));
#5636=DIRECTION('ref_axis',(0.,0.,1.));
#5637=DIRECTION('center_axis',(0.,-1.,0.));
#5638=DIRECTION('ref_axis',(1.,0.,0.));
#5639=DIRECTION('center_axis',(0.,0.,-1.));
#5640=DIRECTION('ref_axis',(-1.,0.,0.));
#5641=DIRECTION('center_axis',(1.,0.,0.));
#5642=DIRECTION('ref_axis',(0.,-1.,0.));
#5643=DIRECTION('center_axis',(0.,0.,1.));
#5644=DIRECTION('ref_axis',(-1.,0.,0.));
#5645=DIRECTION('center_axis',(0.,-1.,0.));
#5646=DIRECTION('ref_axis',(0.,0.,-1.));
#5647=DIRECTION('center_axis',(-1.47913283161816E-15,0.333071103465354,
-0.942901712818665));
#5648=DIRECTION('ref_axis',(0.,-0.942901712818665,-0.333071103465354));
#5649=DIRECTION('center_axis',(0.,1.,0.));
#5650=DIRECTION('ref_axis',(0.,0.,1.));
#5651=DIRECTION('center_axis',(1.,0.,0.));
#5652=DIRECTION('ref_axis',(0.,0.827708498204769,-0.56115830386764));
#5653=DIRECTION('center_axis',(0.,1.,0.));
#5654=DIRECTION('ref_axis',(0.707106781186576,0.,0.707106781186519));
#5655=DIRECTION('',(0.,1.,0.));
#5656=DIRECTION('center_axis',(0.,0.,1.));
#5657=DIRECTION('ref_axis',(1.,0.,0.));
#5658=DIRECTION('center_axis',(-1.,0.,0.));
#5659=DIRECTION('ref_axis',(0.,-1.,0.));
#5660=DIRECTION('center_axis',(0.,0.,-1.));
#5661=DIRECTION('ref_axis',(1.,0.,0.));
#5662=DIRECTION('center_axis',(0.,-1.,0.));
#5663=DIRECTION('ref_axis',(0.,0.,1.));
#5664=DIRECTION('center_axis',(1.,0.,0.));
#5665=DIRECTION('ref_axis',(0.,-0.707106781186538,0.707106781186557));
#5666=DIRECTION('',(1.,0.,0.));
#5667=DIRECTION('center_axis',(-1.47913283161818E-15,-0.33307110346536,
0.942901712818662));
#5668=DIRECTION('ref_axis',(0.,-0.942901712818662,-0.33307110346536));
#5669=DIRECTION('center_axis',(1.,0.,0.));
#5670=DIRECTION('ref_axis',(0.,0.,-1.));
#5671=DIRECTION('center_axis',(0.,1.,0.));
#5672=DIRECTION('ref_axis',(1.,0.,0.));
#5673=DIRECTION('center_axis',(0.,0.,1.));
#5674=DIRECTION('ref_axis',(1.,0.,0.));
#5675=DIRECTION('center_axis',(0.,0.,1.));
#5676=DIRECTION('ref_axis',(0.,1.,0.));
#5677=DIRECTION('center_axis',(-1.,0.,0.));
#5678=DIRECTION('ref_axis',(0.,0.,-1.));
#5679=DIRECTION('center_axis',(0.,-1.,0.));
#5680=DIRECTION('ref_axis',(-1.,0.,0.));
#5681=DIRECTION('center_axis',(-1.,0.,0.));
#5682=DIRECTION('ref_axis',(0.,-0.70710678118654,-0.707106781186555));
#5683=DIRECTION('',(-1.,0.,0.));
#5684=DIRECTION('center_axis',(0.,0.33307110346536,-0.942901712818663));
#5685=DIRECTION('ref_axis',(0.,-0.942901712818663,-0.33307110346536));
#5686=DIRECTION('center_axis',(-1.,0.,0.));
#5687=DIRECTION('ref_axis',(0.,0.,1.));
#5688=DIRECTION('center_axis',(0.,1.,0.));
#5689=DIRECTION('ref_axis',(-1.,0.,0.));
#5690=DIRECTION('center_axis',(-1.,0.,0.));
#5691=DIRECTION('ref_axis',(0.,0.88350390600937,0.468423791097535));
#5692=DIRECTION('',(-1.,0.,0.));
#5693=DIRECTION('center_axis',(0.,-1.,0.));
#5694=DIRECTION('ref_axis',(-0.707106781186576,0.,0.707106781186519));
#5695=DIRECTION('',(0.,-1.,0.));
#5696=DIRECTION('center_axis',(2.52596402314793E-15,-0.333071103465357,
0.942901712818664));
#5697=DIRECTION('ref_axis',(0.,-0.942901712818664,-0.333071103465357));
#5698=DIRECTION('center_axis',(0.,1.,0.));
#5699=DIRECTION('ref_axis',(0.,0.,-1.));
#5700=DIRECTION('center_axis',(-1.,0.,0.));
#5701=DIRECTION('ref_axis',(0.,0.827708498204768,-0.56115830386764));
#5702=DIRECTION('center_axis',(0.,1.,0.));
#5703=DIRECTION('ref_axis',(-0.707106781186578,0.,-0.707106781186517));
#5704=DIRECTION('',(0.,1.,0.));
#5705=DIRECTION('center_axis',(1.,0.,0.));
#5706=DIRECTION('ref_axis',(0.,0.468423791097525,-0.883503906009375));
#5707=DIRECTION('',(1.,0.,0.));
#5708=DIRECTION('center_axis',(0.,0.56115830386764,0.827708498204769));
#5709=DIRECTION('ref_axis',(0.70710678118653,-0.58527829192634,0.396798841983959));
#5710=DIRECTION('',(0.,-0.56115830386764,-0.827708498204769));
#5711=DIRECTION('',(0.,0.56115830386764,0.827708498204769));
#5712=DIRECTION('center_axis',(0.,0.,1.));
#5713=DIRECTION('ref_axis',(0.707106781186585,0.70710678118651,0.));
#5714=DIRECTION('',(0.,0.,-1.));
#5715=DIRECTION('',(0.,0.,1.));
#5716=DIRECTION('center_axis',(0.,-1.,0.));
#5717=DIRECTION('ref_axis',(0.707106781186578,0.,-0.707106781186517));
#5718=DIRECTION('',(0.,-1.,0.));
#5719=DIRECTION('center_axis',(0.,-0.56115830386764,-0.827708498204769));
#5720=DIRECTION('ref_axis',(-0.707106781186577,-0.585278291926301,0.396798841983932));
#5721=DIRECTION('',(0.,0.56115830386764,0.827708498204769));
#5722=DIRECTION('',(0.,-0.56115830386764,-0.827708498204769));
#5723=DIRECTION('center_axis',(0.,0.,1.));
#5724=DIRECTION('ref_axis',(-0.707106781186585,0.70710678118651,0.));
#5725=DIRECTION('',(0.,0.,-1.));
#5726=DIRECTION('',(0.,0.,1.));
#5727=DIRECTION('center_axis',(0.,1.,0.));
#5728=DIRECTION('ref_axis',(-1.,0.,0.));
#5729=DIRECTION('center_axis',(1.,0.,0.));
#5730=DIRECTION('ref_axis',(0.,1.,0.));
#5731=DIRECTION('center_axis',(0.,0.827708498204769,-0.56115830386764));
#5732=DIRECTION('ref_axis',(0.,-0.56115830386764,-0.827708498204769));
#5733=DIRECTION('center_axis',(-1.,0.,0.));
#5734=DIRECTION('ref_axis',(0.,-1.,0.));
#5735=DIRECTION('center_axis',(1.,0.,0.));
#5736=DIRECTION('ref_axis',(0.,0.,-1.));
#5737=DIRECTION('center_axis',(-1.,0.,0.));
#5738=DIRECTION('ref_axis',(0.,-0.707106781186549,0.707106781186547));
#5739=DIRECTION('',(0.,-0.707106781186548,0.707106781186547));
#5740=DIRECTION('center_axis',(-1.,0.,0.));
#5741=DIRECTION('ref_axis',(0.,-0.707106781186546,-0.707106781186549));
#5742=DIRECTION('',(0.,-0.707106781186547,-0.707106781186548));
#5743=DIRECTION('center_axis',(1.,0.,0.));
#5744=DIRECTION('ref_axis',(0.,0.,-1.));
#5745=DIRECTION('center_axis',(-1.,0.,0.));
#5746=DIRECTION('ref_axis',(0.,-0.707106781186548,0.707106781186548));
#5747=DIRECTION('',(0.,-0.707106781186548,0.707106781186548));
#5748=DIRECTION('center_axis',(-1.,0.,0.));
#5749=DIRECTION('ref_axis',(0.,-0.707106781186547,-0.707106781186549));
#5750=DIRECTION('',(0.,-0.707106781186547,-0.707106781186548));
#5751=DIRECTION('center_axis',(1.,0.,0.));
#5752=DIRECTION('ref_axis',(0.,0.,-1.));
#5753=DIRECTION('',(0.,0.707106781186548,0.707106781186547));
#5754=DIRECTION('center_axis',(-1.,0.,0.));
#5755=DIRECTION('ref_axis',(0.,-0.707106781186558,0.707106781186537));
#5756=DIRECTION('',(0.,-0.707106781186554,0.707106781186541));
#5757=DIRECTION('center_axis',(-1.,0.,0.));
#5758=DIRECTION('ref_axis',(0.,-0.707106781186538,-0.707106781186557));
#5759=DIRECTION('',(0.,-0.707106781186548,-0.707106781186548));
#5760=DIRECTION('center_axis',(0.,0.707106781186548,-0.707106781186547));
#5761=DIRECTION('ref_axis',(0.,-0.707106781186547,-0.707106781186548));
#5762=DIRECTION('',(-1.,0.,0.));
#5763=DIRECTION('center_axis',(0.,0.707106781186548,-0.707106781186547));
#5764=DIRECTION('ref_axis',(0.,-0.707106781186547,-0.707106781186548));
#5765=DIRECTION('',(-1.,0.,0.));
#5766=DIRECTION('center_axis',(0.,-0.707106781186547,0.707106781186548));
#5767=DIRECTION('ref_axis',(0.,0.707106781186548,0.707106781186547));
#5768=DIRECTION('',(0.,-0.707106781186548,-0.707106781186547));
#5769=DIRECTION('',(-1.,0.,0.));
#5770=DIRECTION('center_axis',(0.,0.707106781186547,-0.707106781186548));
#5771=DIRECTION('ref_axis',(0.,-0.707106781186548,-0.707106781186547));
#5772=DIRECTION('',(-1.,0.,0.));
#5773=DIRECTION('center_axis',(-1.,0.,0.));
#5774=DIRECTION('ref_axis',(0.,0.,1.));
#5775=DIRECTION('',(0.,0.707106781186548,0.707106781186548));
#5776=DIRECTION('center_axis',(1.,0.,0.));
#5777=DIRECTION('ref_axis',(0.,-0.707106781186538,-0.707106781186557));
#5778=DIRECTION('',(0.,0.707106781186554,-0.707106781186541));
#5779=DIRECTION('center_axis',(1.,0.,0.));
#5780=DIRECTION('ref_axis',(0.,-0.707106781186558,0.707106781186537));
#5781=DIRECTION('center_axis',(-1.,0.,0.));
#5782=DIRECTION('ref_axis',(0.,-0.707106781186549,0.707106781186547));
#5783=DIRECTION('',(-1.,0.,0.));
#5784=DIRECTION('center_axis',(0.,-0.707106781186547,-0.707106781186548));
#5785=DIRECTION('ref_axis',(0.,-0.707106781186548,0.707106781186547));
#5786=DIRECTION('',(-1.,0.,0.));
#5787=DIRECTION('center_axis',(-1.,0.,0.));
#5788=DIRECTION('ref_axis',(0.,-0.707106781186546,-0.707106781186549));
#5789=DIRECTION('center_axis',(-1.,0.,0.));
#5790=DIRECTION('ref_axis',(0.,-0.707106781186548,0.707106781186548));
#5791=DIRECTION('',(-1.,0.,0.));
#5792=DIRECTION('center_axis',(0.,-0.707106781186548,-0.707106781186548));
#5793=DIRECTION('ref_axis',(0.,-0.707106781186548,0.707106781186548));
#5794=DIRECTION('',(-1.,0.,0.));
#5795=DIRECTION('center_axis',(-1.,0.,0.));
#5796=DIRECTION('ref_axis',(0.,-0.707106781186547,-0.707106781186549));
#5797=DIRECTION('center_axis',(-1.,0.,0.));
#5798=DIRECTION('ref_axis',(0.,-0.707106781186558,0.707106781186537));
#5799=DIRECTION('',(-1.,0.,0.));
#5800=DIRECTION('center_axis',(0.,-0.707106781186541,-0.707106781186554));
#5801=DIRECTION('ref_axis',(0.,-0.707106781186554,0.707106781186541));
#5802=DIRECTION('',(-1.,0.,0.));
#5803=DIRECTION('center_axis',(-1.,0.,0.));
#5804=DIRECTION('ref_axis',(0.,-0.707106781186538,-0.707106781186557));
#5805=DIRECTION('',(-1.,0.,0.));
#5806=DIRECTION('center_axis',(-1.,0.,0.));
#5807=DIRECTION('ref_axis',(0.,-0.70710678118656,0.707106781186535));
#5808=DIRECTION('',(-1.,0.,0.));
#5809=DIRECTION('center_axis',(0.,-0.707106781186547,-0.707106781186548));
#5810=DIRECTION('ref_axis',(0.,-0.707106781186548,0.707106781186547));
#5811=DIRECTION('',(-1.,0.,0.));
#5812=DIRECTION('center_axis',(-1.,0.,0.));
#5813=DIRECTION('ref_axis',(0.,-0.707106781186564,-0.707106781186531));
#5814=DIRECTION('center_axis',(0.,0.707106781186548,-0.707106781186548));
#5815=DIRECTION('ref_axis',(0.,-0.707106781186548,-0.707106781186548));
#5816=DIRECTION('center_axis',(1.,0.,0.));
#5817=DIRECTION('ref_axis',(0.,0.,1.));
#5818=DIRECTION('center_axis',(-1.,0.,0.));
#5819=DIRECTION('ref_axis',(0.,0.,-1.));
#5820=CARTESIAN_POINT('',(0.,0.,0.));
#5821=CARTESIAN_POINT('Origin',(113.550076731015,0.035355339059327,4.08968667058259));
#5822=CARTESIAN_POINT('',(108.050076731015,0.,4.17504200964192));
#5823=CARTESIAN_POINT('',(108.050076731015,0.0707106781186543,4.00433133152326));
#5824=CARTESIAN_POINT('',(108.050076731015,0.61616116523516,2.68749736792356));
#5825=CARTESIAN_POINT('',(119.050076731015,0.0707106781186539,4.00433133152327));
#5826=CARTESIAN_POINT('',(113.550076731015,0.070710678118654,4.00433133152326));
#5827=CARTESIAN_POINT('',(119.050076731015,0.,4.17504200964192));
#5828=CARTESIAN_POINT('',(119.050076731015,0.0416369055210999,4.07452162763763));
#5829=CARTESIAN_POINT('',(113.550076731015,0.,4.17504200964192));
#5830=CARTESIAN_POINT('Origin',(113.550076731015,0.734834957055045,3.34020705258687));
#5831=CARTESIAN_POINT('',(108.050076731015,1.88388347648318,2.19115853315873));
#5832=CARTESIAN_POINT('',(108.050076731015,-0.414213562373095,4.48925557201501));
#5833=CARTESIAN_POINT('',(119.050076731015,1.88388347648318,2.19115853315873));
#5834=CARTESIAN_POINT('',(119.050076731015,1.88388347648318,2.19115853315873));
#5835=CARTESIAN_POINT('',(119.050076731015,4.53553390593274,-0.460491896290819));
#5836=CARTESIAN_POINT('',(109.650076731015,0.810660171779822,3.2643818378621));
#5837=CARTESIAN_POINT('',(117.450076731015,0.810660171779822,3.2643818378621));
#5838=CARTESIAN_POINT('',(109.650076731015,0.810660171779822,3.2643818378621));
#5839=CARTESIAN_POINT('',(109.650076731015,0.310660171779822,3.7643818378621));
#5840=CARTESIAN_POINT('',(109.650076731015,0.452081528017132,3.62296048162479));
#5841=CARTESIAN_POINT('',(117.450076731015,0.310660171779822,3.7643818378621));
#5842=CARTESIAN_POINT('',(117.450076731015,0.310660171779822,3.7643818378621));
#5843=CARTESIAN_POINT('',(117.450076731015,0.669238815542513,3.40580319409941));
#5844=CARTESIAN_POINT('Origin',(120.300076731015,4.13596500450032,-0.010922994858399));
#5845=CARTESIAN_POINT('',(119.050076731015,4.22132034355965,-0.0462783339177264));
#5846=CARTESIAN_POINT('',(119.050076731015,4.05060966544099,0.0244323442009284));
#5847=CARTESIAN_POINT('',(119.050076731015,2.73377570184129,0.569882831317443));
#5848=CARTESIAN_POINT('',(108.050076731015,4.05060966544099,0.0244323442009275));
#5849=CARTESIAN_POINT('',(120.300076731015,4.05060966544099,0.0244323442009283));
#5850=CARTESIAN_POINT('',(108.050076731015,4.22132034355965,-0.0462783339177264));
#5851=CARTESIAN_POINT('',(108.050076731015,4.12079996155536,-0.00464142839662784));
#5852=CARTESIAN_POINT('',(120.300076731015,4.22132034355965,-0.0462783339177264));
#5853=CARTESIAN_POINT('Origin',(113.550076731015,3.3864853865046,0.688556623137321));
#5854=CARTESIAN_POINT('',(119.050076731015,2.23743686707646,1.83760514256546));
#5855=CARTESIAN_POINT('',(119.050076731015,4.53553390593274,-0.460491896290819));
#5856=CARTESIAN_POINT('',(108.050076731015,2.23743686707646,1.83760514256546));
#5857=CARTESIAN_POINT('',(108.050076731015,2.23743686707646,1.83760514256546));
#5858=CARTESIAN_POINT('',(108.050076731015,-0.414213562373094,4.48925557201501));
#5859=CARTESIAN_POINT('',(109.650076731015,3.81066017177982,0.264381837862096));
#5860=CARTESIAN_POINT('',(117.450076731015,3.81066017177982,0.264381837862096));
#5861=CARTESIAN_POINT('',(109.650076731015,3.81066017177982,0.264381837862096));
#5862=CARTESIAN_POINT('',(109.650076731015,3.31066017177982,0.764381837862096));
#5863=CARTESIAN_POINT('',(109.650076731015,3.45208152801713,0.622960481624786));
#5864=CARTESIAN_POINT('',(117.450076731015,3.31066017177982,0.764381837862096));
#5865=CARTESIAN_POINT('',(117.450076731015,3.31066017177982,0.764381837862096));
#5866=CARTESIAN_POINT('',(117.450076731015,3.66923881554251,0.405803194099406));
#5867=CARTESIAN_POINT('Origin',(112.750076731015,1.17677669529664,0.847655648904294));
#5868=CARTESIAN_POINT('',(108.050076731015,1.10606601717798,0.847655648904294));
#5869=CARTESIAN_POINT('',(108.050076731015,1.24748737341529,0.847655648904294));
#5870=CARTESIAN_POINT('',(108.050076731015,2.32582521472478,0.847655648904295));
#5871=CARTESIAN_POINT('',(119.050076731015,1.24748737341529,0.847655648904294));
#5872=CARTESIAN_POINT('',(112.750076731015,1.24748737341529,0.847655648904294));
#5873=CARTESIAN_POINT('',(119.050076731015,1.10606601717798,0.847655648904294));
#5874=CARTESIAN_POINT('',(119.050076731015,1.17677669529664,0.847655648904294));
#5875=CARTESIAN_POINT('',(112.750076731015,1.10606601717798,0.847655648904294));
#5876=CARTESIAN_POINT('Origin',(108.050076731015,1.17677669529664,0.776944970785639));
#5877=CARTESIAN_POINT('',(108.050076731015,1.17677669529664,0.776944970785639));
#5878=CARTESIAN_POINT('',(119.050076731015,1.17677669529664,0.776944970785639));
#5879=CARTESIAN_POINT('Origin',(118.250076731015,0.893933982822018,1.13049836137891));
#5880=CARTESIAN_POINT('',(119.050076731015,0.893933982822018,1.05978768326026));
#5881=CARTESIAN_POINT('',(119.050076731015,0.893933982822018,1.20120903949757));
#5882=CARTESIAN_POINT('',(119.050076731015,0.893933982822018,2.27954688080705));
#5883=CARTESIAN_POINT('',(108.050076731015,0.893933982822018,1.20120903949757));
#5884=CARTESIAN_POINT('',(118.250076731015,0.893933982822018,1.20120903949757));
#5885=CARTESIAN_POINT('',(108.050076731015,0.893933982822018,1.05978768326026));
#5886=CARTESIAN_POINT('',(108.050076731015,0.893933982822018,1.13049836137891));
#5887=CARTESIAN_POINT('',(118.250076731015,0.893933982822018,1.05978768326026));
#5888=CARTESIAN_POINT('Origin',(119.050076731015,0.823223304703363,1.13049836137891));
#5889=CARTESIAN_POINT('',(119.050076731015,0.823223304703363,1.13049836137891));
#5890=CARTESIAN_POINT('',(108.050076731015,0.823223304703363,1.13049836137891));
#5891=CARTESIAN_POINT('Origin',(115.500076731015,0.0353553390593274,1.96836632702295));
#5892=CARTESIAN_POINT('',(108.050076731015,0.0707106781186551,1.88301098796362));
#5893=CARTESIAN_POINT('',(108.050076731015,0.,2.05372166608228));
#5894=CARTESIAN_POINT('',(108.050076731015,0.241161165235169,1.47150711025383));
#5895=CARTESIAN_POINT('',(102.550076731015,0.,2.05372166608228));
#5896=CARTESIAN_POINT('',(115.500076731015,0.,2.05372166608228));
#5897=CARTESIAN_POINT('',(102.550076731015,0.0707106781186548,1.88301098796362));
#5898=CARTESIAN_POINT('',(102.550076731015,0.285355339059328,1.36481293642967));
#5899=CARTESIAN_POINT('',(115.500076731015,0.0707106781186548,1.88301098796362));
#5900=CARTESIAN_POINT('Origin',(108.050076731015,0.823223304703363,1.13049836137891));
#5901=CARTESIAN_POINT('',(108.050076731015,1.41161165235168,0.542110013730594));
#5902=CARTESIAN_POINT('',(108.050076731015,0.,7.54211001373059));
#5903=CARTESIAN_POINT('Origin',(117.450076731015,2.,-0.0462783339177241));
#5904=CARTESIAN_POINT('',(119.050076731015,1.92928932188135,0.0244323442009284));
#5905=CARTESIAN_POINT('',(119.050076731015,1.58838834764832,0.365333318433957));
#5906=CARTESIAN_POINT('',(124.550076731015,1.92928932188135,0.0244323442009284));
#5907=CARTESIAN_POINT('',(122.250076731015,1.92928932188135,0.0244323442009284));
#5908=CARTESIAN_POINT('',(124.550076731015,0.0707106781186548,1.88301098796362));
#5909=CARTESIAN_POINT('',(124.550076731015,2.,-0.0462783339177241));
#5910=CARTESIAN_POINT('',(119.050076731015,0.0707106781186549,1.88301098796362));
#5911=CARTESIAN_POINT('',(115.500076731015,0.0707106781186548,1.88301098796362));
#5912=CARTESIAN_POINT('',(119.050076731015,0.262563132923542,1.69115853315873));
#5913=CARTESIAN_POINT('',(102.550076731015,1.92928932188135,0.0244323442009284));
#5914=CARTESIAN_POINT('',(102.550076731015,2.,-0.0462783339177241));
#5915=CARTESIAN_POINT('',(108.050076731015,1.92928932188135,0.0244323442009282));
#5916=CARTESIAN_POINT('',(122.250076731015,1.92928932188135,0.0244323442009284));
#5917=CARTESIAN_POINT('',(108.050076731015,2.73743686707646,-0.783715200994182));
#5918=CARTESIAN_POINT('Origin',(122.250076731015,2.01464466094067,-0.010922994858399));
#5919=CARTESIAN_POINT('',(108.050076731015,2.1,-0.0462783339177264));
#5920=CARTESIAN_POINT('',(108.050076731015,2.90480970388563,-0.379641428396627));
#5921=CARTESIAN_POINT('',(102.550076731015,2.1,-0.0462783339177264));
#5922=CARTESIAN_POINT('',(102.550076731015,1.4110912703474,0.239077005141601));
#5923=CARTESIAN_POINT('',(122.250076731015,2.1,-0.0462783339177264));
#5924=CARTESIAN_POINT('Origin',(127.050076731015,0.,-0.0462783339177264));
#5925=CARTESIAN_POINT('',(108.050076731015,1.73743686707646,-0.0462783339177264));
#5926=CARTESIAN_POINT('',(102.550076731015,0.0999999999999979,-0.0462783339177241));
#5927=CARTESIAN_POINT('',(102.550076731015,0.5,-0.0462783339177264));
#5928=CARTESIAN_POINT('',(100.150076731015,0.1,-0.0462783339177264));
#5929=CARTESIAN_POINT('',(120.300076731015,0.1,-0.0462783339177264));
#5930=CARTESIAN_POINT('',(100.150076731015,27.8964466094067,-0.0462783339177264));
#5931=CARTESIAN_POINT('',(100.150076731015,0.,-0.0462783339177264));
#5932=CARTESIAN_POINT('',(109.650076731015,27.8964466094067,-0.0462783339177264));
#5933=CARTESIAN_POINT('',(123.675076731015,27.8964466094067,-0.0462783339177264));
#5934=CARTESIAN_POINT('',(109.650076731015,27.,-0.0462783339177264));
#5935=CARTESIAN_POINT('',(109.650076731015,28.,-0.0462783339177264));
#5936=CARTESIAN_POINT('',(117.450076731015,27.,-0.0462783339177264));
#5937=CARTESIAN_POINT('',(127.050076731015,27.,-0.0462783339177264));
#5938=CARTESIAN_POINT('',(117.450076731015,27.8964466094067,-0.0462783339177264));
#5939=CARTESIAN_POINT('',(117.450076731015,28.,-0.0462783339177264));
#5940=CARTESIAN_POINT('',(126.950076731015,27.8964466094067,-0.0462783339177264));
#5941=CARTESIAN_POINT('',(123.675076731015,27.8964466094067,-0.0462783339177264));
#5942=CARTESIAN_POINT('',(126.950076731015,0.1,-0.0462783339177264));
#5943=CARTESIAN_POINT('',(126.950076731015,0.,-0.0462783339177264));
#5944=CARTESIAN_POINT('',(124.550076731015,0.0999999999999979,-0.0462783339177241));
#5945=CARTESIAN_POINT('',(120.300076731015,0.1,-0.0462783339177264));
#5946=CARTESIAN_POINT('',(124.550076731015,2.1,-0.0462783339177264));
#5947=CARTESIAN_POINT('',(124.550076731015,0.5,-0.0462783339177264));
#5948=CARTESIAN_POINT('',(119.050076731015,2.1,-0.0462783339177264));
#5949=CARTESIAN_POINT('',(122.250076731015,2.1,-0.0462783339177264));
#5950=CARTESIAN_POINT('',(119.050076731015,0.588388347648319,-0.0462783339177264));
#5951=CARTESIAN_POINT('',(124.275076731015,5.74142135623731,-0.0462783339177264));
#5952=CARTESIAN_POINT('',(124.075076731015,5.45857864376269,-0.0462783339177264));
#5953=CARTESIAN_POINT('Origin',(124.075076731015,5.74142135623731,-0.0462783339177264));
#5954=CARTESIAN_POINT('',(124.275076731015,22.2585786437627,-0.0462783339177264));
#5955=CARTESIAN_POINT('',(124.275076731015,2.75,-0.0462783339177264));
#5956=CARTESIAN_POINT('',(124.075076731015,22.5414213562373,-0.0462783339177264));
#5957=CARTESIAN_POINT('Origin',(124.075076731015,22.2585786437627,-0.0462783339177264));
#5958=CARTESIAN_POINT('',(119.775076731015,22.5414213562373,-0.0462783339177264));
#5959=CARTESIAN_POINT('',(127.050076731015,22.5414213562373,-0.0462783339177264));
#5960=CARTESIAN_POINT('',(119.575076731015,22.2585786437627,-0.0462783339177264));
#5961=CARTESIAN_POINT('Origin',(119.775076731015,22.2585786437627,-0.0462783339177264));
#5962=CARTESIAN_POINT('',(119.575076731015,5.74142135623731,-0.0462783339177264));
#5963=CARTESIAN_POINT('',(119.575076731015,11.25,-0.0462783339177264));
#5964=CARTESIAN_POINT('',(119.775076731015,5.45857864376269,-0.0462783339177264));
#5965=CARTESIAN_POINT('Origin',(119.775076731015,5.74142135623731,-0.0462783339177264));
#5966=CARTESIAN_POINT('',(127.050076731015,5.45857864376269,-0.0462783339177264));
#5967=CARTESIAN_POINT('',(117.050076731015,5.97153022690164,-0.0462783339177264));
#5968=CARTESIAN_POINT('',(116.550076731015,5.36745282394582,-0.0462783339177264));
#5969=CARTESIAN_POINT('Origin',(116.550076731015,5.97153022690164,-0.0462783339177264));
#5970=CARTESIAN_POINT('',(117.050076731015,22.25,-0.0462783339177264));
#5971=CARTESIAN_POINT('',(117.050076731015,2.75,-0.0462783339177264));
#5972=CARTESIAN_POINT('',(116.550076731015,22.75,-0.0462783339177264));
#5973=CARTESIAN_POINT('Origin',(116.550076731015,22.25,-0.0462783339177264));
#5974=CARTESIAN_POINT('',(110.550076731015,22.75,-0.0462783339177264));
#5975=CARTESIAN_POINT('',(121.925076731015,22.75,-0.0462783339177264));
#5976=CARTESIAN_POINT('',(110.050076731015,22.25,-0.0462783339177264));
#5977=CARTESIAN_POINT('Origin',(110.550076731015,22.25,-0.0462783339177264));
#5978=CARTESIAN_POINT('',(110.050076731015,5.97153022690164,-0.0462783339177264));
#5979=CARTESIAN_POINT('',(110.050076731015,11.25,-0.0462783339177264));
#5980=CARTESIAN_POINT('',(110.550076731015,5.36745282394582,-0.0462783339177264));
#5981=CARTESIAN_POINT('Origin',(110.550076731015,5.97153022690164,-0.0462783339177264));
#5982=CARTESIAN_POINT('',(127.050076731015,5.36745282394582,-0.0462783339177264));
#5983=CARTESIAN_POINT('',(102.825076731015,22.2585786437627,-0.0462783339177264));
#5984=CARTESIAN_POINT('',(103.025076731015,22.5414213562373,-0.0462783339177264));
#5985=CARTESIAN_POINT('Origin',(103.025076731015,22.2585786437627,-0.0462783339177264));
#5986=CARTESIAN_POINT('',(102.825076731015,5.74142135623731,-0.0462783339177264));
#5987=CARTESIAN_POINT('',(102.825076731015,11.25,-0.0462783339177264));
#5988=CARTESIAN_POINT('',(103.025076731015,5.45857864376269,-0.0462783339177264));
#5989=CARTESIAN_POINT('Origin',(103.025076731015,5.74142135623731,-0.0462783339177264));
#5990=CARTESIAN_POINT('',(107.325076731015,5.45857864376269,-0.0462783339177264));
#5991=CARTESIAN_POINT('',(113.550076731015,5.45857864376269,-0.0462783339177264));
#5992=CARTESIAN_POINT('',(107.525076731015,5.74142135623731,-0.0462783339177264));
#5993=CARTESIAN_POINT('Origin',(107.325076731015,5.74142135623731,-0.0462783339177264));
#5994=CARTESIAN_POINT('',(107.525076731015,22.2585786437627,-0.0462783339177264));
#5995=CARTESIAN_POINT('',(107.525076731015,2.75,-0.0462783339177264));
#5996=CARTESIAN_POINT('',(107.325076731015,22.5414213562373,-0.0462783339177264));
#5997=CARTESIAN_POINT('Origin',(107.325076731015,22.2585786437627,-0.0462783339177264));
#5998=CARTESIAN_POINT('',(113.550076731015,22.5414213562373,-0.0462783339177264));
#5999=CARTESIAN_POINT('Origin',(115.500076731015,0.0353553390593274,1.96836632702295));
#6000=CARTESIAN_POINT('',(119.050076731015,0.,2.05372166608228));
#6001=CARTESIAN_POINT('',(119.050076731015,-0.333363094478903,2.8585313699679));
#6002=CARTESIAN_POINT('',(124.550076731015,0.,2.05372166608228));
#6003=CARTESIAN_POINT('',(124.550076731015,0.285355339059328,1.36481293642967));
#6004=CARTESIAN_POINT('',(115.500076731015,0.,2.05372166608228));
#6005=CARTESIAN_POINT('Origin',(119.050076731015,-1.47487373415292,3.42859540023519));
#6006=CARTESIAN_POINT('',(119.050076731015,0.,8.69115853315873));
#6007=CARTESIAN_POINT('Origin',(122.250076731015,2.01464466094067,-0.010922994858399));
#6008=CARTESIAN_POINT('',(119.050076731015,1.51778544417156,0.194882831317442));
#6009=CARTESIAN_POINT('',(124.550076731015,1.4110912703474,0.239077005141601));
#6010=CARTESIAN_POINT('Origin',(119.050076731015,1.17677669529664,0.776944970785639));
#6011=CARTESIAN_POINT('Origin',(108.050076731015,3.47487373415292,-1.52115206807064));
#6012=CARTESIAN_POINT('Origin',(127.050076731015,0.14142135623731,-2.40485697768042));
#6013=CARTESIAN_POINT('',(109.650076731015,0.14142135623731,-2.40485697768042));
#6014=CARTESIAN_POINT('',(109.650076731015,0.77892135623731,-1.76735697768042));
#6015=CARTESIAN_POINT('',(117.450076731015,0.14142135623731,-2.40485697768042));
#6016=CARTESIAN_POINT('',(127.050076731015,0.14142135623731,-2.40485697768042));
#6017=CARTESIAN_POINT('',(117.450076731015,0.77892135623731,-1.76735697768042));
#6018=CARTESIAN_POINT('Origin',(109.650076731015,1.79142135623731,-1.50485697768042));
#6019=CARTESIAN_POINT('',(109.650076731015,0.641421356237311,-2.90485697768042));
#6020=CARTESIAN_POINT('',(109.650076731015,2.70821067811865,-0.838067655799072));
#6021=CARTESIAN_POINT('',(109.650076731015,0.35857864376269,-2.90485697768042));
#6022=CARTESIAN_POINT('Origin',(109.650076731015,0.500000000000001,-2.76343562144311));
#6023=CARTESIAN_POINT('',(109.650076731015,0.14142135623731,-2.68769969015504));
#6024=CARTESIAN_POINT('',(109.650076731015,0.366789321881346,-2.91306765579907));
#6025=CARTESIAN_POINT('Origin',(109.650076731015,0.282842712474619,-2.54627833391773));
#6026=CARTESIAN_POINT('Origin',(127.050076731015,-2.85857864376269,0.595143022319583));
#6027=CARTESIAN_POINT('',(109.650076731015,-2.85857864376269,0.595143022319583));
#6028=CARTESIAN_POINT('',(109.650076731015,-2.22107864376269,1.23264302231958));
#6029=CARTESIAN_POINT('',(117.450076731015,-2.85857864376269,0.595143022319583));
#6030=CARTESIAN_POINT('',(127.050076731015,-2.85857864376269,0.595143022319583));
#6031=CARTESIAN_POINT('',(117.450076731015,-2.22107864376269,1.23264302231958));
#6032=CARTESIAN_POINT('Origin',(109.650076731015,-1.45857864376269,1.74514302231958));
#6033=CARTESIAN_POINT('',(109.650076731015,-2.35857864376269,0.0951430223195832));
#6034=CARTESIAN_POINT('',(109.650076731015,-0.541789321881345,1.91193234420093));
#6035=CARTESIAN_POINT('',(109.650076731015,-2.64142135623731,0.0951430223195832));
#6036=CARTESIAN_POINT('Origin',(109.650076731015,-2.5,0.236564378556893));
#6037=CARTESIAN_POINT('',(109.650076731015,-2.85857864376269,0.312300309844964));
#6038=CARTESIAN_POINT('',(109.650076731015,-2.75821067811866,0.211932344200929));
#6039=CARTESIAN_POINT('Origin',(109.650076731015,-2.71715728752538,0.453721666082273));
#6040=CARTESIAN_POINT('Origin',(102.550076731015,1.,0.953721666082276));
#6041=CARTESIAN_POINT('',(102.550076731015,0.,0.053721666082274));
#6042=CARTESIAN_POINT('',(102.550076731015,0.0499999999999993,0.00372166608227427));
#6043=CARTESIAN_POINT('',(102.550076731015,0.,7.45372166608228));
#6044=CARTESIAN_POINT('Origin',(124.550076731015,1.,0.953721666082276));
#6045=CARTESIAN_POINT('',(124.550076731015,0.,0.053721666082274));
#6046=CARTESIAN_POINT('',(124.550076731015,0.0499999999999993,0.00372166608227427));
#6047=CARTESIAN_POINT('',(124.550076731015,0.,7.45372166608228));
#6048=CARTESIAN_POINT('Origin',(120.300076731015,0.05,0.00372166608227364));
#6049=CARTESIAN_POINT('',(100.150076731015,0.,0.0537216660822737));
#6050=CARTESIAN_POINT('',(120.300076731015,0.,0.0537216660822737));
#6051=CARTESIAN_POINT('',(100.150076731015,0.,0.0537216660822737));
#6052=CARTESIAN_POINT('Origin',(103.000076731015,22.4396446609407,11.3433663270229));
#6053=CARTESIAN_POINT('',(102.979366052896,27.9585786437627,5.85372166608227));
#6054=CARTESIAN_POINT('',(102.950076731015,27.9292893218813,5.92443234420093));
#6055=CARTESIAN_POINT('',(102.890633933323,27.8698465241898,6.06793995257337));
#6056=CARTESIAN_POINT('',(102.950076731015,18.3478996342369,15.5058220318454));
#6057=CARTESIAN_POINT('',(102.950076731015,22.475,11.3787216660823));
#6058=CARTESIAN_POINT('',(103.050076731015,18.2771889561182,15.4351113537268));
#6059=CARTESIAN_POINT('',(102.950076731015,18.3478996342369,15.5058220318454));
#6060=CARTESIAN_POINT('',(103.050076731015,27.8585786437627,5.85372166608227));
#6061=CARTESIAN_POINT('',(103.050076731015,22.4042893218813,11.3080109879636));
#6062=CARTESIAN_POINT('',(104.285665053033,26.111192881254,5.85372166608227));
#6063=CARTESIAN_POINT('Origin',(103.000076731015,17.817569548347,14.9754919459555));
#6064=CARTESIAN_POINT('',(102.950076731015,17.3040629520989,15.522128000026));
#6065=CARTESIAN_POINT('',(103.050076731015,17.3725304982653,15.4492431928166));
#6066=CARTESIAN_POINT('',(102.950076731015,17.3040629520989,15.522128000026));
#6067=CARTESIAN_POINT('Origin',(103.050076731015,17.817569548347,14.9754919459555));
#6068=CARTESIAN_POINT('Origin',(102.950076731015,17.817569548347,14.9754919459555));
#6069=CARTESIAN_POINT('Origin',(103.000076731015,23.2810761801918,21.0682965996122));
#6070=CARTESIAN_POINT('',(102.950076731015,12.7066798975399,11.2033742215008));
#6071=CARTESIAN_POINT('',(103.050076731015,12.7751474437063,11.1304894142914));
#6072=CARTESIAN_POINT('',(102.950076731015,12.7066798975399,11.2033742215008));
#6073=CARTESIAN_POINT('',(103.050076731015,23.315309953275,21.0318541960075));
#6074=CARTESIAN_POINT('',(102.950076731015,12.7066798975399,11.2033742215008));
#6075=CARTESIAN_POINT('Origin',(103.000076731015,12.0220044358758,11.9322222935948));
#6076=CARTESIAN_POINT('',(102.950076731015,11.3148976546893,11.2251155124083));
#6077=CARTESIAN_POINT('',(103.050076731015,11.2441869765706,11.1544048342896));
#6078=CARTESIAN_POINT('',(102.950076731015,11.3148976546893,11.2251155124083));
#6079=CARTESIAN_POINT('Origin',(103.050076731015,12.0220044358758,11.9322222935948));
#6080=CARTESIAN_POINT('Origin',(102.950076731015,12.0220044358758,11.9322222935948));
#6081=CARTESIAN_POINT('Origin',(103.000076731015,11.2686663635391,11.2006361254397));
#6082=CARTESIAN_POINT('',(102.950076731015,11.271393846326,11.2686193207715));
#6083=CARTESIAN_POINT('',(103.050076731015,11.2006831682073,11.1979086426529));
#6084=CARTESIAN_POINT('',(102.950076731015,11.271393846326,11.2686193207715));
#6085=CARTESIAN_POINT('',(103.050076731015,11.2333110244798,11.1652807863804));
#6086=CARTESIAN_POINT('',(102.950076731015,11.2931457505076,11.2468674165899));
#6087=CARTESIAN_POINT('Origin',(103.000076731015,11.9785006275125,11.9757261019581));
#6088=CARTESIAN_POINT('',(102.950076731015,11.2496525554185,12.6604015636221));
#6089=CARTESIAN_POINT('',(103.050076731015,11.1767677482091,12.7288691097885));
#6090=CARTESIAN_POINT('',(102.950076731015,11.2496525554185,12.6604015636221));
#6091=CARTESIAN_POINT('Origin',(103.050076731015,11.9785006275125,11.9757261019581));
#6092=CARTESIAN_POINT('Origin',(102.950076731015,11.9785006275125,11.9757261019581));
#6093=CARTESIAN_POINT('Origin',(103.000076731015,18.9551980442674,20.9361063189946));
#6094=CARTESIAN_POINT('',(102.950076731015,15.5684063339437,17.2577846181812));
#6095=CARTESIAN_POINT('',(103.050076731015,15.4955215267343,17.3262521643476));
#6096=CARTESIAN_POINT('',(102.950076731015,15.5684063339437,17.2577846181812));
#6097=CARTESIAN_POINT('',(103.050076731015,18.9187556406627,20.9703400920778));
#6098=CARTESIAN_POINT('',(102.950076731015,15.5684063339437,17.2577846181812));
#6099=CARTESIAN_POINT('Origin',(103.000076731015,15.0217702798732,17.7712912144292));
#6100=CARTESIAN_POINT('',(102.950076731015,15.5521003657631,18.3016213003191));
#6101=CARTESIAN_POINT('',(103.050076731015,15.4813896876445,18.2309106222005));
#6102=CARTESIAN_POINT('',(102.950076731015,15.5521003657631,18.3016213003191));
#6103=CARTESIAN_POINT('Origin',(103.050076731015,15.0217702798732,17.7712912144292));
#6104=CARTESIAN_POINT('Origin',(102.950076731015,15.0217702798732,17.7712912144292));
#6105=CARTESIAN_POINT('Origin',(103.000076731015,22.4396446609407,11.3433663270229));
#6106=CARTESIAN_POINT('',(102.950076731015,5.97071067811865,27.8830109879636));
#6107=CARTESIAN_POINT('',(102.979366052896,5.9,27.912300309845));
#6108=CARTESIAN_POINT('',(100.049893440024,12.9723725125977,24.9828276969724));
#6109=CARTESIAN_POINT('',(103.050076731015,5.9,27.812300309845));
#6110=CARTESIAN_POINT('',(111.244685007773,5.9,16.2233741465157));
#6111=CARTESIAN_POINT('',(103.050076731015,22.4042893218813,11.3080109879636));
#6112=CARTESIAN_POINT('',(102.950076731015,22.475,11.3787216660823));
#6113=CARTESIAN_POINT('Origin',(113.550076731015,5.88535533905933,27.918366327023));
#6114=CARTESIAN_POINT('',(124.120787409133,5.9,27.912300309845));
#6115=CARTESIAN_POINT('',(113.550076731015,5.9,27.912300309845));
#6116=CARTESIAN_POINT('',(100.150076731015,5.97071067811865,27.8830109879636));
#6117=CARTESIAN_POINT('',(113.550076731015,5.97071067811865,27.8830109879636));
#6118=CARTESIAN_POINT('',(100.150076731015,5.8,27.9537216660823));
#6119=CARTESIAN_POINT('',(100.150076731015,5.97071067811865,27.8830109879636));
#6120=CARTESIAN_POINT('',(126.950076731015,5.8,27.9537216660823));
#6121=CARTESIAN_POINT('',(113.550076731015,5.8,27.9537216660823));
#6122=CARTESIAN_POINT('',(126.985432070074,5.88535533905933,27.918366327023));
#6123=CARTESIAN_POINT('',(125.221695226384,1.6273179305649,29.6821031707133));
#6124=CARTESIAN_POINT('',(126.950076731015,5.97071067811865,27.8830109879636));
#6125=CARTESIAN_POINT('',(124.043474202687,12.9878699224376,24.9764084596351));
#6126=CARTESIAN_POINT('',(124.150076731015,5.97071067811865,27.8830109879636));
#6127=CARTESIAN_POINT('',(120.300076731015,5.97071067811865,27.8830109879636));
#6128=CARTESIAN_POINT('',(128.255069725892,15.8810404397955,23.7780179930875));
#6129=CARTESIAN_POINT('Origin',(127.050076731015,28.,5.85372166608228));
#6130=CARTESIAN_POINT('',(102.950076731015,22.475,11.3787216660823));
#6131=CARTESIAN_POINT('',(100.150076731015,27.9292893218813,5.92443234420093));
#6132=CARTESIAN_POINT('',(120.300076731015,27.9292893218813,5.92443234420093));
#6133=CARTESIAN_POINT('',(100.150076731015,22.475,11.3787216660823));
#6134=CARTESIAN_POINT('Origin',(120.300076731015,27.9646446609407,5.8390770051416));
#6135=CARTESIAN_POINT('',(124.120787409133,27.9585786437627,5.85372166608227));
#6136=CARTESIAN_POINT('',(111.675076731015,27.9585786437627,5.85372166608227));
#6137=CARTESIAN_POINT('',(124.150076731015,27.9292893218814,5.92443234420092));
#6138=CARTESIAN_POINT('',(123.866951995877,28.2124140570189,5.24090876878849));
#6139=CARTESIAN_POINT('',(126.950076731015,27.9292893218814,5.92443234420092));
#6140=CARTESIAN_POINT('',(123.675076731015,27.9292893218814,5.92443234420092));
#6141=CARTESIAN_POINT('',(126.985432070074,27.9646446609407,5.8390770051416));
#6142=CARTESIAN_POINT('',(123.831303229127,24.8105158199928,13.4538176304303));
#6143=CARTESIAN_POINT('',(126.950076731015,28.,5.75372166608227));
#6144=CARTESIAN_POINT('',(128.89091791278,26.0591588182349,10.4393267695118));
#6145=CARTESIAN_POINT('',(100.150076731015,28.,5.75372166608227));
#6146=CARTESIAN_POINT('',(120.300076731015,28.,5.75372166608227));
#6147=CARTESIAN_POINT('',(100.150076731015,28.,5.75372166608227));
#6148=CARTESIAN_POINT('Origin',(124.100076731015,27.9646446609407,5.81836632702295));
#6149=CARTESIAN_POINT('',(124.150076731015,15.5521003657631,18.3016213003191));
#6150=CARTESIAN_POINT('',(124.150076731015,28.,5.85372166608227));
#6151=CARTESIAN_POINT('',(124.050076731015,15.4813896876445,18.2309106222005));
#6152=CARTESIAN_POINT('',(124.150076731015,15.5521003657631,18.3016213003191));
#6153=CARTESIAN_POINT('',(124.050076731015,5.9,27.812300309845));
#6154=CARTESIAN_POINT('',(124.050076731015,27.9292893218813,5.78301098796362));
#6155=CARTESIAN_POINT('',(114.553213465569,5.9,14.3817074798514));
#6156=CARTESIAN_POINT('Origin',(124.100076731015,15.0217702798732,17.7712912144292));
#6157=CARTESIAN_POINT('',(124.150076731015,15.5684063339437,17.2577846181812));
#6158=CARTESIAN_POINT('',(124.050076731015,15.4955215267343,17.3262521643476));
#6159=CARTESIAN_POINT('',(124.150076731015,15.5684063339437,17.2577846181812));
#6160=CARTESIAN_POINT('Origin',(124.050076731015,15.0217702798732,17.7712912144292));
#6161=CARTESIAN_POINT('Origin',(124.150076731015,15.0217702798732,17.7712912144292));
#6162=CARTESIAN_POINT('Origin',(124.100076731015,15.6003554213349,17.364822236518));
#6163=CARTESIAN_POINT('',(124.150076731015,11.2496525554185,12.6604015636221));
#6164=CARTESIAN_POINT('',(124.050076731015,11.1767677482091,12.7288691097885));
#6165=CARTESIAN_POINT('',(124.150076731015,11.2496525554185,12.6604015636221));
#6166=CARTESIAN_POINT('',(124.050076731015,15.5639130177302,17.3990560096012));
#6167=CARTESIAN_POINT('',(124.150076731015,15.5684063339437,17.2577846181812));
#6168=CARTESIAN_POINT('Origin',(124.100076731015,11.9785006275125,11.9757261019581));
#6169=CARTESIAN_POINT('',(124.150076731015,11.271393846326,11.2686193207715));
#6170=CARTESIAN_POINT('',(124.050076731015,11.2006831682073,11.1979086426529));
#6171=CARTESIAN_POINT('',(124.150076731015,11.271393846326,11.2686193207715));
#6172=CARTESIAN_POINT('Origin',(124.050076731015,11.9785006275125,11.9757261019581));
#6173=CARTESIAN_POINT('Origin',(124.150076731015,11.9785006275125,11.9757261019581));
#6174=CARTESIAN_POINT('Origin',(124.100076731015,16.7719144593573,5.69738802962132));
#6175=CARTESIAN_POINT('',(124.150076731015,11.3148976546893,11.2251155124083));
#6176=CARTESIAN_POINT('',(124.050076731015,11.2441869765706,11.1544048342896));
#6177=CARTESIAN_POINT('',(124.150076731015,11.3148976546893,11.2251155124083));
#6178=CARTESIAN_POINT('',(124.050076731015,16.7365591202979,5.66203269056199));
#6179=CARTESIAN_POINT('',(124.150076731015,11.271393846326,11.2686193207715));
#6180=CARTESIAN_POINT('Origin',(124.100076731015,12.0220044358758,11.9322222935948));
#6181=CARTESIAN_POINT('',(124.150076731015,12.7066798975399,11.2033742215008));
#6182=CARTESIAN_POINT('',(124.050076731015,12.7751474437063,11.1304894142914));
#6183=CARTESIAN_POINT('',(124.150076731015,12.7066798975399,11.2033742215008));
#6184=CARTESIAN_POINT('Origin',(124.050076731015,12.0220044358758,11.9322222935948));
#6185=CARTESIAN_POINT('Origin',(124.150076731015,12.0220044358758,11.9322222935948));
#6186=CARTESIAN_POINT('Origin',(124.100076731015,15.4681651407172,13.7288953201057));
#6187=CARTESIAN_POINT('',(124.150076731015,17.3040629520989,15.522128000026));
#6188=CARTESIAN_POINT('',(124.050076731015,17.3725304982653,15.4492431928166));
#6189=CARTESIAN_POINT('',(124.150076731015,17.3040629520989,15.522128000026));
#6190=CARTESIAN_POINT('',(124.050076731015,15.5023989138004,13.6924529165011));
#6191=CARTESIAN_POINT('',(124.150076731015,12.7066798975399,11.2033742215008));
#6192=CARTESIAN_POINT('Origin',(124.100076731015,17.817569548347,14.9754919459555));
#6193=CARTESIAN_POINT('',(124.150076731015,18.3478996342369,15.5058220318454));
#6194=CARTESIAN_POINT('',(124.050076731015,18.2771889561182,15.4351113537268));
#6195=CARTESIAN_POINT('',(124.150076731015,18.3478996342369,15.5058220318454));
#6196=CARTESIAN_POINT('Origin',(124.050076731015,17.817569548347,14.9754919459555));
#6197=CARTESIAN_POINT('Origin',(124.150076731015,17.817569548347,14.9754919459555));
#6198=CARTESIAN_POINT('Origin',(124.100076731015,27.9646446609407,5.81836632702295));
#6199=CARTESIAN_POINT('',(124.050076731015,27.8585786437627,5.85372166608227));
#6200=CARTESIAN_POINT('',(120.616743397681,23.0031120796148,5.85372166608227));
#6201=CARTESIAN_POINT('',(124.050076731015,27.9292893218813,5.78301098796362));
#6202=CARTESIAN_POINT('',(124.150076731015,28.,5.85372166608227));
#6203=CARTESIAN_POINT('Origin',(127.050076731015,28.,5.85372166608228));
#6204=CARTESIAN_POINT('',(124.150076731015,22.475,11.3787216660823));
#6205=CARTESIAN_POINT('',(126.950076731015,15.475,18.3787216660823));
#6206=CARTESIAN_POINT('Origin',(124.150076731015,14.6632001308747,14.616921796957));
#6207=CARTESIAN_POINT('Origin',(103.050076731015,28.,5.85372166608227));
#6208=CARTESIAN_POINT('',(103.050076731015,5.9,5.85372166608227));
#6209=CARTESIAN_POINT('',(103.050076731015,28.,5.85372166608227));
#6210=CARTESIAN_POINT('',(124.050076731015,5.9,5.85372166608227));
#6211=CARTESIAN_POINT('',(127.050076731015,5.9,5.85372166608227));
#6212=CARTESIAN_POINT('',(124.050076731015,28.,5.85372166608227));
#6213=CARTESIAN_POINT('',(116.550076731015,9.02846977309836,5.85372166608227));
#6214=CARTESIAN_POINT('',(117.050076731015,9.63254717605418,5.85372166608227));
#6215=CARTESIAN_POINT('Origin',(116.550076731015,9.63254717605418,5.85372166608227));
#6216=CARTESIAN_POINT('',(110.550076731015,9.02846977309836,5.85372166608227));
#6217=CARTESIAN_POINT('',(115.050076731015,9.02846977309836,5.85372166608227));
#6218=CARTESIAN_POINT('',(110.050076731015,9.63254717605418,5.85372166608227));
#6219=CARTESIAN_POINT('Origin',(110.550076731015,9.63254717605418,5.85372166608227));
#6220=CARTESIAN_POINT('',(110.050076731015,22.25,5.85372166608227));
#6221=CARTESIAN_POINT('',(110.050076731015,25.25,5.85372166608227));
#6222=CARTESIAN_POINT('',(110.550076731015,22.75,5.85372166608227));
#6223=CARTESIAN_POINT('Origin',(110.550076731015,22.25,5.85372166608227));
#6224=CARTESIAN_POINT('',(116.550076731015,22.75,5.85372166608227));
#6225=CARTESIAN_POINT('',(109.925076731015,22.75,5.85372166608227));
#6226=CARTESIAN_POINT('',(117.050076731015,22.25,5.85372166608227));
#6227=CARTESIAN_POINT('Origin',(116.550076731015,22.25,5.85372166608227));
#6228=CARTESIAN_POINT('',(117.050076731015,16.75,5.85372166608227));
#6229=CARTESIAN_POINT('Origin',(102.950076731015,14.6632001308747,14.616921796957));
#6230=CARTESIAN_POINT('Origin',(100.150076731015,0.,0.0537216660822737));
#6231=CARTESIAN_POINT('',(100.050076731015,0.1,0.0537216660822736));
#6232=CARTESIAN_POINT('',(100.150076731015,0.1,-0.0462783339177264));
#6233=CARTESIAN_POINT('',(100.050076731015,0.1,0.0537216660822737));
#6234=CARTESIAN_POINT('Origin',(126.950076731015,0.,0.0537216660822759));
#6235=CARTESIAN_POINT('',(127.050076731015,0.1,0.0537216660822759));
#6236=CARTESIAN_POINT('',(127.050076731015,0.1,0.0537216660822737));
#6237=CARTESIAN_POINT('',(126.950076731015,0.,0.0537216660822737));
#6238=CARTESIAN_POINT('',(126.950076731015,0.,0.0537216660822759));
#6239=CARTESIAN_POINT('',(126.950076731015,0.1,-0.0462783339177264));
#6240=CARTESIAN_POINT('Origin',(127.000076731015,0.05,20.9537216660823));
#6241=CARTESIAN_POINT('',(127.023300035718,0.0732233047033751,27.8804983613789));
#6242=CARTESIAN_POINT('',(126.950076731015,-2.77555756156289E-16,27.850168275489));
#6243=CARTESIAN_POINT('',(123.239929887082,-3.71014684393252,26.3133751343365));
#6244=CARTESIAN_POINT('',(126.950076731015,0.,20.9537216660823));
#6245=CARTESIAN_POINT('',(127.050076731015,0.1,27.8537216660823));
#6246=CARTESIAN_POINT('',(127.050076731015,0.1,20.9537216660823));
#6247=CARTESIAN_POINT('',(128.150076731015,1.20000000000001,26.7537216660823));
#6248=CARTESIAN_POINT('Origin',(120.300076731015,0.05,0.00372166608227364));
#6249=CARTESIAN_POINT('',(120.300076731015,0.,0.0537216660822737));
#6250=CARTESIAN_POINT('Origin',(127.000076731015,0.,0.00372166608227364));
#6251=CARTESIAN_POINT('',(127.023300035718,27.9267766952966,0.0269449707856417));
#6252=CARTESIAN_POINT('',(127.050076731015,27.9,0.0537216660822759));
#6253=CARTESIAN_POINT('',(135.150076731014,19.8000000000004,8.15372166608352));
#6254=CARTESIAN_POINT('',(127.050076731015,0.,0.0537216660822737));
#6255=CARTESIAN_POINT('',(122.791295435981,26.1738229940597,-4.20505962895272));
#6256=CARTESIAN_POINT('Origin',(100.100076731015,0.05,6.95372166608227));
#6257=CARTESIAN_POINT('',(100.150076731015,0.,27.7037216660823));
#6258=CARTESIAN_POINT('',(100.050076731015,0.1,27.8037216660823));
#6259=CARTESIAN_POINT('',(104.658410064348,-4.50833333333338,23.1953883327489));
#6260=CARTESIAN_POINT('',(100.050076731015,0.1,6.95372166608227));
#6261=CARTESIAN_POINT('',(100.150076731015,0.,6.95372166608227));
#6262=CARTESIAN_POINT('Origin',(100.100076731015,0.,0.00372166608227361));
#6263=CARTESIAN_POINT('',(100.076853426311,27.9267766952966,0.0269449707856384));
#6264=CARTESIAN_POINT('',(107.417204090287,24.8863038977037,-7.31340569318975));
#6265=CARTESIAN_POINT('',(100.050076731015,27.9,0.0537216660822737));
#6266=CARTESIAN_POINT('',(100.050076731015,0.,0.0537216660822736));
#6267=CARTESIAN_POINT('',(94.2834100643481,22.1333333333334,5.82038833274901));
#6268=CARTESIAN_POINT('Origin',(127.000076731015,0.,27.9037216660823));
#6269=CARTESIAN_POINT('',(127.050076731015,5.85857864376269,27.8537216660823));
#6270=CARTESIAN_POINT('',(127.050076731015,0.,27.8537216660823));
#6271=CARTESIAN_POINT('',(128.850258219815,5.11291905636807,26.0535401772818));
#6272=CARTESIAN_POINT('',(126.950076731015,0.250000000000003,27.9537216660823));
#6273=CARTESIAN_POINT('',(126.950076731015,0.,27.9537216660823));
#6274=CARTESIAN_POINT('',(126.177706175211,2.11466747099822,28.7260922218857));
#6275=CARTESIAN_POINT('Origin',(127.050076731015,0.,27.9537216660823));
#6276=CARTESIAN_POINT('',(127.050076731015,27.9,5.81230030984496));
#6277=CARTESIAN_POINT('',(127.050076731015,27.9,20.9537216660823));
#6278=CARTESIAN_POINT('',(127.050076731015,15.4042893218813,18.3080109879636));
#6279=CARTESIAN_POINT('Origin',(127.000076731015,27.95,20.9537216660823));
#6280=CARTESIAN_POINT('',(126.950076731015,28.,0.203721666082274));
#6281=CARTESIAN_POINT('',(123.370725659872,31.5793510711429,8.84503956653008));
#6282=CARTESIAN_POINT('',(126.950076731015,28.,20.9537216660823));
#6283=CARTESIAN_POINT('',(127.245335148093,27.7047415829214,5.73142162532344));
#6284=CARTESIAN_POINT('Origin',(120.300076731015,27.9116116523517,-0.00966668156604431));
#6285=CARTESIAN_POINT('',(117.450076731015,27.8232233047034,-0.223055029214363));
#6286=CARTESIAN_POINT('',(117.450076731015,27.5286611652352,-0.934190941280114));
#6287=CARTESIAN_POINT('',(109.650076731015,27.8232233047034,-0.223055029214363));
#6288=CARTESIAN_POINT('',(120.300076731015,27.8232233047034,-0.223055029214362));
#6289=CARTESIAN_POINT('',(109.650076731015,27.5286611652352,-0.934190941280114));
#6290=CARTESIAN_POINT('',(100.150076731015,28.,0.203721666082274));
#6291=CARTESIAN_POINT('',(102.432935572636,30.282858841621,5.71503044250704));
#6292=CARTESIAN_POINT('',(120.300076731015,28.,0.203721666082274));
#6293=CARTESIAN_POINT('Origin',(113.550076731015,0.0366116523516844,27.865333318434));
#6294=CARTESIAN_POINT('',(109.650076731015,0.25,27.9537216660823));
#6295=CARTESIAN_POINT('',(113.550076731015,0.250000000000003,27.9537216660823));
#6296=CARTESIAN_POINT('',(109.650076731015,-0.176776695296634,27.7769449707856));
#6297=CARTESIAN_POINT('',(109.650076731015,-0.887912607362385,27.4823828313175));
#6298=CARTESIAN_POINT('',(117.450076731015,-0.176776695296634,27.7769449707856));
#6299=CARTESIAN_POINT('',(113.550076731015,-0.176776695296634,27.7769449707856));
#6300=CARTESIAN_POINT('',(117.450076731015,0.,27.850168275489));
#6301=CARTESIAN_POINT('',(117.450076731015,-0.887912607362385,27.4823828313175));
#6302=CARTESIAN_POINT('',(113.550076731015,-2.77555756156289E-16,27.850168275489));
#6303=CARTESIAN_POINT('Origin',(100.050076731015,0.,27.9537216660823));
#6304=CARTESIAN_POINT('',(100.150076731015,0.25,27.9537216660823));
#6305=CARTESIAN_POINT('',(100.150076731015,0.,27.9537216660823));
#6306=CARTESIAN_POINT('',(106.800076731015,0.25,27.9537216660823));
#6307=CARTESIAN_POINT('Origin',(127.000076731015,15.4396446609407,18.3433663270229));
#6308=CARTESIAN_POINT('Origin',(113.550076731015,28.,13.9537216660823));
#6309=CARTESIAN_POINT('',(100.150076731015,28.,6.95372166608227));
#6310=CARTESIAN_POINT('Origin',(100.150076731015,28.,5.75372166608227));
#6311=CARTESIAN_POINT('',(100.050076731015,27.9,5.81230030984496));
#6312=CARTESIAN_POINT('',(100.150076731015,27.9292893218813,5.92443234420093));
#6313=CARTESIAN_POINT('',(100.050076731015,27.9,5.81230030984496));
#6314=CARTESIAN_POINT('Origin',(100.100076731015,27.95,6.95372166608227));
#6315=CARTESIAN_POINT('',(100.050076731015,27.9,6.95372166608227));
#6316=CARTESIAN_POINT('Origin',(100.150076731015,5.97071067811865,27.8830109879636));
#6317=CARTESIAN_POINT('',(100.050076731015,5.85857864376269,27.8537216660823));
#6318=CARTESIAN_POINT('',(100.150076731015,5.8,27.9537216660823));
#6319=CARTESIAN_POINT('',(100.050076731015,5.85857864376268,27.8537216660823));
#6320=CARTESIAN_POINT('Origin',(100.100076731015,22.4396446609407,11.3433663270229));
#6321=CARTESIAN_POINT('',(100.050076731015,22.4042893218813,11.3080109879636));
#6322=CARTESIAN_POINT('Origin',(100.100076731015,0.,27.9037216660823));
#6323=CARTESIAN_POINT('',(100.050076731015,0.149999999999999,27.8537216660823));
#6324=CARTESIAN_POINT('',(101.158410064348,1.25833333333327,28.9620549994155));
#6325=CARTESIAN_POINT('',(100.050076731015,0.,27.8537216660823));
#6326=CARTESIAN_POINT('Origin',(113.550076731015,5.9,16.9037216660823));
#6327=CARTESIAN_POINT('',(124.050076731015,5.9,-0.0462783339177264));
#6328=CARTESIAN_POINT('',(103.050076731015,5.9,-0.0462783339177264));
#6329=CARTESIAN_POINT('',(110.550076731015,5.9,8.98219143918063));
#6330=CARTESIAN_POINT('',(110.050076731015,5.9,9.58626884213646));
#6331=CARTESIAN_POINT('Origin',(110.550076731015,5.9,9.58626884213645));
#6332=CARTESIAN_POINT('',(116.550076731015,5.9,8.98219143918063));
#6333=CARTESIAN_POINT('',(120.300076731015,5.9,8.98219143918063));
#6334=CARTESIAN_POINT('',(117.050076731015,5.9,9.58626884213646));
#6335=CARTESIAN_POINT('Origin',(116.550076731015,5.9,9.58626884213646));
#6336=CARTESIAN_POINT('',(117.050076731015,5.9,22.2037216660823));
#6337=CARTESIAN_POINT('',(117.050076731015,5.9,19.6787216660823));
#6338=CARTESIAN_POINT('',(116.550076731015,5.9,22.7037216660823));
#6339=CARTESIAN_POINT('Origin',(116.550076731015,5.9,22.2037216660823));
#6340=CARTESIAN_POINT('',(110.550076731015,5.9,22.7037216660823));
#6341=CARTESIAN_POINT('',(111.925076731015,5.9,22.7037216660823));
#6342=CARTESIAN_POINT('',(110.050076731015,5.9,22.2037216660823));
#6343=CARTESIAN_POINT('Origin',(110.550076731015,5.9,22.2037216660823));
#6344=CARTESIAN_POINT('',(110.050076731015,5.9,11.1787216660823));
#6345=CARTESIAN_POINT('Origin',(106.800076731015,0.125,27.8287216660823));
#6346=CARTESIAN_POINT('',(109.650076731015,0.,27.7037216660823));
#6347=CARTESIAN_POINT('',(106.800076731015,0.,27.7037216660823));
#6348=CARTESIAN_POINT('',(109.650076731015,-0.666789321881346,27.0369323442009));
#6349=CARTESIAN_POINT('',(100.050076731015,-6.875,20.8287216660823));
#6350=CARTESIAN_POINT('Origin',(117.450076731015,-1.45857864376269,26.2451430223196));
#6351=CARTESIAN_POINT('',(117.450076731015,-2.85857864376269,25.0951430223196));
#6352=CARTESIAN_POINT('',(117.450076731015,-2.22107864376269,25.7326430223196));
#6353=CARTESIAN_POINT('',(117.450076731015,-2.85857864376269,24.812300309845));
#6354=CARTESIAN_POINT('Origin',(117.450076731015,-2.71715728752538,24.9537216660823));
#6355=CARTESIAN_POINT('',(117.450076731015,-2.64142135623731,24.5951430223196));
#6356=CARTESIAN_POINT('',(117.450076731015,-2.75821067811866,24.7119323442009));
#6357=CARTESIAN_POINT('',(117.450076731015,-2.35857864376269,24.5951430223196));
#6358=CARTESIAN_POINT('Origin',(117.450076731015,-2.5,24.7365643785569));
#6359=CARTESIAN_POINT('',(117.450076731015,0.,26.9537216660823));
#6360=CARTESIAN_POINT('',(117.450076731015,-0.541789321881344,26.4119323442009));
#6361=CARTESIAN_POINT('',(117.450076731015,0.,-0.0462783339177264));
#6362=CARTESIAN_POINT('Origin',(127.050076731015,-2.85857864376269,25.0951430223196));
#6363=CARTESIAN_POINT('',(109.650076731015,-2.85857864376269,25.0951430223196));
#6364=CARTESIAN_POINT('',(109.650076731015,-2.22107864376269,25.7326430223196));
#6365=CARTESIAN_POINT('',(127.050076731015,-2.85857864376269,25.0951430223196));
#6366=CARTESIAN_POINT('Origin',(109.650076731015,-1.45857864376269,26.2451430223196));
#6367=CARTESIAN_POINT('',(109.650076731015,0.,26.9537216660823));
#6368=CARTESIAN_POINT('',(109.650076731015,0.,2.45372166608227));
#6369=CARTESIAN_POINT('',(109.650076731015,-2.35857864376269,24.5951430223196));
#6370=CARTESIAN_POINT('',(109.650076731015,-0.541789321881344,26.4119323442009));
#6371=CARTESIAN_POINT('',(109.650076731015,-2.64142135623731,24.5951430223196));
#6372=CARTESIAN_POINT('Origin',(109.650076731015,-2.5,24.7365643785569));
#6373=CARTESIAN_POINT('',(109.650076731015,-2.85857864376269,24.812300309845));
#6374=CARTESIAN_POINT('',(109.650076731015,-2.75821067811866,24.7119323442009));
#6375=CARTESIAN_POINT('Origin',(109.650076731015,-2.71715728752538,24.9537216660823));
#6376=CARTESIAN_POINT('Origin',(113.550076731015,0.,13.9537216660823));
#6377=CARTESIAN_POINT('',(120.300076731015,-5.55111512312578E-16,26.9537216660823));
#6378=CARTESIAN_POINT('',(103.025076731015,0.,22.4951430223196));
#6379=CARTESIAN_POINT('',(102.825076731015,0.,22.212300309845));
#6380=CARTESIAN_POINT('Origin',(103.025076731015,0.,22.212300309845));
#6381=CARTESIAN_POINT('',(107.325076731015,0.,22.4951430223196));
#6382=CARTESIAN_POINT('',(106.800076731015,0.,22.4951430223196));
#6383=CARTESIAN_POINT('',(107.525076731015,0.,22.212300309845));
#6384=CARTESIAN_POINT('Origin',(107.325076731015,0.,22.212300309845));
#6385=CARTESIAN_POINT('',(107.525076731015,0.,5.69514302231958));
#6386=CARTESIAN_POINT('',(107.525076731015,0.,18.2037216660823));
#6387=CARTESIAN_POINT('',(107.325076731015,0.,5.41230030984496));
#6388=CARTESIAN_POINT('Origin',(107.325076731015,0.,5.69514302231958));
#6389=CARTESIAN_POINT('',(103.025076731015,0.,5.41230030984496));
#6390=CARTESIAN_POINT('',(106.800076731015,0.,5.41230030984496));
#6391=CARTESIAN_POINT('',(102.825076731015,0.,5.69514302231958));
#6392=CARTESIAN_POINT('Origin',(103.025076731015,0.,5.69514302231958));
#6393=CARTESIAN_POINT('',(102.825076731015,0.,9.70372166608227));
#6394=CARTESIAN_POINT('',(110.050076731015,0.,5.92525189298391));
#6395=CARTESIAN_POINT('',(110.550076731015,0.,5.32117449002809));
#6396=CARTESIAN_POINT('Origin',(110.550076731015,0.,5.92525189298391));
#6397=CARTESIAN_POINT('',(110.050076731015,0.,22.2037216660823));
#6398=CARTESIAN_POINT('',(110.050076731015,0.,9.70372166608227));
#6399=CARTESIAN_POINT('',(110.550076731015,0.,22.7037216660823));
#6400=CARTESIAN_POINT('Origin',(110.550076731015,0.,22.2037216660823));
#6401=CARTESIAN_POINT('',(116.550076731015,0.,22.7037216660823));
#6402=CARTESIAN_POINT('',(111.925076731015,0.,22.7037216660823));
#6403=CARTESIAN_POINT('',(117.050076731015,0.,22.2037216660823));
#6404=CARTESIAN_POINT('Origin',(116.550076731015,0.,22.2037216660823));
#6405=CARTESIAN_POINT('',(117.050076731015,0.,5.92525189298391));
#6406=CARTESIAN_POINT('',(117.050076731015,0.,18.2037216660823));
#6407=CARTESIAN_POINT('',(116.550076731015,0.,5.32117449002809));
#6408=CARTESIAN_POINT('Origin',(116.550076731015,0.,5.92525189298392));
#6409=CARTESIAN_POINT('',(120.300076731015,0.,5.32117449002809));
#6410=CARTESIAN_POINT('',(119.575076731015,0.,5.69514302231958));
#6411=CARTESIAN_POINT('',(119.775076731015,0.,5.41230030984496));
#6412=CARTESIAN_POINT('Origin',(119.775076731015,0.,5.69514302231958));
#6413=CARTESIAN_POINT('',(119.575076731015,0.,22.212300309845));
#6414=CARTESIAN_POINT('',(119.575076731015,0.,9.70372166608227));
#6415=CARTESIAN_POINT('',(119.775076731015,0.,22.4951430223196));
#6416=CARTESIAN_POINT('Origin',(119.775076731015,0.,22.212300309845));
#6417=CARTESIAN_POINT('',(124.075076731015,0.,22.4951430223196));
#6418=CARTESIAN_POINT('',(120.300076731015,0.,22.4951430223196));
#6419=CARTESIAN_POINT('',(124.275076731015,0.,22.212300309845));
#6420=CARTESIAN_POINT('Origin',(124.075076731015,0.,22.212300309845));
#6421=CARTESIAN_POINT('',(124.275076731015,0.,5.69514302231958));
#6422=CARTESIAN_POINT('',(124.275076731015,0.,18.2037216660823));
#6423=CARTESIAN_POINT('',(124.075076731015,0.,5.41230030984496));
#6424=CARTESIAN_POINT('Origin',(124.075076731015,0.,5.69514302231958));
#6425=CARTESIAN_POINT('',(120.300076731015,0.,5.41230030984496));
#6426=CARTESIAN_POINT('Origin',(100.050076731015,0.,-0.0462783339177264));
#6427=CARTESIAN_POINT('Ctrl Pts',(107.425076731015,0.0999999999999557,5.69514302231963));
#6428=CARTESIAN_POINT('Ctrl Pts',(107.425076731015,0.0814879877576294,5.63960698559265));
#6429=CARTESIAN_POINT('Ctrl Pts',(107.403357308605,0.0446472727507469,5.52908484057182));
#6430=CARTESIAN_POINT('Ctrl Pts',(107.351256669795,0.0292893218813541,5.4830109879636));
#6431=CARTESIAN_POINT('Ctrl Pts',(107.325076731015,0.0292893218813428,5.48301098796362));
#6432=CARTESIAN_POINT('Ctrl Pts',(107.425076731015,0.0700800699657758,5.69514302231963));
#6433=CARTESIAN_POINT('Ctrl Pts',(107.430784812679,0.0551114183966458,5.63966614707628));
#6434=CARTESIAN_POINT('Ctrl Pts',(107.414945847968,0.0285979190014003,5.52287894327561));
#6435=CARTESIAN_POINT('Ctrl Pts',(107.355168740961,0.0187110291714511,5.4724326952537));
#6436=CARTESIAN_POINT('Ctrl Pts',(107.325076731015,0.018711029171443,5.47243269525372));
#6437=CARTESIAN_POINT('Ctrl Pts',(107.45020369079,0.0182968551923093,5.69514302231962));
#6438=CARTESIAN_POINT('Ctrl Pts',(107.459005382659,0.0137880622641893,5.63494089302205));
#6439=CARTESIAN_POINT('Ctrl Pts',(107.440072257199,0.00677782634037258,
5.50571155937039));
#6440=CARTESIAN_POINT('Ctrl Pts',(107.363589322996,0.00444125690540794,
5.4497040988452));
#6441=CARTESIAN_POINT('Ctrl Pts',(107.325076731015,0.00444125690540445,
5.44970409884522));
#6442=CARTESIAN_POINT('Ctrl Pts',(107.502636783489,1.37405049531452E-18,
5.69514302231959));
#6443=CARTESIAN_POINT('Ctrl Pts',(107.505258443048,4.77343443782193E-5,
5.62524056171326));
#6444=CARTESIAN_POINT('Ctrl Pts',(107.469162597286,1.80255277717731E-5,
5.48332327267827));
#6445=CARTESIAN_POINT('Ctrl Pts',(107.373283213615,2.56361843087148E-15,
5.42352028360777));
#6446=CARTESIAN_POINT('Ctrl Pts',(107.325076731015,5.90779159426425E-16,
5.42352028360779));
#6447=CARTESIAN_POINT('Ctrl Pts',(107.525076731015,0.,5.69514302231958));
#6448=CARTESIAN_POINT('Ctrl Pts',(107.525076731015,-1.29843317198622E-16,
5.62109497335029));
#6449=CARTESIAN_POINT('Ctrl Pts',(107.481637886195,-8.04317586446431E-17,
5.47373211332258));
#6450=CARTESIAN_POINT('Ctrl Pts',(107.377436608575,2.56500147830499E-15,
5.41230030984495));
#6451=CARTESIAN_POINT('Ctrl Pts',(107.325076731015,5.89805981832114E-16,
5.41230030984496));
#6452=CARTESIAN_POINT('',(107.325076731015,0.0292893218813451,5.48301098796362));
#6453=CARTESIAN_POINT('',(107.425076731015,0.1,5.69514302231958));
#6454=CARTESIAN_POINT('Origin',(107.325076731015,0.0999999999999973,5.69514302231958));
#6455=CARTESIAN_POINT('Origin',(107.325076731015,0.1,5.41230030984496));
#6456=CARTESIAN_POINT('Origin',(107.525076731015,0.1,5.69514302231958));
#6457=CARTESIAN_POINT('Origin',(107.325076731015,2.4,7.99514302231958));
#6458=CARTESIAN_POINT('',(107.325076731015,2.5,7.99514302231958));
#6459=CARTESIAN_POINT('',(107.425076731015,2.4,7.99514302231958));
#6460=CARTESIAN_POINT('Origin',(107.325076731015,2.4,7.99514302231958));
#6461=CARTESIAN_POINT('',(107.325076731015,2.47071067811865,7.92443234420093));
#6462=CARTESIAN_POINT('Origin',(107.325076731015,2.4,7.99514302231958));
#6463=CARTESIAN_POINT('Origin',(107.325076731015,2.4,7.99514302231958));
#6464=CARTESIAN_POINT('Ctrl Pts',(103.025076731015,0.0292893218813446,5.48301098796362));
#6465=CARTESIAN_POINT('Ctrl Pts',(102.998896792235,0.0292893218813443,5.48301098796362));
#6466=CARTESIAN_POINT('Ctrl Pts',(102.9467948472,0.0446463491107592,5.52908206965186));
#6467=CARTESIAN_POINT('Ctrl Pts',(102.925076731015,0.0814879877576748,5.6396069855926));
#6468=CARTESIAN_POINT('Ctrl Pts',(102.925076731015,0.100000000000001,5.69514302231958));
#6469=CARTESIAN_POINT('Ctrl Pts',(103.025076731015,0.018711029171444,5.47243269525372));
#6470=CARTESIAN_POINT('Ctrl Pts',(102.994984721068,0.0187110291714437,5.47243269525372));
#6471=CARTESIAN_POINT('Ctrl Pts',(102.935207233898,0.0285969051440664,5.5228751729862));
#6472=CARTESIAN_POINT('Ctrl Pts',(102.91936864935,0.0551114183966805,5.63966614707624));
#6473=CARTESIAN_POINT('Ctrl Pts',(102.925076731015,0.0700800699658132,5.69514302231958));
#6474=CARTESIAN_POINT('Ctrl Pts',(103.025076731015,0.00444122553344525,
5.44970411027432));
#6475=CARTESIAN_POINT('Ctrl Pts',(102.986564139033,0.00444122553344488,
5.44970411027432));
#6476=CARTESIAN_POINT('Ctrl Pts',(102.910077410513,0.00677776583786404,
5.50570763690668));
#6477=CARTESIAN_POINT('Ctrl Pts',(102.89114839663,0.013787681597963,5.63494089302201));
#6478=CARTESIAN_POINT('Ctrl Pts',(102.899950088499,0.0182964745260848,5.69514302231958));
#6479=CARTESIAN_POINT('Ctrl Pts',(103.025076731015,2.43834464231063E-16,
5.42352028360778));
#6480=CARTESIAN_POINT('Ctrl Pts',(102.976870248415,-1.43027464669869E-16,
5.42352028360778));
#6481=CARTESIAN_POINT('Ctrl Pts',(102.880987729777,1.74444655724171E-5,
5.48331953859378));
#6482=CARTESIAN_POINT('Ctrl Pts',(102.844895018981,4.77343443806892E-5,
5.62524056171324));
#6483=CARTESIAN_POINT('Ctrl Pts',(102.84751667854,2.49688452126069E-15,
5.69514302231958));
#6484=CARTESIAN_POINT('Ctrl Pts',(103.025076731015,2.42861286636753E-16,
5.41230030984496));
#6485=CARTESIAN_POINT('Ctrl Pts',(102.972716853455,-1.43988930344699E-16,
5.41230030984496));
#6486=CARTESIAN_POINT('Ctrl Pts',(102.868512963386,-1.69417607791176E-16,
5.47372841876262));
#6487=CARTESIAN_POINT('Ctrl Pts',(102.825076731015,2.49728388720637E-15,
5.62109497335028));
#6488=CARTESIAN_POINT('Ctrl Pts',(102.825076731015,2.4980018054066E-15,
5.69514302231958));
#6489=CARTESIAN_POINT('',(102.925076731015,0.1,5.69514302231958));
#6490=CARTESIAN_POINT('',(103.025076731015,0.0292893218813449,5.48301098796362));
#6491=CARTESIAN_POINT('Origin',(103.025076731015,0.1,5.69514302231958));
#6492=CARTESIAN_POINT('Origin',(102.825076731015,0.1,5.69514302231958));
#6493=CARTESIAN_POINT('Origin',(103.025076731015,0.1,5.41230030984496));
#6494=CARTESIAN_POINT('Ctrl Pts',(107.325076731015,0.0292893218813459,22.4244323442009));
#6495=CARTESIAN_POINT('Ctrl Pts',(107.351256669795,0.0292893218813459,22.4244323442009));
#6496=CARTESIAN_POINT('Ctrl Pts',(107.403353051338,0.0446502830931655,22.3783494605655));
#6497=CARTESIAN_POINT('Ctrl Pts',(107.425076731015,0.0814879877576731,22.2678363465719));
#6498=CARTESIAN_POINT('Ctrl Pts',(107.425076731015,0.0999999999999994,22.212300309845));
#6499=CARTESIAN_POINT('Ctrl Pts',(107.325076731015,0.0187110291714441,22.4350106369108));
#6500=CARTESIAN_POINT('Ctrl Pts',(107.355168740961,0.0187110291714441,22.4350106369108));
#6501=CARTESIAN_POINT('Ctrl Pts',(107.414944608932,0.0286012233816546,22.3845521007006));
#6502=CARTESIAN_POINT('Ctrl Pts',(107.430784812679,0.0551114183966787,22.2677771850883));
#6503=CARTESIAN_POINT('Ctrl Pts',(107.425076731015,0.0700800699658113,22.212300309845));
#6504=CARTESIAN_POINT('Ctrl Pts',(107.325076731015,0.00444135563332516,
22.4577392692868));
#6505=CARTESIAN_POINT('Ctrl Pts',(107.363589322996,0.00444135563332515,
22.4577392692868));
#6506=CARTESIAN_POINT('Ctrl Pts',(107.440059911922,0.00677803685472251,
22.4017189807648));
#6507=CARTESIAN_POINT('Ctrl Pts',(107.459006381077,0.0137892602252968,22.2725024391425));
#6508=CARTESIAN_POINT('Ctrl Pts',(107.450204689208,0.0182980531534184,22.212300309845));
#6509=CARTESIAN_POINT('Ctrl Pts',(107.325076731015,-1.90819582357449E-15,
22.4839230485568));
#6510=CARTESIAN_POINT('Ctrl Pts',(107.373283213615,-1.92023864649495E-15,
22.4839230485568));
#6511=CARTESIAN_POINT('Ctrl Pts',(107.469152379754,1.99193351074961E-5,
22.4241078892976));
#6512=CARTESIAN_POINT('Ctrl Pts',(107.505258443048,4.7734344378235E-5,22.2822027704513));
#6513=CARTESIAN_POINT('Ctrl Pts',(107.502636783489,1.73445022357396E-16,
22.212300309845));
#6514=CARTESIAN_POINT('Ctrl Pts',(107.325076731015,-1.90819582357449E-15,
22.4951430223196));
#6515=CARTESIAN_POINT('Ctrl Pts',(107.377436608575,-1.92023828190861E-15,
22.4951430223196));
#6516=CARTESIAN_POINT('Ctrl Pts',(107.481629371661,-1.560018031143E-15,
22.4336991774723));
#6517=CARTESIAN_POINT('Ctrl Pts',(107.525076731015,-1.49848536436351E-16,
22.2863483588143));
#6518=CARTESIAN_POINT('Ctrl Pts',(107.525076731015,1.73472347597681E-16,
22.212300309845));
#6519=CARTESIAN_POINT('',(107.325076731015,0.0292893218813452,22.4244323442009));
#6520=CARTESIAN_POINT('Origin',(107.325076731015,0.1,22.4951430223196));
#6521=CARTESIAN_POINT('',(107.425076731015,0.1,22.212300309845));
#6522=CARTESIAN_POINT('Origin',(107.325076731015,0.0999999999999973,22.212300309845));
#6523=CARTESIAN_POINT('Origin',(107.525076731015,0.1,22.212300309845));
#6524=CARTESIAN_POINT('Origin',(103.025076731015,2.4,7.99514302231958));
#6525=CARTESIAN_POINT('',(103.025076731015,2.5,7.99514302231958));
#6526=CARTESIAN_POINT('',(103.025076731015,2.47071067811865,7.92443234420093));
#6527=CARTESIAN_POINT('Origin',(103.025076731015,2.4,7.99514302231958));
#6528=CARTESIAN_POINT('',(102.925076731015,2.4,7.99514302231958));
#6529=CARTESIAN_POINT('Origin',(103.025076731015,2.4,7.99514302231958));
#6530=CARTESIAN_POINT('Origin',(103.025076731015,2.4,7.99514302231958));
#6531=CARTESIAN_POINT('Origin',(107.325076731015,2.4,19.912300309845));
#6532=CARTESIAN_POINT('',(107.325076731015,2.5,19.912300309845));
#6533=CARTESIAN_POINT('',(107.325076731015,2.47071067811865,19.9830109879636));
#6534=CARTESIAN_POINT('Origin',(107.325076731015,2.4,19.912300309845));
#6535=CARTESIAN_POINT('',(107.425076731015,2.4,19.912300309845));
#6536=CARTESIAN_POINT('Origin',(107.325076731015,2.4,19.912300309845));
#6537=CARTESIAN_POINT('Origin',(107.325076731015,2.4,19.912300309845));
#6538=CARTESIAN_POINT('Origin',(107.325076731015,2.4,18.2037216660823));
#6539=CARTESIAN_POINT('',(107.425076731015,2.4,18.2037216660823));
#6540=CARTESIAN_POINT('',(107.325076731015,2.5,18.2037216660823));
#6541=CARTESIAN_POINT('Origin',(107.325076731015,-0.0707106781186543,22.3830109879636));
#6542=CARTESIAN_POINT('',(107.425076731015,-0.0707106781186543,22.3830109879636));
#6543=CARTESIAN_POINT('',(107.325076731015,-7.19910242530375E-16,22.4537216660823));
#6544=CARTESIAN_POINT('Ctrl Pts',(102.925076731015,0.0999999999999818,22.212300309845));
#6545=CARTESIAN_POINT('Ctrl Pts',(102.925076731015,0.0814879877576555,22.2678363465719));
#6546=CARTESIAN_POINT('Ctrl Pts',(102.946799375564,0.0446495511477475,22.3783516564017));
#6547=CARTESIAN_POINT('Ctrl Pts',(102.998896792235,0.0292893218813494,22.4244323442009));
#6548=CARTESIAN_POINT('Ctrl Pts',(103.025076731015,0.029289321881345,22.4244323442009));
#6549=CARTESIAN_POINT('Ctrl Pts',(102.925076731015,0.0700800699657969,22.212300309845));
#6550=CARTESIAN_POINT('Ctrl Pts',(102.91936864935,0.0551114183966651,22.2677771850883));
#6551=CARTESIAN_POINT('Ctrl Pts',(102.935208551834,0.0286004199428269,22.3845550884946));
#6552=CARTESIAN_POINT('Ctrl Pts',(102.994984721068,0.0187110291714478,22.4350106369108));
#6553=CARTESIAN_POINT('Ctrl Pts',(103.025076731015,0.0187110291714444,22.4350106369108));
#6554=CARTESIAN_POINT('Ctrl Pts',(102.899949010709,0.0182977677219495,22.212300309845));
#6555=CARTESIAN_POINT('Ctrl Pts',(102.89114731884,0.0137889747938283,22.2725024391425));
#6556=CARTESIAN_POINT('Ctrl Pts',(102.910090551337,0.00677798384621549,
22.4017220921418));
#6557=CARTESIAN_POINT('Ctrl Pts',(102.986564139033,0.00444133210998129,
22.4577392607171));
#6558=CARTESIAN_POINT('Ctrl Pts',(103.025076731015,0.00444133210997932,
22.4577392607171));
#6559=CARTESIAN_POINT('Ctrl Pts',(102.84751667854,-5.53737461817137E-16,
22.212300309845));
#6560=CARTESIAN_POINT('Ctrl Pts',(102.844895018981,4.77343443773111E-5,
22.2822027704513));
#6561=CARTESIAN_POINT('Ctrl Pts',(102.880998597948,1.94588680224922E-5,
22.4241108484008));
#6562=CARTESIAN_POINT('Ctrl Pts',(102.976870248415,1.92545619742484E-15,
22.4839230485568));
#6563=CARTESIAN_POINT('Ctrl Pts',(103.025076731015,4.16333634234434E-16,
22.4839230485568));
#6564=CARTESIAN_POINT('Ctrl Pts',(102.825076731015,-5.55111512312578E-16,
22.212300309845));
#6565=CARTESIAN_POINT('Ctrl Pts',(102.825076731015,-1.023174228887E-15,
22.2863483588143));
#6566=CARTESIAN_POINT('Ctrl Pts',(102.868522020114,-1.30015980100873E-15,
22.433702105254));
#6567=CARTESIAN_POINT('Ctrl Pts',(102.972716853455,1.92621582703441E-15,
22.4951430223196));
#6568=CARTESIAN_POINT('Ctrl Pts',(103.025076731015,4.16333634234434E-16,
22.4951430223196));
#6569=CARTESIAN_POINT('',(103.025076731015,0.0292893218813461,22.4244323442009));
#6570=CARTESIAN_POINT('',(102.925076731015,0.1,22.212300309845));
#6571=CARTESIAN_POINT('Origin',(103.025076731015,0.0999999999999965,22.212300309845));
#6572=CARTESIAN_POINT('Origin',(103.025076731015,0.1,22.4951430223196));
#6573=CARTESIAN_POINT('Origin',(102.825076731015,0.1,22.212300309845));
#6574=CARTESIAN_POINT('Origin',(106.800076731015,0.1,22.4951430223196));
#6575=CARTESIAN_POINT('',(106.800076731015,0.0292893218813461,22.4244323442009));
#6576=CARTESIAN_POINT('Origin',(102.825076731015,0.1,9.70372166608227));
#6577=CARTESIAN_POINT('',(102.925076731015,0.1,9.70372166608227));
#6578=CARTESIAN_POINT('Origin',(103.025076731015,2.4,19.912300309845));
#6579=CARTESIAN_POINT('',(103.025076731015,2.47071067811865,19.9830109879636));
#6580=CARTESIAN_POINT('',(103.025076731015,2.5,19.912300309845));
#6581=CARTESIAN_POINT('Origin',(103.025076731015,2.4,19.912300309845));
#6582=CARTESIAN_POINT('',(102.925076731015,2.4,19.912300309845));
#6583=CARTESIAN_POINT('Origin',(103.025076731015,2.4,19.912300309845));
#6584=CARTESIAN_POINT('Origin',(103.025076731015,2.4,19.912300309845));
#6585=CARTESIAN_POINT('Origin',(103.025076731015,4.17928932188135,18.1330109879636));
#6586=CARTESIAN_POINT('',(102.925076731015,4.17928932188135,18.1330109879636));
#6587=CARTESIAN_POINT('',(103.025076731015,4.25,18.2037216660823));
#6588=CARTESIAN_POINT('Origin',(103.025076731015,2.4,9.70372166608227));
#6589=CARTESIAN_POINT('',(102.925076731015,2.4,9.70372166608227));
#6590=CARTESIAN_POINT('',(103.025076731015,2.5,9.70372166608227));
#6591=CARTESIAN_POINT('Origin',(102.612576731015,2.4,19.912300309845));
#6592=CARTESIAN_POINT('',(102.612576731015,2.5,19.912300309845));
#6593=CARTESIAN_POINT('',(102.612576731015,2.47071067811865,19.9830109879636));
#6594=CARTESIAN_POINT('Origin',(103.025076731015,1.17928932188135,6.77443234420093));
#6595=CARTESIAN_POINT('',(102.925076731015,1.17928932188135,6.77443234420093));
#6596=CARTESIAN_POINT('',(103.025076731015,1.25,6.70372166608227));
#6597=CARTESIAN_POINT('Origin',(102.612576731015,2.4,7.99514302231958));
#6598=CARTESIAN_POINT('',(102.612576731015,2.5,7.99514302231958));
#6599=CARTESIAN_POINT('',(102.612576731015,2.47071067811865,7.92443234420093));
#6600=CARTESIAN_POINT('Origin',(107.525076731015,0.1,18.2037216660823));
#6601=CARTESIAN_POINT('',(107.425076731015,0.1,18.2037216660823));
#6602=CARTESIAN_POINT('Origin',(106.800076731015,0.1,5.41230030984496));
#6603=CARTESIAN_POINT('',(106.800076731015,0.0292893218813451,5.48301098796362));
#6604=CARTESIAN_POINT('Origin',(107.325076731015,5.42928932188134,11.0244323442009));
#6605=CARTESIAN_POINT('',(107.425076731015,5.42928932188134,11.0244323442009));
#6606=CARTESIAN_POINT('',(107.325076731015,5.5,10.9537216660823));
#6607=CARTESIAN_POINT('Origin',(107.425076731015,0.,22.4537216660823));
#6608=CARTESIAN_POINT('Origin',(100.050076731015,0.,22.4537216660823));
#6609=CARTESIAN_POINT('Origin',(102.925076731015,0.,5.45372166608227));
#6610=CARTESIAN_POINT('Origin',(105.175076731015,2.5,13.9537216660823));
#6611=CARTESIAN_POINT('Origin',(100.050076731015,2.5,7.95372166608227));
#6612=CARTESIAN_POINT('Ctrl Pts',(124.075076731015,0.029289321881346,22.4244323442009));
#6613=CARTESIAN_POINT('Ctrl Pts',(124.101256669795,0.0292893218813466,22.4244323442009));
#6614=CARTESIAN_POINT('Ctrl Pts',(124.153349511313,0.0446527862687443,22.3783419510387));
#6615=CARTESIAN_POINT('Ctrl Pts',(124.175076731015,0.0814879877576705,22.2678363465719));
#6616=CARTESIAN_POINT('Ctrl Pts',(124.175076731015,0.0999999999999966,22.212300309845));
#6617=CARTESIAN_POINT('Ctrl Pts',(124.075076731015,0.0187110291714453,22.4350106369108));
#6618=CARTESIAN_POINT('Ctrl Pts',(124.105168740961,0.0187110291714461,22.4350106369108));
#6619=CARTESIAN_POINT('Ctrl Pts',(124.164943578644,0.0286039710571044,22.3845418827623));
#6620=CARTESIAN_POINT('Ctrl Pts',(124.180784812679,0.0551114183966768,22.2677771850883));
#6621=CARTESIAN_POINT('Ctrl Pts',(124.175076731015,0.070080069965809,22.212300309845));
#6622=CARTESIAN_POINT('Ctrl Pts',(124.075076731015,0.00444143385195456,
22.4577392977826));
#6623=CARTESIAN_POINT('Ctrl Pts',(124.113589322996,0.0044414338519554,22.4577392977826));
#6624=CARTESIAN_POINT('Ctrl Pts',(124.190049669882,0.00677822657397916,
22.4017083352018));
#6625=CARTESIAN_POINT('Ctrl Pts',(124.209007172088,0.0137902093273309,22.2725024391425));
#6626=CARTESIAN_POINT('Ctrl Pts',(124.200205480219,0.0182990022554522,22.212300309845));
#6627=CARTESIAN_POINT('Ctrl Pts',(124.075076731015,1.30104260698261E-15,
22.4839230485568));
#6628=CARTESIAN_POINT('Ctrl Pts',(124.123283213615,2.18457256499338E-15,
22.4839230485568));
#6629=CARTESIAN_POINT('Ctrl Pts',(124.219143883619,2.14940836329037E-5,
22.424097769479));
#6630=CARTESIAN_POINT('Ctrl Pts',(124.255258443048,4.77343443784295E-5,
22.2822027704513));
#6631=CARTESIAN_POINT('Ctrl Pts',(124.252636783489,1.37660593932219E-16,
22.212300309845));
#6632=CARTESIAN_POINT('Ctrl Pts',(124.075076731015,1.30104260698261E-15,
22.4951430223196));
#6633=CARTESIAN_POINT('Ctrl Pts',(124.127436608575,2.1845458168671E-15,
22.4951430223196));
#6634=CARTESIAN_POINT('Ctrl Pts',(124.231622291611,1.14825803255528E-15,
22.43368916477));
#6635=CARTESIAN_POINT('Ctrl Pts',(124.275076731015,3.68580113417441E-17,
22.2863483588143));
#6636=CARTESIAN_POINT('Ctrl Pts',(124.275076731015,1.38777878078145E-16,
22.212300309845));
#6637=CARTESIAN_POINT('',(124.075076731015,0.0292893218813448,22.4244323442009));
#6638=CARTESIAN_POINT('Origin',(124.075076731015,0.1,22.4951430223196));
#6639=CARTESIAN_POINT('',(124.175076731015,0.1,22.212300309845));
#6640=CARTESIAN_POINT('Origin',(124.075076731015,0.0999999999999986,22.212300309845));
#6641=CARTESIAN_POINT('Origin',(124.275076731015,0.1,22.212300309845));
#6642=CARTESIAN_POINT('Ctrl Pts',(119.675076731015,0.0999999999999568,22.2123003098449));
#6643=CARTESIAN_POINT('Ctrl Pts',(119.675076731015,0.0814879877576305,22.2678363465719));
#6644=CARTESIAN_POINT('Ctrl Pts',(119.696803089039,0.0446521769710156,22.3783437789319));
#6645=CARTESIAN_POINT('Ctrl Pts',(119.748896792235,0.0292893218813541,22.4244323442009));
#6646=CARTESIAN_POINT('Ctrl Pts',(119.775076731015,0.0292893218813428,22.4244323442009));
#6647=CARTESIAN_POINT('Ctrl Pts',(119.675076731015,0.0700800699657768,22.2123003098449));
#6648=CARTESIAN_POINT('Ctrl Pts',(119.66936864935,0.0551114183966465,22.2677771850883));
#6649=CARTESIAN_POINT('Ctrl Pts',(119.685209632603,0.0286033022456854,22.3845443699097));
#6650=CARTESIAN_POINT('Ctrl Pts',(119.744984721068,0.0187110291714505,22.4350106369108));
#6651=CARTESIAN_POINT('Ctrl Pts',(119.775076731015,0.0187110291714424,22.4350106369108));
#6652=CARTESIAN_POINT('Ctrl Pts',(119.649948171211,0.0182987750010299,22.2123003098449));
#6653=CARTESIAN_POINT('Ctrl Pts',(119.641146479342,0.0137899820729094,22.2725024391425));
#6654=CARTESIAN_POINT('Ctrl Pts',(119.660101301005,0.00677817921954561,
22.4017109271315));
#6655=CARTESIAN_POINT('Ctrl Pts',(119.736564139033,0.00444141512317048,
22.4577392909596));
#6656=CARTESIAN_POINT('Ctrl Pts',(119.775076731015,0.004441415123167,22.4577392909596));
#6657=CARTESIAN_POINT('Ctrl Pts',(119.59751667854,1.37405049531984E-18,
22.212300309845));
#6658=CARTESIAN_POINT('Ctrl Pts',(119.594895018981,4.77343443776299E-5,
22.2822027704513));
#6659=CARTESIAN_POINT('Ctrl Pts',(119.631007510367,2.11107742442764E-5,
22.4241002327431));
#6660=CARTESIAN_POINT('Ctrl Pts',(119.726870248415,9.66699655378121E-16,
22.4839230485568));
#6661=CARTESIAN_POINT('Ctrl Pts',(119.775076731015,-1.00613961606655E-15,
22.4839230485568));
#6662=CARTESIAN_POINT('Ctrl Pts',(119.575076731015,0.,22.212300309845));
#6663=CARTESIAN_POINT('Ctrl Pts',(119.575076731015,-7.26912214897228E-16,
22.2863483588143));
#6664=CARTESIAN_POINT('Ctrl Pts',(119.618529447064,-4.65849312921705E-16,
22.4336916019609));
#6665=CARTESIAN_POINT('Ctrl Pts',(119.722716853455,9.69055880405987E-16,
22.4951430223196));
#6666=CARTESIAN_POINT('Ctrl Pts',(119.775076731015,-1.00613961606655E-15,
22.4951430223196));
#6667=CARTESIAN_POINT('',(119.775076731015,0.0292893218813462,22.4244323442009));
#6668=CARTESIAN_POINT('',(119.675076731015,0.1,22.212300309845));
#6669=CARTESIAN_POINT('Origin',(119.775076731015,0.0999999999999967,22.212300309845));
#6670=CARTESIAN_POINT('Origin',(119.775076731015,0.1,22.4951430223196));
#6671=CARTESIAN_POINT('Origin',(119.575076731015,0.1,22.212300309845));
#6672=CARTESIAN_POINT('Origin',(120.300076731015,0.1,22.4951430223196));
#6673=CARTESIAN_POINT('',(120.300076731015,0.0292893218813462,22.4244323442009));
#6674=CARTESIAN_POINT('Ctrl Pts',(124.175076731015,0.0999999999999984,5.69514302231958));
#6675=CARTESIAN_POINT('Ctrl Pts',(124.175076731015,0.0814879877576722,5.6396069855926));
#6676=CARTESIAN_POINT('Ctrl Pts',(124.153353031229,0.0446502973119893,5.52909391425556));
#6677=CARTESIAN_POINT('Ctrl Pts',(124.101256669795,0.029289321881344,5.48301098796362));
#6678=CARTESIAN_POINT('Ctrl Pts',(124.075076731015,0.0292893218813439,5.48301098796362));
#6679=CARTESIAN_POINT('Ctrl Pts',(124.175076731015,0.0700800699658106,5.69514302231958));
#6680=CARTESIAN_POINT('Ctrl Pts',(124.180784812679,0.0551114183966783,5.63966614707624));
#6681=CARTESIAN_POINT('Ctrl Pts',(124.16494460308,0.0286012389893153,5.52289128950509));
#6682=CARTESIAN_POINT('Ctrl Pts',(124.105168740961,0.0187110291714441,5.47243269525372));
#6683=CARTESIAN_POINT('Ctrl Pts',(124.075076731015,0.018711029171444,5.47243269525372));
#6684=CARTESIAN_POINT('Ctrl Pts',(124.200204693799,0.0182980586620287,5.69514302231958));
#6685=CARTESIAN_POINT('Ctrl Pts',(124.209006385668,0.0137892657339077,5.63494089302202));
#6686=CARTESIAN_POINT('Ctrl Pts',(124.190059853686,0.00677803789576385,
5.50572441184821));
#6687=CARTESIAN_POINT('Ctrl Pts',(124.113589322996,0.0044413560873105,5.44970406271232));
#6688=CARTESIAN_POINT('Ctrl Pts',(124.075076731015,0.00444135608731046,
5.44970406271232));
#6689=CARTESIAN_POINT('Ctrl Pts',(124.252636783489,5.56485562808094E-16,
5.69514302231958));
#6690=CARTESIAN_POINT('Ctrl Pts',(124.255258443048,4.77343443791457E-5,
5.62524056171324));
#6691=CARTESIAN_POINT('Ctrl Pts',(124.219152331494,1.99282801761318E-5,
5.48333550035069));
#6692=CARTESIAN_POINT('Ctrl Pts',(124.123283213615,1.57404202556853E-15,
5.42352028360779));
#6693=CARTESIAN_POINT('Ctrl Pts',(124.075076731015,1.52655665885959E-15,
5.42352028360779));
#6694=CARTESIAN_POINT('Ctrl Pts',(124.275076731015,5.55111512312578E-16,
5.69514302231958));
#6695=CARTESIAN_POINT('Ctrl Pts',(124.275076731015,7.0830426255874E-16,
5.62109497335028));
#6696=CARTESIAN_POINT('Ctrl Pts',(124.231629331444,4.1998017434049E-16,
5.47374421156755));
#6697=CARTESIAN_POINT('Ctrl Pts',(124.127436608575,1.574040587989E-15,5.41230030984497));
#6698=CARTESIAN_POINT('Ctrl Pts',(124.075076731015,1.52655665885959E-15,
5.41230030984497));
#6699=CARTESIAN_POINT('',(124.075076731015,0.0292893218813455,5.48301098796362));
#6700=CARTESIAN_POINT('',(124.175076731015,0.0999999999999995,5.69514302231958));
#6701=CARTESIAN_POINT('Origin',(124.075076731015,0.0999999999999981,5.69514302231958));
#6702=CARTESIAN_POINT('Origin',(124.075076731015,0.1,5.41230030984496));
#6703=CARTESIAN_POINT('Origin',(124.275076731015,0.1,5.69514302231958));
#6704=CARTESIAN_POINT('Origin',(124.075076731015,2.4,19.912300309845));
#6705=CARTESIAN_POINT('',(124.075076731015,2.5,19.912300309845));
#6706=CARTESIAN_POINT('',(124.075076731015,2.47071067811865,19.9830109879636));
#6707=CARTESIAN_POINT('Origin',(124.075076731015,2.4,19.912300309845));
#6708=CARTESIAN_POINT('',(124.175076731015,2.4,19.912300309845));
#6709=CARTESIAN_POINT('Origin',(124.075076731015,2.4,19.912300309845));
#6710=CARTESIAN_POINT('Origin',(124.075076731015,2.4,19.912300309845));
#6711=CARTESIAN_POINT('Ctrl Pts',(119.775076731015,0.0292893218813448,5.48301098796362));
#6712=CARTESIAN_POINT('Ctrl Pts',(119.748896792235,0.0292893218813448,5.48301098796362));
#6713=CARTESIAN_POINT('Ctrl Pts',(119.696799363398,0.044649542544803,5.52909164995399));
#6714=CARTESIAN_POINT('Ctrl Pts',(119.675076731015,0.0814879877576733,5.6396069855926));
#6715=CARTESIAN_POINT('Ctrl Pts',(119.675076731015,0.0999999999999996,5.69514302231958));
#6716=CARTESIAN_POINT('Ctrl Pts',(119.775076731015,0.0187110291714441,5.47243269525372));
#6717=CARTESIAN_POINT('Ctrl Pts',(119.744984721068,0.0187110291714441,5.47243269525372));
#6718=CARTESIAN_POINT('Ctrl Pts',(119.685208548293,0.0286004104995815,5.5228882085528));
#6719=CARTESIAN_POINT('Ctrl Pts',(119.66936864935,0.0551114183966792,5.63966614707624));
#6720=CARTESIAN_POINT('Ctrl Pts',(119.675076731015,0.0700800699658117,5.69514302231958));
#6721=CARTESIAN_POINT('Ctrl Pts',(119.775076731015,0.00444133183169298,
5.44970407154886));
#6722=CARTESIAN_POINT('Ctrl Pts',(119.736564139033,0.00444133183169299,
5.44970407154886));
#6723=CARTESIAN_POINT('Ctrl Pts',(119.660090516079,0.00677798323000474,
5.50572120345706));
#6724=CARTESIAN_POINT('Ctrl Pts',(119.641147321655,0.0137889714171217,5.63494089302202));
#6725=CARTESIAN_POINT('Ctrl Pts',(119.649949013523,0.0182977643452432,5.69514302231958));
#6726=CARTESIAN_POINT('Ctrl Pts',(119.775076731015,3.6640824708157E-17,
5.42352028360778));
#6727=CARTESIAN_POINT('Ctrl Pts',(119.726870248415,4.06550990149767E-17,
5.42352028360778));
#6728=CARTESIAN_POINT('Ctrl Pts',(119.630998568748,1.94534559070029E-5,
5.48333244898384));
#6729=CARTESIAN_POINT('Ctrl Pts',(119.594895018981,4.77343443796797E-5,
5.62524056171324));
#6730=CARTESIAN_POINT('Ctrl Pts',(119.59751667854,1.37273984700773E-15,
5.69514302231958));
#6731=CARTESIAN_POINT('Ctrl Pts',(119.775076731015,3.46944695195361E-17,
5.41230030984496));
#6732=CARTESIAN_POINT('Ctrl Pts',(119.722716853455,3.87086222975779E-17,
5.41230030984496));
#6733=CARTESIAN_POINT('Ctrl Pts',(119.618521995781,-1.20283542611086E-16,
5.4737411924988));
#6734=CARTESIAN_POINT('Ctrl Pts',(119.575076731015,1.37125950606103E-15,
5.62109497335028));
#6735=CARTESIAN_POINT('Ctrl Pts',(119.575076731015,1.37043154602168E-15,
5.69514302231958));
#6736=CARTESIAN_POINT('',(119.675076731015,0.1,5.69514302231958));
#6737=CARTESIAN_POINT('',(119.775076731015,0.0292893218813454,5.48301098796362));
#6738=CARTESIAN_POINT('Origin',(119.775076731015,0.0999999999999992,5.69514302231958));
#6739=CARTESIAN_POINT('Origin',(119.575076731015,0.1,5.69514302231958));
#6740=CARTESIAN_POINT('Origin',(119.775076731015,0.1,5.41230030984496));
#6741=CARTESIAN_POINT('Origin',(119.575076731015,0.1,9.70372166608227));
#6742=CARTESIAN_POINT('',(119.675076731015,0.1,9.70372166608227));
#6743=CARTESIAN_POINT('Origin',(120.300076731015,0.1,5.41230030984496));
#6744=CARTESIAN_POINT('',(120.300076731015,0.0292893218813455,5.48301098796362));
#6745=CARTESIAN_POINT('Origin',(119.775076731015,2.4,19.912300309845));
#6746=CARTESIAN_POINT('',(119.775076731015,2.5,19.912300309845));
#6747=CARTESIAN_POINT('',(119.675076731015,2.4,19.912300309845));
#6748=CARTESIAN_POINT('Origin',(119.775076731015,2.4,19.912300309845));
#6749=CARTESIAN_POINT('',(119.775076731015,2.47071067811865,19.9830109879636));
#6750=CARTESIAN_POINT('Origin',(119.775076731015,2.4,19.912300309845));
#6751=CARTESIAN_POINT('Origin',(119.775076731015,2.4,19.912300309845));
#6752=CARTESIAN_POINT('Origin',(124.487576731015,2.4,19.912300309845));
#6753=CARTESIAN_POINT('',(124.487576731015,2.5,19.912300309845));
#6754=CARTESIAN_POINT('',(124.487576731015,2.47071067811865,19.9830109879636));
#6755=CARTESIAN_POINT('Origin',(119.775076731015,5.42928932188134,16.8830109879636));
#6756=CARTESIAN_POINT('',(119.675076731015,5.42928932188134,16.8830109879636));
#6757=CARTESIAN_POINT('',(119.775076731015,5.5,16.9537216660823));
#6758=CARTESIAN_POINT('Origin',(124.075076731015,2.4,7.99514302231958));
#6759=CARTESIAN_POINT('',(124.075076731015,2.47071067811865,7.92443234420093));
#6760=CARTESIAN_POINT('',(124.075076731015,2.5,7.99514302231958));
#6761=CARTESIAN_POINT('Origin',(124.075076731015,2.4,7.99514302231958));
#6762=CARTESIAN_POINT('',(124.175076731015,2.4,7.99514302231958));
#6763=CARTESIAN_POINT('Origin',(124.075076731015,2.4,7.99514302231958));
#6764=CARTESIAN_POINT('Origin',(124.075076731015,2.4,7.99514302231958));
#6765=CARTESIAN_POINT('Origin',(124.075076731015,4.17928932188134,9.77443234420093));
#6766=CARTESIAN_POINT('',(124.175076731015,4.17928932188134,9.77443234420093));
#6767=CARTESIAN_POINT('',(124.075076731015,4.25,9.70372166608227));
#6768=CARTESIAN_POINT('Origin',(124.075076731015,2.4,18.2037216660823));
#6769=CARTESIAN_POINT('',(124.175076731015,2.4,18.2037216660823));
#6770=CARTESIAN_POINT('',(124.075076731015,2.5,18.2037216660823));
#6771=CARTESIAN_POINT('Origin',(119.775076731015,2.4,7.99514302231958));
#6772=CARTESIAN_POINT('',(119.775076731015,2.5,7.99514302231958));
#6773=CARTESIAN_POINT('',(119.775076731015,2.47071067811865,7.92443234420093));
#6774=CARTESIAN_POINT('Origin',(119.775076731015,2.4,7.99514302231958));
#6775=CARTESIAN_POINT('',(119.675076731015,2.4,7.99514302231958));
#6776=CARTESIAN_POINT('Origin',(119.775076731015,2.4,7.99514302231958));
#6777=CARTESIAN_POINT('Origin',(119.775076731015,2.4,7.99514302231958));
#6778=CARTESIAN_POINT('Origin',(119.775076731015,2.4,9.70372166608227));
#6779=CARTESIAN_POINT('',(119.675076731015,2.4,9.70372166608227));
#6780=CARTESIAN_POINT('',(119.775076731015,2.5,9.70372166608227));
#6781=CARTESIAN_POINT('Origin',(119.775076731015,-0.0707106781186548,5.52443234420093));
#6782=CARTESIAN_POINT('',(119.675076731015,-0.0707106781186548,5.52443234420093));
#6783=CARTESIAN_POINT('',(119.775076731015,1.21430643318376E-16,5.45372166608227));
#6784=CARTESIAN_POINT('Origin',(124.487576731015,2.4,7.99514302231958));
#6785=CARTESIAN_POINT('',(124.487576731015,2.5,7.99514302231958));
#6786=CARTESIAN_POINT('',(124.487576731015,2.47071067811865,7.92443234420093));
#6787=CARTESIAN_POINT('Origin',(124.075076731015,1.17928932188134,21.1330109879636));
#6788=CARTESIAN_POINT('',(124.175076731015,1.17928932188134,21.1330109879636));
#6789=CARTESIAN_POINT('',(124.075076731015,1.25,21.2037216660823));
#6790=CARTESIAN_POINT('Origin',(124.275076731015,0.1,18.2037216660823));
#6791=CARTESIAN_POINT('',(124.175076731015,0.1,18.2037216660823));
#6792=CARTESIAN_POINT('Origin',(119.675076731015,0.,5.45372166608227));
#6793=CARTESIAN_POINT('Origin',(127.050076731015,0.,5.45372166608227));
#6794=CARTESIAN_POINT('Origin',(121.925076731015,2.5,13.9537216660823));
#6795=CARTESIAN_POINT('Origin',(127.050076731015,2.5,19.9537216660823));
#6796=CARTESIAN_POINT('Origin',(124.175076731015,0.,22.4537216660823));
#6797=CARTESIAN_POINT('Origin',(116.550076731015,5.65,22.2037216660823));
#6798=CARTESIAN_POINT('',(116.550076731015,5.65,22.4537216660823));
#6799=CARTESIAN_POINT('',(116.800076731015,5.65,22.2037216660823));
#6800=CARTESIAN_POINT('Origin',(116.550076731015,5.65,22.2037216660823));
#6801=CARTESIAN_POINT('Origin',(116.550076731015,5.65,22.7037216660823));
#6802=CARTESIAN_POINT('Origin',(117.050076731015,5.65,22.2037216660823));
#6803=CARTESIAN_POINT('Origin',(116.550076731015,0.25,22.2037216660823));
#6804=CARTESIAN_POINT('',(116.550076731015,0.25,22.4537216660823));
#6805=CARTESIAN_POINT('Origin',(116.550076731015,0.25,22.7037216660823));
#6806=CARTESIAN_POINT('',(116.800076731015,0.25,22.2037216660823));
#6807=CARTESIAN_POINT('Origin',(116.550076731015,0.25,22.2037216660823));
#6808=CARTESIAN_POINT('Origin',(117.050076731015,0.25,22.2037216660823));
#6809=CARTESIAN_POINT('Ctrl Pts',(116.550076731015,5.50971042403309,9.18911856373183));
#6810=CARTESIAN_POINT('Ctrl Pts',(116.606176599829,5.50971042403309,9.18911856373183));
#6811=CARTESIAN_POINT('Ctrl Pts',(116.699331846311,5.52811086691471,9.24120897004202));
#6812=CARTESIAN_POINT('Ctrl Pts',(116.782967387209,5.58711495017214,9.40824552946699));
#6813=CARTESIAN_POINT('Ctrl Pts',(116.800076731015,5.62901272851273,9.52685529942183));
#6814=CARTESIAN_POINT('Ctrl Pts',(116.800076731015,5.65,9.58626884213646));
#6815=CARTESIAN_POINT('Ctrl Pts',(116.550076731015,5.55240798121889,9.21806606012898));
#6816=CARTESIAN_POINT('Ctrl Pts',(116.598296537974,5.55240798121889,9.21806606012898));
#6817=CARTESIAN_POINT('Ctrl Pts',(116.680970235079,5.57195182509539,9.25830495586577));
#6818=CARTESIAN_POINT('Ctrl Pts',(116.77264280855,5.62971497311154,9.41050151998683));
#6819=CARTESIAN_POINT('Ctrl Pts',(116.796928415198,5.6684115390438,9.52686033175912));
#6820=CARTESIAN_POINT('Ctrl Pts',(116.800076731015,5.68739991254274,9.58626884213646));
#6821=CARTESIAN_POINT('Ctrl Pts',(116.550076731015,5.65580880882973,9.24840652715621));
#6822=CARTESIAN_POINT('Ctrl Pts',(116.590056118998,5.65580880882973,9.24840652715621));
#6823=CARTESIAN_POINT('Ctrl Pts',(116.663482889041,5.67346706138083,9.27139980872331));
#6824=CARTESIAN_POINT('Ctrl Pts',(116.773907554867,5.71986520449324,9.40727209764746));
#6825=CARTESIAN_POINT('Ctrl Pts',(116.809629761855,5.74848502818558,9.52474090591018));
#6826=CARTESIAN_POINT('Ctrl Pts',(116.817190186018,5.7620562875306,9.58626884213646));
#6827=CARTESIAN_POINT('Ctrl Pts',(116.550076731015,5.83547230742898,9.1868231250034));
#6828=CARTESIAN_POINT('Ctrl Pts',(116.606783475874,5.83547230742898,9.1868231250034));
#6829=CARTESIAN_POINT('Ctrl Pts',(116.709215429491,5.84143879170896,9.21474005849728));
#6830=CARTESIAN_POINT('Ctrl Pts',(116.850465455489,5.85561967288934,9.37645507614824));
#6831=CARTESIAN_POINT('Ctrl Pts',(116.892920653463,5.8635524753035,9.51438227322217));
#6832=CARTESIAN_POINT('Ctrl Pts',(116.900827362799,5.86719626019912,9.58626884213646));
#6833=CARTESIAN_POINT('Ctrl Pts',(116.550076731015,5.9,9.0595693275527));
#6834=CARTESIAN_POINT('Ctrl Pts',(116.641200497824,5.9,9.0595693275527));
#6835=CARTESIAN_POINT('Ctrl Pts',(116.795806205811,5.90021864570017,9.11932088732609));
#6836=CARTESIAN_POINT('Ctrl Pts',(116.95352698794,5.89993231784984,9.33833781043513));
#6837=CARTESIAN_POINT('Ctrl Pts',(116.990959552847,5.90005908818262,9.50285439983675));
#6838=CARTESIAN_POINT('Ctrl Pts',(116.993976862201,5.90000000000001,9.58626884213646));
#6839=CARTESIAN_POINT('Ctrl Pts',(116.550076731015,5.9,8.98219143918064));
#6840=CARTESIAN_POINT('Ctrl Pts',(116.662276468643,5.9,8.98219143918064));
#6841=CARTESIAN_POINT('Ctrl Pts',(116.848586961607,5.90000000000001,9.06142249874122));
#6842=CARTESIAN_POINT('Ctrl Pts',(117.015858043404,5.9,9.31549008097089));
#6843=CARTESIAN_POINT('Ctrl Pts',(117.050076731015,5.90000000000001,9.4958990739781));
#6844=CARTESIAN_POINT('Ctrl Pts',(117.050076731015,5.90000000000001,9.58626884213646));
#6845=CARTESIAN_POINT('',(116.800076731015,5.65,9.58626884213646));
#6846=CARTESIAN_POINT('',(116.550076731015,5.50971042403309,9.18911856373183));
#6847=CARTESIAN_POINT('Origin',(116.550076731015,5.65,9.58626884213646));
#6848=CARTESIAN_POINT('Origin',(117.050076731015,5.65,9.58626884213646));
#6849=CARTESIAN_POINT('Origin',(116.550076731015,5.65,8.98219143918063));
#6850=CARTESIAN_POINT('Origin',(117.050076731015,5.65,19.6787216660823));
#6851=CARTESIAN_POINT('',(116.800076731015,5.65,19.6787216660823));
#6852=CARTESIAN_POINT('Origin',(110.550076731015,5.65,22.2037216660823));
#6853=CARTESIAN_POINT('',(110.550076731015,5.65,22.4537216660823));
#6854=CARTESIAN_POINT('Origin',(110.550076731015,5.65,22.7037216660823));
#6855=CARTESIAN_POINT('',(110.300076731015,5.65,22.2037216660823));
#6856=CARTESIAN_POINT('Origin',(110.550076731015,5.65,22.2037216660823));
#6857=CARTESIAN_POINT('Origin',(110.050076731015,5.65,22.2037216660823));
#6858=CARTESIAN_POINT('Origin',(111.925076731015,5.65,22.7037216660823));
#6859=CARTESIAN_POINT('',(111.925076731015,5.65,22.4537216660823));
#6860=CARTESIAN_POINT('Ctrl Pts',(116.800076731015,0.249999999999999,5.92525189298392));
#6861=CARTESIAN_POINT('Ctrl Pts',(116.800076731015,0.213272274897259,5.82127819323332));
#6862=CARTESIAN_POINT('Ctrl Pts',(116.7458694026,0.140129316503479,5.61421543686515));
#6863=CARTESIAN_POINT('Ctrl Pts',(116.615526577965,0.109710424033092,5.52810161457928));
#6864=CARTESIAN_POINT('Ctrl Pts',(116.550076731015,0.109710424033092,5.52810161457928));
#6865=CARTESIAN_POINT('Ctrl Pts',(116.800076731015,0.184550153050212,5.92525189298392));
#6866=CARTESIAN_POINT('Ctrl Pts',(116.809907602061,0.153921411608029,5.8213913490731));
#6867=CARTESIAN_POINT('Ctrl Pts',(116.767176499935,0.0976682636960291,5.60112659236128));
#6868=CARTESIAN_POINT('Ctrl Pts',(116.622719144299,0.0760843600551634,5.50530428306882));
#6869=CARTESIAN_POINT('Ctrl Pts',(116.550076731015,0.0760843600551627,5.50530428306883));
#6870=CARTESIAN_POINT('Ctrl Pts',(116.854436566746,0.0543598357309439,5.92525189298392));
#6871=CARTESIAN_POINT('Ctrl Pts',(116.872428832706,0.0436205231453592,5.8094838770617));
#6872=CARTESIAN_POINT('Ctrl Pts',(116.825991940951,0.0261588370249087,5.55520107620208));
#6873=CARTESIAN_POINT('Ctrl Pts',(116.642449487694,0.0202430465462797,5.4429890314645));
#6874=CARTESIAN_POINT('Ctrl Pts',(116.550076731015,0.0202430465462787,5.4429890314645));
#6875=CARTESIAN_POINT('Ctrl Pts',(116.984626884065,4.00764727860348E-18,
5.92525189298391));
#6876=CARTESIAN_POINT('Ctrl Pts',(116.990802583549,0.000199874759564613,
5.78131051822893));
#6877=CARTESIAN_POINT('Ctrl Pts',(116.903124507443,0.00010896714020697,
5.48653584045373));
#6878=CARTESIAN_POINT('Ctrl Pts',(116.668124151986,1.09805280975449E-15,
5.36179998082692));
#6879=CARTESIAN_POINT('Ctrl Pts',(116.550076731015,3.1875509815064E-17,
5.36179998082692));
#6880=CARTESIAN_POINT('Ctrl Pts',(117.050076731015,0.,5.92525189298391));
#6881=CARTESIAN_POINT('Ctrl Pts',(117.050076731015,2.14034941645206E-16,
5.76710479870678));
#6882=CARTESIAN_POINT('Ctrl Pts',(116.941662074185,-1.59109554561276E-15,
5.45215617870778));
#6883=CARTESIAN_POINT('Ctrl Pts',(116.680976424914,1.10055268963425E-15,
5.32117449002809));
#6884=CARTESIAN_POINT('Ctrl Pts',(116.550076731015,3.46944695195361E-17,
5.32117449002809));
#6885=CARTESIAN_POINT('',(116.550076731015,0.10971042403309,5.52810161457928));
#6886=CARTESIAN_POINT('',(116.800076731015,0.25,5.92525189298391));
#6887=CARTESIAN_POINT('Origin',(116.550076731015,0.250000000000003,5.92525189298392));
#6888=CARTESIAN_POINT('Origin',(116.550076731015,0.25,5.32117449002809));
#6889=CARTESIAN_POINT('Origin',(117.050076731015,0.25,5.92525189298391));
#6890=CARTESIAN_POINT('Origin',(110.550076731015,0.25,22.2037216660823));
#6891=CARTESIAN_POINT('',(110.550076731015,0.25,22.4537216660823));
#6892=CARTESIAN_POINT('',(110.300076731015,0.25,22.2037216660823));
#6893=CARTESIAN_POINT('Origin',(110.550076731015,0.25,22.2037216660823));
#6894=CARTESIAN_POINT('Origin',(110.550076731015,0.25,22.7037216660823));
#6895=CARTESIAN_POINT('Origin',(110.050076731015,0.25,22.2037216660823));
#6896=CARTESIAN_POINT('Origin',(111.925076731015,0.25,22.7037216660823));
#6897=CARTESIAN_POINT('',(111.925076731015,0.25,22.4537216660823));
#6898=CARTESIAN_POINT('Ctrl Pts',(110.300076731015,5.65,9.58626884213646));
#6899=CARTESIAN_POINT('Ctrl Pts',(110.300076731015,5.61851909276908,9.49714852806452));
#6900=CARTESIAN_POINT('Ctrl Pts',(110.33286571851,5.56624399040617,9.34916125734984));
#6901=CARTESIAN_POINT('Ctrl Pts',(110.438013259924,5.51931128564797,9.21629795205768));
#6902=CARTESIAN_POINT('Ctrl Pts',(110.512676818472,5.50971042403309,9.18911856373182));
#6903=CARTESIAN_POINT('Ctrl Pts',(110.550076731015,5.50971042403309,9.18911856373182));
#6904=CARTESIAN_POINT('Ctrl Pts',(110.300076731015,5.68739991254274,9.58626884213646));
#6905=CARTESIAN_POINT('Ctrl Pts',(110.304799204741,5.65891735229432,9.49715607657044));
#6906=CARTESIAN_POINT('Ctrl Pts',(110.347897805073,5.60988566560841,9.35417925517553));
#6907=CARTESIAN_POINT('Ctrl Pts',(110.453357203308,5.56253576662549,9.23915617976759));
#6908=CARTESIAN_POINT('Ctrl Pts',(110.517930193042,5.55240798121889,9.21806606012898));
#6909=CARTESIAN_POINT('Ctrl Pts',(110.550076731015,5.55240798121889,9.21806606012898));
#6910=CARTESIAN_POINT('Ctrl Pts',(110.282963447142,5.76205657031446,9.58626884213646));
#6911=CARTESIAN_POINT('Ctrl Pts',(110.294304083386,5.74169968129694,9.49397693779704));
#6912=CARTESIAN_POINT('Ctrl Pts',(110.354882698704,5.70457998613668,9.35272919878577));
#6913=CARTESIAN_POINT('Ctrl Pts',(110.469149652921,5.66491568432089,9.26055570141059));
#6914=CARTESIAN_POINT('Ctrl Pts',(110.523423805693,5.65580961132899,9.24840720810042));
#6915=CARTESIAN_POINT('Ctrl Pts',(110.550076731015,5.65580961132899,9.24840720810042));
#6916=CARTESIAN_POINT('Ctrl Pts',(110.199326339625,5.86719682412804,9.58626884213646));
#6917=CARTESIAN_POINT('Ctrl Pts',(110.211186403629,5.86173114678461,9.47843898876502));
#6918=CARTESIAN_POINT('Ctrl Pts',(110.28472753708,5.85118740519266,9.31192158836122));
#6919=CARTESIAN_POINT('Ctrl Pts',(110.435537547283,5.83853102295175,9.20145518059959));
#6920=CARTESIAN_POINT('Ctrl Pts',(110.512272234442,5.83547411738113,9.18682416325727));
#6921=CARTESIAN_POINT('Ctrl Pts',(110.550076731015,5.83547411738113,9.18682416325727));
#6922=CARTESIAN_POINT('Ctrl Pts',(110.106176599829,5.9,9.58626884213646));
#6923=CARTESIAN_POINT('Ctrl Pts',(110.11070256386,5.90008863227392,9.46114717868689));
#6924=CARTESIAN_POINT('Ctrl Pts',(110.179479978105,5.89987425332371,9.25797006307595));
#6925=CARTESIAN_POINT('Ctrl Pts',(110.36750607761,5.90016175224362,9.09078759902473));
#6926=CARTESIAN_POINT('Ctrl Pts',(110.489327553142,5.9,9.0595693275527));
#6927=CARTESIAN_POINT('Ctrl Pts',(110.550076731015,5.9,9.0595693275527));
#6928=CARTESIAN_POINT('Ctrl Pts',(110.050076731015,5.9,9.58626884213646));
#6929=CARTESIAN_POINT('Ctrl Pts',(110.050076731015,5.9,9.45071418989891));
#6930=CARTESIAN_POINT('Ctrl Pts',(110.115654706005,5.9,9.22562114319894));
#6931=CARTESIAN_POINT('Ctrl Pts',(110.325949788834,5.9,9.02353209838843));
#6932=CARTESIAN_POINT('Ctrl Pts',(110.475276905929,5.9,8.98219143918063));
#6933=CARTESIAN_POINT('Ctrl Pts',(110.550076731015,5.9,8.98219143918063));
#6934=CARTESIAN_POINT('',(110.550076731015,5.50971042403309,9.18911856373183));
#6935=CARTESIAN_POINT('',(110.300076731015,5.65,9.58626884213646));
#6936=CARTESIAN_POINT('Origin',(110.550076731015,5.65,9.58626884213645));
#6937=CARTESIAN_POINT('Origin',(110.550076731015,5.65,8.98219143918063));
#6938=CARTESIAN_POINT('Origin',(110.050076731015,5.65,9.58626884213646));
#6939=CARTESIAN_POINT('Origin',(120.300076731015,5.65,8.98219143918063));
#6940=CARTESIAN_POINT('',(120.300076731015,5.50971042403309,9.18911856373183));
#6941=CARTESIAN_POINT('Origin',(110.050076731015,5.65,11.1787216660823));
#6942=CARTESIAN_POINT('',(110.300076731015,5.65,11.1787216660823));
#6943=CARTESIAN_POINT('Ctrl Pts',(110.550076731015,0.109710424033091,5.52810161457928));
#6944=CARTESIAN_POINT('Ctrl Pts',(110.484626884065,0.109710424033091,5.52810161457928));
#6945=CARTESIAN_POINT('Ctrl Pts',(110.354281167196,0.140127693502442,5.61421084225925));
#6946=CARTESIAN_POINT('Ctrl Pts',(110.300076731015,0.213272274897261,5.82127819323332));
#6947=CARTESIAN_POINT('Ctrl Pts',(110.300076731015,0.250000000000001,5.92525189298391));
#6948=CARTESIAN_POINT('Ctrl Pts',(110.550076731015,0.076084360055162,5.50530428306882));
#6949=CARTESIAN_POINT('Ctrl Pts',(110.477434317731,0.076084360055162,5.50530428306882));
#6950=CARTESIAN_POINT('Ctrl Pts',(110.33297537225,0.0976671761808318,5.60111986019874));
#6951=CARTESIAN_POINT('Ctrl Pts',(110.290245859969,0.15392141160803,5.8213913490731));
#6952=CARTESIAN_POINT('Ctrl Pts',(110.300076731015,0.184550153050213,5.92525189298391));
#6953=CARTESIAN_POINT('Ctrl Pts',(110.550076731015,0.0202425608394401,5.44298928898078));
#6954=CARTESIAN_POINT('Ctrl Pts',(110.457703974336,0.0202425608394401,5.44298928898078));
#6955=CARTESIAN_POINT('Ctrl Pts',(110.274154321522,0.0261577555810927,5.55519467309178));
#6956=CARTESIAN_POINT('Ctrl Pts',(110.227727102937,0.0436180495316827,5.8094838770617));
#6957=CARTESIAN_POINT('Ctrl Pts',(110.245719368897,0.0543573621172674,5.92525189298391));
#6958=CARTESIAN_POINT('Ctrl Pts',(110.550076731015,-6.56375961166715E-16,
5.36179998082692));
#6959=CARTESIAN_POINT('Ctrl Pts',(110.432029310044,-6.50653805683749E-16,
5.36179998082692));
#6960=CARTESIAN_POINT('Ctrl Pts',(110.197023455028,0.000105582177419902,
5.48652863280394));
#6961=CARTESIAN_POINT('Ctrl Pts',(110.10935087848,0.000199874759561851,
5.78131051822893));
#6962=CARTESIAN_POINT('Ctrl Pts',(110.115526577965,-2.77881630698849E-15,
5.92525189298391));
#6963=CARTESIAN_POINT('Ctrl Pts',(110.550076731015,-6.59194920871187E-16,
5.32117449002809));
#6964=CARTESIAN_POINT('Ctrl Pts',(110.419177037115,-6.53474477884228E-16,
5.32117449002809));
#6965=CARTESIAN_POINT('Ctrl Pts',(110.158485603376,-3.75062085342803E-15,
5.45214919017535));
#6966=CARTESIAN_POINT('Ctrl Pts',(110.050076731015,-2.78076135023699E-15,
5.76710479870678));
#6967=CARTESIAN_POINT('Ctrl Pts',(110.050076731015,-2.77555756156289E-15,
5.92525189298391));
#6968=CARTESIAN_POINT('',(110.300076731015,0.25,5.92525189298391));
#6969=CARTESIAN_POINT('',(110.550076731015,0.10971042403309,5.52810161457928));
#6970=CARTESIAN_POINT('Origin',(110.550076731015,0.250000000000001,5.92525189298391));
#6971=CARTESIAN_POINT('Origin',(110.050076731015,0.25,5.92525189298391));
#6972=CARTESIAN_POINT('Origin',(110.550076731015,0.25,5.32117449002809));
#6973=CARTESIAN_POINT('Origin',(110.050076731015,0.25,9.70372166608227));
#6974=CARTESIAN_POINT('',(110.300076731015,0.25,9.70372166608227));
#6975=CARTESIAN_POINT('Origin',(120.300076731015,0.25,5.32117449002809));
#6976=CARTESIAN_POINT('',(120.300076731015,0.10971042403309,5.52810161457928));
#6977=CARTESIAN_POINT('Origin',(110.550076731015,-0.14028957596691,5.66064879063346));
#6978=CARTESIAN_POINT('',(110.300076731015,-0.14028957596691,5.66064879063346));
#6979=CARTESIAN_POINT('',(110.550076731015,1.90819582357449E-16,5.45372166608227));
#6980=CARTESIAN_POINT('Origin',(110.550076731015,0.,22.2037216660823));
#6981=CARTESIAN_POINT('',(110.550076731015,0.,22.4537216660823));
#6982=CARTESIAN_POINT('',(110.300076731015,0.,22.2037216660823));
#6983=CARTESIAN_POINT('Origin',(117.050076731015,0.25,18.2037216660823));
#6984=CARTESIAN_POINT('',(116.800076731015,0.25,18.2037216660823));
#6985=CARTESIAN_POINT('Origin',(116.550076731015,3.80775214810315,8.33728724763012));
#6986=CARTESIAN_POINT('',(116.800076731015,3.80775214810315,8.33728724763012));
#6987=CARTESIAN_POINT('',(116.550076731015,3.94804172407007,8.13036012307893));
#6988=CARTESIAN_POINT('Origin',(116.550076731015,0.,22.2037216660823));
#6989=CARTESIAN_POINT('',(116.800076731015,0.,22.2037216660823));
#6990=CARTESIAN_POINT('',(116.550076731015,0.,22.4537216660823));
#6991=CARTESIAN_POINT('Origin',(110.300076731015,0.,22.4537216660823));
#6992=CARTESIAN_POINT('Origin',(110.300076731015,0.,5.45372166608227));
#6993=CARTESIAN_POINT('Origin',(127.050076731015,0.,5.45372166608227));
#6994=CARTESIAN_POINT('Origin',(116.800076731015,0.,22.4537216660823));
#6995=CARTESIAN_POINT('Origin',(119.775076731015,19.9585786437627,2.35372166608227));
#6996=CARTESIAN_POINT('',(119.775076731015,19.9585786437627,2.45372166608227));
#6997=CARTESIAN_POINT('',(119.775076731015,20.0292893218813,2.42443234420093));
#6998=CARTESIAN_POINT('Origin',(119.775076731015,19.9585786437627,2.35372166608227));
#6999=CARTESIAN_POINT('',(119.675076731015,19.9585786437627,2.35372166608227));
#7000=CARTESIAN_POINT('Origin',(119.775076731015,19.9585786437627,2.35372166608227));
#7001=CARTESIAN_POINT('Origin',(119.775076731015,19.9585786437627,2.35372166608227));
#7002=CARTESIAN_POINT('Ctrl Pts',(119.775076731015,22.4707106781187,-0.0169890120363805));
#7003=CARTESIAN_POINT('Ctrl Pts',(119.748896792235,22.4707106781187,-0.0169890120363806));
#7004=CARTESIAN_POINT('Ctrl Pts',(119.696803107732,22.4246220731975,-0.00162614372933013));
#7005=CARTESIAN_POINT('Ctrl Pts',(119.675076731015,22.3141146804897,0.0352096538399467));
#7006=CARTESIAN_POINT('Ctrl Pts',(119.675076731015,22.2585786437627,0.0537216660822731));
#7007=CARTESIAN_POINT('Ctrl Pts',(119.775076731015,22.4812889708286,-0.0275673047462823));
#7008=CARTESIAN_POINT('Ctrl Pts',(119.744984721068,22.4812889708286,-0.0275673047462823));
#7009=CARTESIAN_POINT('Ctrl Pts',(119.685209638043,22.4308226498742,-0.0176750171636426));
#7010=CARTESIAN_POINT('Ctrl Pts',(119.66936864935,22.314055519006,0.00883308447895233));
#7011=CARTESIAN_POINT('Ctrl Pts',(119.675076731015,22.2585786437627,0.0238017360480849));
#7012=CARTESIAN_POINT('Ctrl Pts',(119.775076731015,22.5040176250261,-0.0418369183861952));
#7013=CARTESIAN_POINT('Ctrl Pts',(119.736564139033,22.5040176250261,-0.0418369183861953));
#7014=CARTESIAN_POINT('Ctrl Pts',(119.660101355057,22.4479892048276,-0.0395001536788211));
#7015=CARTESIAN_POINT('Ctrl Pts',(119.641146475213,22.3187807730603,-0.0324883468897279));
#7016=CARTESIAN_POINT('Ctrl Pts',(119.649948167081,22.2585786437627,-0.0279795539616063));
#7017=CARTESIAN_POINT('Ctrl Pts',(119.775076731015,22.5302013824745,-0.0462783339177283));
#7018=CARTESIAN_POINT('Ctrl Pts',(119.726870248415,22.5302013824745,-0.0462783339177283));
#7019=CARTESIAN_POINT('Ctrl Pts',(119.631007555229,22.4703785132257,-0.0462572148284272));
#7020=CARTESIAN_POINT('Ctrl Pts',(119.594895018981,22.328481104369,-0.0462305995733481));
#7021=CARTESIAN_POINT('Ctrl Pts',(119.59751667854,22.2585786437627,-0.0462783339177262));
#7022=CARTESIAN_POINT('Ctrl Pts',(119.775076731015,22.5414213562373,-0.0462783339177283));
#7023=CARTESIAN_POINT('Ctrl Pts',(119.722716853455,22.5414213562373,-0.0462783339177283));
#7024=CARTESIAN_POINT('Ctrl Pts',(119.618529484448,22.4799698830091,-0.0462783339177286));
#7025=CARTESIAN_POINT('Ctrl Pts',(119.575076731015,22.332626692732,-0.0462783339177265));
#7026=CARTESIAN_POINT('Ctrl Pts',(119.575076731015,22.2585786437627,-0.0462783339177262));
#7027=CARTESIAN_POINT('',(119.775076731015,22.4707106781187,-0.0169890120363812));
#7028=CARTESIAN_POINT('Origin',(119.775076731015,22.5414213562373,0.0537216660822736));
#7029=CARTESIAN_POINT('',(119.675076731015,22.2585786437627,0.0537216660822736));
#7030=CARTESIAN_POINT('Origin',(119.775076731015,22.2585786437627,0.0537216660822709));
#7031=CARTESIAN_POINT('Origin',(119.575076731015,22.2585786437627,0.0537216660822736));
#7032=CARTESIAN_POINT('Origin',(124.075076731015,19.9585786437627,2.35372166608227));
#7033=CARTESIAN_POINT('',(124.075076731015,20.0292893218813,2.42443234420093));
#7034=CARTESIAN_POINT('',(124.075076731015,19.9585786437627,2.45372166608227));
#7035=CARTESIAN_POINT('Origin',(124.075076731015,19.9585786437627,2.35372166608227));
#7036=CARTESIAN_POINT('',(124.175076731015,19.9585786437627,2.35372166608227));
#7037=CARTESIAN_POINT('Origin',(124.075076731015,19.9585786437627,2.35372166608227));
#7038=CARTESIAN_POINT('Origin',(124.075076731015,19.9585786437627,2.35372166608227));
#7039=CARTESIAN_POINT('Origin',(119.775076731015,8.04142135623731,2.35372166608227));
#7040=CARTESIAN_POINT('',(119.775076731015,8.04142135623731,2.45372166608227));
#7041=CARTESIAN_POINT('',(119.675076731015,8.04142135623731,2.35372166608227));
#7042=CARTESIAN_POINT('Origin',(119.775076731015,8.04142135623731,2.35372166608227));
#7043=CARTESIAN_POINT('',(119.775076731015,7.97071067811865,2.42443234420093));
#7044=CARTESIAN_POINT('Origin',(119.775076731015,8.04142135623731,2.35372166608227));
#7045=CARTESIAN_POINT('Origin',(119.775076731015,8.04142135623731,2.35372166608227));
#7046=CARTESIAN_POINT('Ctrl Pts',(124.175076731015,22.2585786437627,0.0537216660822554));
#7047=CARTESIAN_POINT('Ctrl Pts',(124.175076731015,22.3141146804897,0.0352096538399291));
#7048=CARTESIAN_POINT('Ctrl Pts',(124.153349493455,22.4246202470731,-0.00162553502118369));
#7049=CARTESIAN_POINT('Ctrl Pts',(124.101256669795,22.4707106781187,-0.016989012036377));
#7050=CARTESIAN_POINT('Ctrl Pts',(124.075076731015,22.4707106781187,-0.0169890120363814));
#7051=CARTESIAN_POINT('Ctrl Pts',(124.175076731015,22.2585786437627,0.0238017360480705));
#7052=CARTESIAN_POINT('Ctrl Pts',(124.180784812679,22.314055519006,0.00883308447893875));
#7053=CARTESIAN_POINT('Ctrl Pts',(124.164943573446,22.4308201651335,-0.0176743489993921));
#7054=CARTESIAN_POINT('Ctrl Pts',(124.105168740961,22.4812889708286,-0.0275673047462786));
#7055=CARTESIAN_POINT('Ctrl Pts',(124.075076731015,22.4812889708286,-0.027567304746282));
#7056=CARTESIAN_POINT('Ctrl Pts',(124.200205484124,22.2585786437627,-0.0279793269774731));
#7057=CARTESIAN_POINT('Ctrl Pts',(124.209007175993,22.3187807730603,-0.0324881199055943));
#7058=CARTESIAN_POINT('Ctrl Pts',(124.190049618265,22.4479866153968,-0.0395001063544963));
#7059=CARTESIAN_POINT('Ctrl Pts',(124.113589322996,22.504017631841,-0.0418368996796805));
#7060=CARTESIAN_POINT('Ctrl Pts',(124.075076731015,22.504017631841,-0.0418368996796825));
#7061=CARTESIAN_POINT('Ctrl Pts',(124.252636783489,22.2585786437627,-0.046278333917727));
#7062=CARTESIAN_POINT('Ctrl Pts',(124.255258443048,22.328481104369,-0.0462305995733491));
#7063=CARTESIAN_POINT('Ctrl Pts',(124.219143840758,22.4703760523452,-0.0462568318899423));
#7064=CARTESIAN_POINT('Ctrl Pts',(124.123283213615,22.5302013824745,-0.0462783339177245));
#7065=CARTESIAN_POINT('Ctrl Pts',(124.075076731015,22.5302013824745,-0.046278333917726));
#7066=CARTESIAN_POINT('Ctrl Pts',(124.275076731015,22.2585786437627,-0.046278333917727));
#7067=CARTESIAN_POINT('Ctrl Pts',(124.275076731015,22.332626692732,-0.0462783339177274));
#7068=CARTESIAN_POINT('Ctrl Pts',(124.231622255895,22.4799674481765,-0.0462783339177275));
#7069=CARTESIAN_POINT('Ctrl Pts',(124.127436608575,22.5414213562373,-0.0462783339177245));
#7070=CARTESIAN_POINT('Ctrl Pts',(124.075076731015,22.5414213562373,-0.046278333917726));
#7071=CARTESIAN_POINT('',(124.075076731015,22.4707106781187,-0.0169890120363803));
#7072=CARTESIAN_POINT('',(124.175076731015,22.2585786437627,0.0537216660822737));
#7073=CARTESIAN_POINT('Origin',(124.075076731015,22.2585786437627,0.0537216660822701));
#7074=CARTESIAN_POINT('Origin',(124.075076731015,22.5414213562373,0.0537216660822736));
#7075=CARTESIAN_POINT('Origin',(124.275076731015,22.2585786437627,0.0537216660822736));
#7076=CARTESIAN_POINT('Origin',(127.050076731015,22.5414213562373,0.0537216660822736));
#7077=CARTESIAN_POINT('',(127.050076731015,22.4707106781187,-0.0169890120363803));
#7078=CARTESIAN_POINT('Ctrl Pts',(119.675076731015,5.74142135623735,0.0537216660822293));
#7079=CARTESIAN_POINT('Ctrl Pts',(119.675076731015,5.68588531951037,0.0352096538399031));
#7080=CARTESIAN_POINT('Ctrl Pts',(119.696799363398,5.57536998387172,-0.00162879137292391));
#7081=CARTESIAN_POINT('Ctrl Pts',(119.748896792235,5.52928932188133,-0.0169890120363723));
#7082=CARTESIAN_POINT('Ctrl Pts',(119.775076731015,5.52928932188134,-0.0169890120363836));
#7083=CARTESIAN_POINT('Ctrl Pts',(119.675076731015,5.74142135623735,0.0238017360480495));
#7084=CARTESIAN_POINT('Ctrl Pts',(119.66936864935,5.685944480994,0.00883308447891948));
#7085=CARTESIAN_POINT('Ctrl Pts',(119.685208548293,5.56916654247052,-0.0176779234181453));
#7086=CARTESIAN_POINT('Ctrl Pts',(119.744984721068,5.51871102917143,-0.0275673047462753));
#7087=CARTESIAN_POINT('Ctrl Pts',(119.775076731015,5.51871102917144,-0.0275673047462834));
#7088=CARTESIAN_POINT('Ctrl Pts',(119.649949013523,5.74142135623734,-0.0279805695724949));
#7089=CARTESIAN_POINT('Ctrl Pts',(119.641147321655,5.68121922693977,-0.0324893625006148));
#7090=CARTESIAN_POINT('Ctrl Pts',(119.660090516079,5.55199953737479,-0.0395003506877219));
#7091=CARTESIAN_POINT('Ctrl Pts',(119.736564139033,5.49598240546658,-0.0418370020860298));
#7092=CARTESIAN_POINT('Ctrl Pts',(119.775076731015,5.49598240546659,-0.0418370020860333));
#7093=CARTESIAN_POINT('Ctrl Pts',(119.59751667854,5.74142135623732,-0.0462783339177264));
#7094=CARTESIAN_POINT('Ctrl Pts',(119.594895018981,5.67151889563099,-0.0462305995733482));
#7095=CARTESIAN_POINT('Ctrl Pts',(119.630998568748,5.52961078290156,-0.0462588804618195));
#7096=CARTESIAN_POINT('Ctrl Pts',(119.726870248415,5.4697986175255,-0.0462783339177238));
#7097=CARTESIAN_POINT('Ctrl Pts',(119.775076731015,5.46979861752551,-0.0462783339177258));
#7098=CARTESIAN_POINT('Ctrl Pts',(119.575076731015,5.74142135623731,-0.0462783339177264));
#7099=CARTESIAN_POINT('Ctrl Pts',(119.575076731015,5.66737330726801,-0.0462783339177265));
#7100=CARTESIAN_POINT('Ctrl Pts',(119.618521995781,5.52001952641652,-0.0462783339177267));
#7101=CARTESIAN_POINT('Ctrl Pts',(119.722716853455,5.45857864376268,-0.0462783339177238));
#7102=CARTESIAN_POINT('Ctrl Pts',(119.775076731015,5.45857864376269,-0.0462783339177258));
#7103=CARTESIAN_POINT('',(119.775076731015,5.52928932188134,-0.0169890120363813));
#7104=CARTESIAN_POINT('',(119.675076731015,5.74142135623731,0.0537216660822726));
#7105=CARTESIAN_POINT('Origin',(119.775076731015,5.74142135623731,0.0537216660822709));
#7106=CARTESIAN_POINT('Origin',(119.775076731015,5.45857864376269,0.0537216660822737));
#7107=CARTESIAN_POINT('Origin',(119.575076731015,5.74142135623731,0.0537216660822736));
#7108=CARTESIAN_POINT('Origin',(124.075076731015,8.04142135623731,2.35372166608227));
#7109=CARTESIAN_POINT('',(124.075076731015,8.04142135623731,2.45372166608227));
#7110=CARTESIAN_POINT('',(124.075076731015,7.97071067811865,2.42443234420093));
#7111=CARTESIAN_POINT('Origin',(124.075076731015,8.04142135623731,2.35372166608227));
#7112=CARTESIAN_POINT('',(124.175076731015,8.04142135623731,2.35372166608227));
#7113=CARTESIAN_POINT('Origin',(124.075076731015,8.04142135623731,2.35372166608227));
#7114=CARTESIAN_POINT('Origin',(124.075076731015,8.04142135623731,2.35372166608227));
#7115=CARTESIAN_POINT('Origin',(124.075076731015,9.75,2.35372166608227));
#7116=CARTESIAN_POINT('',(124.175076731015,9.75,2.35372166608227));
#7117=CARTESIAN_POINT('',(124.075076731015,9.75,2.45372166608227));
#7118=CARTESIAN_POINT('Ctrl Pts',(124.075076731015,5.52928932188134,-0.0169890120363816));
#7119=CARTESIAN_POINT('Ctrl Pts',(124.101256669795,5.52928932188134,-0.0169890120363816));
#7120=CARTESIAN_POINT('Ctrl Pts',(124.153353009845,5.57537229353602,-0.00162802148482359));
#7121=CARTESIAN_POINT('Ctrl Pts',(124.175076731015,5.68588531951033,0.0352096538399475));
#7122=CARTESIAN_POINT('Ctrl Pts',(124.175076731015,5.74142135623731,0.0537216660822738));
#7123=CARTESIAN_POINT('Ctrl Pts',(124.075076731015,5.51871102917144,-0.0275673047462822));
#7124=CARTESIAN_POINT('Ctrl Pts',(124.105168740961,5.51871102917144,-0.0275673047462822));
#7125=CARTESIAN_POINT('Ctrl Pts',(124.164944596856,5.56916968514623,-0.0176770783305497));
#7126=CARTESIAN_POINT('Ctrl Pts',(124.180784812679,5.68594448099396,0.00883308447895337));
#7127=CARTESIAN_POINT('Ctrl Pts',(124.175076731015,5.74142135623731,0.023801736048086));
#7128=CARTESIAN_POINT('Ctrl Pts',(124.075076731015,5.4959823964542,-0.0418369773477559));
#7129=CARTESIAN_POINT('Ctrl Pts',(124.113589322996,5.4959823964542,-0.0418369773477559));
#7130=CARTESIAN_POINT('Ctrl Pts',(124.190059791756,5.55200281004977,-0.0395002949144069));
#7131=CARTESIAN_POINT('Ctrl Pts',(124.209006390549,5.68121922693974,-0.0324890623272271));
#7132=CARTESIAN_POINT('Ctrl Pts',(124.20020469868,5.74142135623731,-0.0279802693991053));
#7133=CARTESIAN_POINT('Ctrl Pts',(124.075076731015,5.46979861752551,-0.0462783339177261));
#7134=CARTESIAN_POINT('Ctrl Pts',(124.123283213615,5.46979861752551,-0.0462783339177261));
#7135=CARTESIAN_POINT('Ctrl Pts',(124.219152280171,5.52961389539912,-0.0462583961249798));
#7136=CARTESIAN_POINT('Ctrl Pts',(124.255258443048,5.67151889563097,-0.0462305995733457));
#7137=CARTESIAN_POINT('Ctrl Pts',(124.252636783489,5.74142135623731,-0.0462783339177239));
#7138=CARTESIAN_POINT('Ctrl Pts',(124.075076731015,5.45857864376269,-0.0462783339177261));
#7139=CARTESIAN_POINT('Ctrl Pts',(124.127436608575,5.45857864376269,-0.0462783339177261));
#7140=CARTESIAN_POINT('Ctrl Pts',(124.231629288676,5.52002260596892,-0.046278333917726));
#7141=CARTESIAN_POINT('Ctrl Pts',(124.275076731015,5.667373307268,-0.0462783339177239));
#7142=CARTESIAN_POINT('Ctrl Pts',(124.275076731015,5.74142135623731,-0.0462783339177239));
#7143=CARTESIAN_POINT('',(124.175076731015,5.74142135623731,0.0537216660822736));
#7144=CARTESIAN_POINT('',(124.075076731015,5.52928932188134,-0.0169890120363814));
#7145=CARTESIAN_POINT('Origin',(124.075076731015,5.74142135623731,0.0537216660822737));
#7146=CARTESIAN_POINT('Origin',(124.275076731015,5.74142135623731,0.0537216660822736));
#7147=CARTESIAN_POINT('Origin',(124.075076731015,5.45857864376269,0.0537216660822737));
#7148=CARTESIAN_POINT('Origin',(124.275076731015,2.75,0.0537216660822736));
#7149=CARTESIAN_POINT('',(124.175076731015,2.75,0.0537216660822736));
#7150=CARTESIAN_POINT('Origin',(127.050076731015,5.45857864376269,0.0537216660822737));
#7151=CARTESIAN_POINT('',(127.050076731015,5.52928932188134,-0.0169890120363813));
#7152=CARTESIAN_POINT('Origin',(124.075076731015,6.82071067811865,1.13301098796362));
#7153=CARTESIAN_POINT('',(124.175076731015,6.82071067811865,1.13301098796362));
#7154=CARTESIAN_POINT('',(124.075076731015,6.75,1.20372166608227));
#7155=CARTESIAN_POINT('Origin',(124.487576731015,8.04142135623731,2.35372166608227));
#7156=CARTESIAN_POINT('',(124.487576731015,8.04142135623731,2.45372166608227));
#7157=CARTESIAN_POINT('',(124.487576731015,7.97071067811865,2.42443234420093));
#7158=CARTESIAN_POINT('Origin',(119.575076731015,11.25,0.0537216660822736));
#7159=CARTESIAN_POINT('',(119.675076731015,11.25,0.0537216660822736));
#7160=CARTESIAN_POINT('Origin',(119.775076731015,11.0707106781187,5.38301098796362));
#7161=CARTESIAN_POINT('',(119.675076731015,11.0707106781187,5.38301098796362));
#7162=CARTESIAN_POINT('',(119.775076731015,11.,5.45372166608227));
#7163=CARTESIAN_POINT('Origin',(124.075076731015,18.1792893218813,4.13301098796362));
#7164=CARTESIAN_POINT('',(124.175076731015,18.1792893218813,4.13301098796362));
#7165=CARTESIAN_POINT('',(124.075076731015,18.25,4.20372166608227));
#7166=CARTESIAN_POINT('Origin',(119.775076731015,18.25,2.35372166608227));
#7167=CARTESIAN_POINT('',(119.675076731015,18.25,2.35372166608227));
#7168=CARTESIAN_POINT('',(119.775076731015,18.25,2.45372166608227));
#7169=CARTESIAN_POINT('Origin',(124.487576731015,19.9585786437627,2.35372166608227));
#7170=CARTESIAN_POINT('',(124.487576731015,19.9585786437627,2.45372166608227));
#7171=CARTESIAN_POINT('',(124.487576731015,20.0292893218813,2.42443234420093));
#7172=CARTESIAN_POINT('Origin',(119.775076731015,22.4292893218813,-0.116989012036381));
#7173=CARTESIAN_POINT('',(119.675076731015,22.4292893218813,-0.116989012036381));
#7174=CARTESIAN_POINT('',(119.775076731015,22.5,-0.0462783339177271));
#7175=CARTESIAN_POINT('Origin',(127.050076731015,22.5,-0.0462783339177264));
#7176=CARTESIAN_POINT('Origin',(121.925076731015,14.,2.45372166608227));
#7177=CARTESIAN_POINT('Origin',(124.175076731015,5.5,-0.0462783339177264));
#7178=CARTESIAN_POINT('Origin',(127.050076731015,8.,2.45372166608227));
#7179=CARTESIAN_POINT('Origin',(119.675076731015,22.5,-0.0462783339177264));
#7180=CARTESIAN_POINT('Ctrl Pts',(107.325076731015,5.52928932188134,-0.0169890120363816));
#7181=CARTESIAN_POINT('Ctrl Pts',(107.351256669795,5.52928932188134,-0.0169890120363816));
#7182=CARTESIAN_POINT('Ctrl Pts',(107.403357282509,5.57536322984689,-0.00163104271453327));
#7183=CARTESIAN_POINT('Ctrl Pts',(107.425076731015,5.68588531951033,0.0352096538399476));
#7184=CARTESIAN_POINT('Ctrl Pts',(107.425076731015,5.74142135623731,0.053721666082274));
#7185=CARTESIAN_POINT('Ctrl Pts',(107.325076731015,5.51871102917144,-0.0275673047462824));
#7186=CARTESIAN_POINT('Ctrl Pts',(107.355168740961,5.51871102917144,-0.0275673047462824));
#7187=CARTESIAN_POINT('Ctrl Pts',(107.414945840373,5.56915735251604,-0.0176803946615213));
#7188=CARTESIAN_POINT('Ctrl Pts',(107.430784812679,5.68594448099396,0.00883308447895349));
#7189=CARTESIAN_POINT('Ctrl Pts',(107.425076731015,5.74142135623731,0.0238017360480861));
#7190=CARTESIAN_POINT('Ctrl Pts',(107.325076731015,5.49598243253655,-0.0418370763908807));
#7191=CARTESIAN_POINT('Ctrl Pts',(107.363589322996,5.49598243253655,-0.0418370763908807));
#7192=CARTESIAN_POINT('Ctrl Pts',(107.440072181429,5.55198997166282,-0.0395005063485531));
#7193=CARTESIAN_POINT('Ctrl Pts',(107.459005388943,5.68121922693974,-0.0324902641129739));
#7194=CARTESIAN_POINT('Ctrl Pts',(107.450203697074,5.74142135623731,-0.0279814711848521));
#7195=CARTESIAN_POINT('Ctrl Pts',(107.325076731015,5.46979861752551,-0.0462783339177268));
#7196=CARTESIAN_POINT('Ctrl Pts',(107.373283213615,5.46979861752551,-0.0462783339177268));
#7197=CARTESIAN_POINT('Ctrl Pts',(107.469162534656,5.52960168119539,-0.0462602967815154));
#7198=CARTESIAN_POINT('Ctrl Pts',(107.505258443048,5.67151889563097,-0.0462305995733457));
#7199=CARTESIAN_POINT('Ctrl Pts',(107.502636783489,5.74142135623731,-0.0462783339177238));
#7200=CARTESIAN_POINT('Ctrl Pts',(107.325076731015,5.45857864376269,-0.0462783339177268));
#7201=CARTESIAN_POINT('Ctrl Pts',(107.377436608575,5.45857864376269,-0.0462783339177268));
#7202=CARTESIAN_POINT('Ctrl Pts',(107.481637834004,5.52001052105008,-0.0462783339177263));
#7203=CARTESIAN_POINT('Ctrl Pts',(107.525076731015,5.667373307268,-0.0462783339177238));
#7204=CARTESIAN_POINT('Ctrl Pts',(107.525076731015,5.74142135623731,-0.0462783339177238));
#7205=CARTESIAN_POINT('',(107.425076731015,5.74142135623731,0.0537216660822736));
#7206=CARTESIAN_POINT('',(107.325076731015,5.52928932188134,-0.0169890120363813));
#7207=CARTESIAN_POINT('Origin',(107.325076731015,5.74142135623731,0.053721666082274));
#7208=CARTESIAN_POINT('Origin',(107.525076731015,5.74142135623731,0.0537216660822736));
#7209=CARTESIAN_POINT('Origin',(107.325076731015,5.45857864376269,0.0537216660822736));
#7210=CARTESIAN_POINT('Ctrl Pts',(102.925076731015,5.74142135623731,0.053721666082272));
#7211=CARTESIAN_POINT('Ctrl Pts',(102.925076731015,5.68588531951033,0.0352096538399458));
#7212=CARTESIAN_POINT('Ctrl Pts',(102.9467948472,5.57536040356959,-0.00163198480696831));
#7213=CARTESIAN_POINT('Ctrl Pts',(102.998896792235,5.52928932188134,-0.0169890120363824));
#7214=CARTESIAN_POINT('Ctrl Pts',(103.025076731015,5.52928932188134,-0.0169890120363825));
#7215=CARTESIAN_POINT('Ctrl Pts',(102.925076731015,5.74142135623731,0.0238017360480842));
#7216=CARTESIAN_POINT('Ctrl Pts',(102.91936864935,5.68594448099396,0.00883308447895192));
#7217=CARTESIAN_POINT('Ctrl Pts',(102.935207233898,5.56915350690393,-0.0176814287736604));
#7218=CARTESIAN_POINT('Ctrl Pts',(102.994984721068,5.51871102917144,-0.0275673047462823));
#7219=CARTESIAN_POINT('Ctrl Pts',(103.025076731015,5.51871102917144,-0.0275673047462824));
#7220=CARTESIAN_POINT('Ctrl Pts',(102.899950088499,5.74142135623731,-0.0279818593916437));
#7221=CARTESIAN_POINT('Ctrl Pts',(102.89114839663,5.68121922693974,-0.0324906523197648));
#7222=CARTESIAN_POINT('Ctrl Pts',(102.910077410513,5.55198597082441,-0.039500568079862));
#7223=CARTESIAN_POINT('Ctrl Pts',(102.986564139033,5.49598244419205,-0.0418371083842801));
#7224=CARTESIAN_POINT('Ctrl Pts',(103.025076731015,5.49598244419205,-0.0418371083842802));
#7225=CARTESIAN_POINT('Ctrl Pts',(102.84751667854,5.74142135623731,-0.0462783339177258));
#7226=CARTESIAN_POINT('Ctrl Pts',(102.844895018981,5.67151889563097,-0.0462305995733473));
#7227=CARTESIAN_POINT('Ctrl Pts',(102.880987729777,5.52959787251151,-0.0462608894521536));
#7228=CARTESIAN_POINT('Ctrl Pts',(102.976870248415,5.46979861752551,-0.0462783339177248));
#7229=CARTESIAN_POINT('Ctrl Pts',(103.025076731015,5.46979861752551,-0.0462783339177249));
#7230=CARTESIAN_POINT('Ctrl Pts',(102.825076731015,5.74142135623731,-0.0462783339177258));
#7231=CARTESIAN_POINT('Ctrl Pts',(102.825076731015,5.667373307268,-0.0462783339177258));
#7232=CARTESIAN_POINT('Ctrl Pts',(102.868512963386,5.52000675268035,-0.0462783339177263));
#7233=CARTESIAN_POINT('Ctrl Pts',(102.972716853455,5.45857864376269,-0.0462783339177248));
#7234=CARTESIAN_POINT('Ctrl Pts',(103.025076731015,5.45857864376269,-0.0462783339177249));
#7235=CARTESIAN_POINT('',(103.025076731015,5.52928932188134,-0.0169890120363814));
#7236=CARTESIAN_POINT('',(102.925076731015,5.74142135623731,0.0537216660822731));
#7237=CARTESIAN_POINT('Origin',(103.025076731015,5.74142135623731,0.0537216660822717));
#7238=CARTESIAN_POINT('Origin',(103.025076731015,5.45857864376269,0.0537216660822736));
#7239=CARTESIAN_POINT('Origin',(102.825076731015,5.74142135623731,0.0537216660822736));
#7240=CARTESIAN_POINT('Origin',(113.550076731015,5.45857864376269,0.0537216660822736));
#7241=CARTESIAN_POINT('',(113.550076731015,5.52928932188134,-0.0169890120363814));
#7242=CARTESIAN_POINT('Ctrl Pts',(107.425076731015,22.2585786437626,0.0537216660822304));
#7243=CARTESIAN_POINT('Ctrl Pts',(107.425076731015,22.3141146804896,0.0352096538399041));
#7244=CARTESIAN_POINT('Ctrl Pts',(107.403353029933,22.4246277490758,-0.00162803568876199));
#7245=CARTESIAN_POINT('Ctrl Pts',(107.351256669795,22.4707106781187,-0.0169890120363723));
#7246=CARTESIAN_POINT('Ctrl Pts',(107.325076731015,22.4707106781187,-0.0169890120363836));
#7247=CARTESIAN_POINT('Ctrl Pts',(107.425076731015,22.2585786437626,0.0238017360480503));
#7248=CARTESIAN_POINT('Ctrl Pts',(107.430784812679,22.314055519006,0.00883308447892005));
#7249=CARTESIAN_POINT('Ctrl Pts',(107.414944602703,22.4308303728341,-0.0176770939218699));
#7250=CARTESIAN_POINT('Ctrl Pts',(107.355168740961,22.4812889708286,-0.0275673047462759));
#7251=CARTESIAN_POINT('Ctrl Pts',(107.325076731015,22.4812889708286,-0.027567304746284));
#7252=CARTESIAN_POINT('Ctrl Pts',(107.450204694095,22.2585786437627,-0.0279802749005038));
#7253=CARTESIAN_POINT('Ctrl Pts',(107.459006385964,22.3187807730602,-0.0324890678286243));
#7254=CARTESIAN_POINT('Ctrl Pts',(107.44005984993,22.4479972503357,-0.0395002959548119));
#7255=CARTESIAN_POINT('Ctrl Pts',(107.363589322996,22.5040176033806,-0.0418369778011412));
#7256=CARTESIAN_POINT('Ctrl Pts',(107.325076731015,22.5040176033806,-0.0418369778011447));
#7257=CARTESIAN_POINT('Ctrl Pts',(107.502636783489,22.2585786437627,-0.0462783339177264));
#7258=CARTESIAN_POINT('Ctrl Pts',(107.505258443048,22.328481104369,-0.0462305995733488));
#7259=CARTESIAN_POINT('Ctrl Pts',(107.469152328381,22.4703861620244,-0.0462584050606819));
#7260=CARTESIAN_POINT('Ctrl Pts',(107.373283213615,22.5302013824745,-0.0462783339177254));
#7261=CARTESIAN_POINT('Ctrl Pts',(107.325076731015,22.5302013824745,-0.0462783339177274));
#7262=CARTESIAN_POINT('Ctrl Pts',(107.525076731015,22.2585786437627,-0.0462783339177264));
#7263=CARTESIAN_POINT('Ctrl Pts',(107.525076731015,22.332626692732,-0.0462783339177271));
#7264=CARTESIAN_POINT('Ctrl Pts',(107.481629328851,22.4799774508468,-0.0462783339177269));
#7265=CARTESIAN_POINT('Ctrl Pts',(107.377436608575,22.5414213562373,-0.0462783339177254));
#7266=CARTESIAN_POINT('Ctrl Pts',(107.325076731015,22.5414213562373,-0.0462783339177274));
#7267=CARTESIAN_POINT('',(107.325076731015,22.4707106781187,-0.0169890120363802));
#7268=CARTESIAN_POINT('',(107.425076731015,22.2585786437627,0.0537216660822737));
#7269=CARTESIAN_POINT('Origin',(107.325076731015,22.2585786437627,0.0537216660822704));
#7270=CARTESIAN_POINT('Origin',(107.325076731015,22.5414213562373,0.0537216660822737));
#7271=CARTESIAN_POINT('Origin',(107.525076731015,22.2585786437627,0.0537216660822736));
#7272=CARTESIAN_POINT('Origin',(107.325076731015,8.04142135623731,2.35372166608227));
#7273=CARTESIAN_POINT('',(107.325076731015,8.04142135623731,2.45372166608227));
#7274=CARTESIAN_POINT('',(107.325076731015,7.97071067811865,2.42443234420093));
#7275=CARTESIAN_POINT('Origin',(107.325076731015,8.04142135623731,2.35372166608227));
#7276=CARTESIAN_POINT('',(107.425076731015,8.04142135623731,2.35372166608227));
#7277=CARTESIAN_POINT('Origin',(107.325076731015,8.04142135623731,2.35372166608227));
#7278=CARTESIAN_POINT('Origin',(107.325076731015,8.04142135623731,2.35372166608227));
#7279=CARTESIAN_POINT('Ctrl Pts',(103.025076731015,22.4707106781187,-0.0169890120363804));
#7280=CARTESIAN_POINT('Ctrl Pts',(102.998896792235,22.4707106781187,-0.0169890120363798));
#7281=CARTESIAN_POINT('Ctrl Pts',(102.946799398067,22.4246299425834,-0.00162876685794801));
#7282=CARTESIAN_POINT('Ctrl Pts',(102.925076731015,22.3141146804897,0.0352096538399441));
#7283=CARTESIAN_POINT('Ctrl Pts',(102.925076731015,22.2585786437627,0.0537216660822702));
#7284=CARTESIAN_POINT('Ctrl Pts',(103.025076731015,22.4812889708286,-0.0275673047462811));
#7285=CARTESIAN_POINT('Ctrl Pts',(102.994984721068,22.4812889708286,-0.0275673047462804));
#7286=CARTESIAN_POINT('Ctrl Pts',(102.935208558383,22.4308333574596,-0.0176778965086473));
#7287=CARTESIAN_POINT('Ctrl Pts',(102.91936864935,22.314055519006,0.00883308447895038));
#7288=CARTESIAN_POINT('Ctrl Pts',(102.925076731015,22.2585786437627,0.0238017360480826));
#7289=CARTESIAN_POINT('Ctrl Pts',(103.025076731015,22.5040175948223,-0.0418370012931389));
#7290=CARTESIAN_POINT('Ctrl Pts',(102.986564139033,22.5040175948223,-0.0418370012931381));
#7291=CARTESIAN_POINT('Ctrl Pts',(102.910090616547,22.4480003584274,-0.0395003489313431));
#7292=CARTESIAN_POINT('Ctrl Pts',(102.891147313636,22.3187807730603,-0.032489352879668));
#7293=CARTESIAN_POINT('Ctrl Pts',(102.899949005505,22.2585786437627,-0.0279805599515468));
#7294=CARTESIAN_POINT('Ctrl Pts',(103.025076731015,22.5302013824745,-0.0462783339177251));
#7295=CARTESIAN_POINT('Ctrl Pts',(102.976870248415,22.5302013824745,-0.0462783339177242));
#7296=CARTESIAN_POINT('Ctrl Pts',(102.880998651956,22.4703891179895,-0.0462588650394396));
#7297=CARTESIAN_POINT('Ctrl Pts',(102.844895018981,22.328481104369,-0.046230599573348));
#7298=CARTESIAN_POINT('Ctrl Pts',(102.84751667854,22.2585786437627,-0.0462783339177263));
#7299=CARTESIAN_POINT('Ctrl Pts',(103.025076731015,22.5414213562373,-0.0462783339177251));
#7300=CARTESIAN_POINT('Ctrl Pts',(102.972716853455,22.5414213562373,-0.0462783339177242));
#7301=CARTESIAN_POINT('Ctrl Pts',(102.86852206512,22.4799803755236,-0.0462783339177255));
#7302=CARTESIAN_POINT('Ctrl Pts',(102.825076731015,22.332626692732,-0.0462783339177263));
#7303=CARTESIAN_POINT('Ctrl Pts',(102.825076731015,22.2585786437627,-0.0462783339177263));
#7304=CARTESIAN_POINT('',(103.025076731015,22.4707106781187,-0.0169890120363816));
#7305=CARTESIAN_POINT('Origin',(103.025076731015,22.5414213562373,0.0537216660822737));
#7306=CARTESIAN_POINT('',(102.925076731015,22.2585786437627,0.0537216660822736));
#7307=CARTESIAN_POINT('Origin',(103.025076731015,22.2585786437627,0.0537216660822722));
#7308=CARTESIAN_POINT('Origin',(102.825076731015,22.2585786437627,0.0537216660822736));
#7309=CARTESIAN_POINT('Origin',(113.550076731015,22.5414213562373,0.0537216660822737));
#7310=CARTESIAN_POINT('',(113.550076731015,22.4707106781187,-0.0169890120363802));
#7311=CARTESIAN_POINT('Origin',(103.025076731015,8.04142135623731,2.35372166608227));
#7312=CARTESIAN_POINT('',(103.025076731015,8.04142135623731,2.45372166608227));
#7313=CARTESIAN_POINT('',(102.925076731015,8.04142135623731,2.35372166608227));
#7314=CARTESIAN_POINT('Origin',(103.025076731015,8.04142135623731,2.35372166608227));
#7315=CARTESIAN_POINT('',(103.025076731015,7.97071067811865,2.42443234420093));
#7316=CARTESIAN_POINT('Origin',(103.025076731015,8.04142135623731,2.35372166608227));
#7317=CARTESIAN_POINT('Origin',(103.025076731015,8.04142135623731,2.35372166608227));
#7318=CARTESIAN_POINT('Origin',(102.612576731015,8.04142135623731,2.35372166608227));
#7319=CARTESIAN_POINT('',(102.612576731015,8.04142135623731,2.45372166608227));
#7320=CARTESIAN_POINT('',(102.612576731015,7.97071067811865,2.42443234420093));
#7321=CARTESIAN_POINT('Origin',(103.025076731015,9.82071067811865,4.13301098796362));
#7322=CARTESIAN_POINT('',(102.925076731015,9.82071067811865,4.13301098796362));
#7323=CARTESIAN_POINT('',(103.025076731015,9.75,4.20372166608227));
#7324=CARTESIAN_POINT('Origin',(107.325076731015,19.9585786437627,2.35372166608227));
#7325=CARTESIAN_POINT('',(107.325076731015,19.9585786437627,2.45372166608227));
#7326=CARTESIAN_POINT('',(107.425076731015,19.9585786437627,2.35372166608227));
#7327=CARTESIAN_POINT('Origin',(107.325076731015,19.9585786437627,2.35372166608227));
#7328=CARTESIAN_POINT('',(107.325076731015,20.0292893218813,2.42443234420093));
#7329=CARTESIAN_POINT('Origin',(107.325076731015,19.9585786437627,2.35372166608227));
#7330=CARTESIAN_POINT('Origin',(107.325076731015,19.9585786437627,2.35372166608227));
#7331=CARTESIAN_POINT('Origin',(103.025076731015,19.9585786437627,2.35372166608227));
#7332=CARTESIAN_POINT('',(103.025076731015,19.9585786437627,2.45372166608227));
#7333=CARTESIAN_POINT('',(103.025076731015,20.0292893218813,2.42443234420093));
#7334=CARTESIAN_POINT('Origin',(103.025076731015,19.9585786437627,2.35372166608227));
#7335=CARTESIAN_POINT('',(102.925076731015,19.9585786437627,2.35372166608227));
#7336=CARTESIAN_POINT('Origin',(103.025076731015,19.9585786437627,2.35372166608227));
#7337=CARTESIAN_POINT('Origin',(103.025076731015,19.9585786437627,2.35372166608227));
#7338=CARTESIAN_POINT('Origin',(103.025076731015,18.25,2.35372166608227));
#7339=CARTESIAN_POINT('',(102.925076731015,18.25,2.35372166608227));
#7340=CARTESIAN_POINT('',(103.025076731015,18.25,2.45372166608227));
#7341=CARTESIAN_POINT('Origin',(103.025076731015,21.1792893218813,1.13301098796362));
#7342=CARTESIAN_POINT('',(102.925076731015,21.1792893218813,1.13301098796362));
#7343=CARTESIAN_POINT('',(103.025076731015,21.25,1.20372166608227));
#7344=CARTESIAN_POINT('Origin',(102.612576731015,19.9585786437627,2.35372166608227));
#7345=CARTESIAN_POINT('',(102.612576731015,19.9585786437627,2.45372166608227));
#7346=CARTESIAN_POINT('',(102.612576731015,20.0292893218813,2.42443234420093));
#7347=CARTESIAN_POINT('Origin',(107.325076731015,16.9292893218813,5.38301098796362));
#7348=CARTESIAN_POINT('',(107.425076731015,16.9292893218813,5.38301098796362));
#7349=CARTESIAN_POINT('',(107.325076731015,17.,5.45372166608227));
#7350=CARTESIAN_POINT('Origin',(107.325076731015,9.75,2.35372166608227));
#7351=CARTESIAN_POINT('',(107.425076731015,9.75,2.35372166608227));
#7352=CARTESIAN_POINT('',(107.325076731015,9.75,2.45372166608227));
#7353=CARTESIAN_POINT('Origin',(102.825076731015,11.25,0.0537216660822736));
#7354=CARTESIAN_POINT('',(102.925076731015,11.25,0.0537216660822736));
#7355=CARTESIAN_POINT('Origin',(107.325076731015,5.57071067811865,-0.116989012036381));
#7356=CARTESIAN_POINT('',(107.425076731015,5.57071067811865,-0.116989012036381));
#7357=CARTESIAN_POINT('',(107.325076731015,5.5,-0.0462783339177263));
#7358=CARTESIAN_POINT('Origin',(107.525076731015,2.75,0.0537216660822736));
#7359=CARTESIAN_POINT('',(107.425076731015,2.75,0.0537216660822736));
#7360=CARTESIAN_POINT('Origin',(100.050076731015,20.,2.45372166608227));
#7361=CARTESIAN_POINT('Origin',(100.050076731015,5.5,-0.0462783339177264));
#7362=CARTESIAN_POINT('Origin',(105.175076731015,14.,2.45372166608227));
#7363=CARTESIAN_POINT('Origin',(102.925076731015,22.5,-0.0462783339177264));
#7364=CARTESIAN_POINT('Origin',(107.425076731015,5.5,-0.0462783339177264));
#7365=CARTESIAN_POINT('Origin',(110.550076731015,22.25,5.60372166608227));
#7366=CARTESIAN_POINT('',(110.550076731015,22.5,5.60372166608227));
#7367=CARTESIAN_POINT('',(110.300076731015,22.25,5.60372166608227));
#7368=CARTESIAN_POINT('Origin',(110.550076731015,22.25,5.60372166608227));
#7369=CARTESIAN_POINT('Origin',(110.550076731015,22.75,5.60372166608227));
#7370=CARTESIAN_POINT('Origin',(110.050076731015,22.25,5.60372166608227));
#7371=CARTESIAN_POINT('Origin',(110.550076731015,22.25,0.203721666082274));
#7372=CARTESIAN_POINT('',(110.550076731015,22.5,0.203721666082274));
#7373=CARTESIAN_POINT('Origin',(110.550076731015,22.75,0.203721666082274));
#7374=CARTESIAN_POINT('',(110.300076731015,22.25,0.203721666082274));
#7375=CARTESIAN_POINT('Origin',(110.550076731015,22.25,0.203721666082274));
#7376=CARTESIAN_POINT('Origin',(110.050076731015,22.25,0.203721666082274));
#7377=CARTESIAN_POINT('Ctrl Pts',(110.550076731015,9.23539689764955,5.46343209011537));
#7378=CARTESIAN_POINT('Ctrl Pts',(110.493976862201,9.23539689764955,5.46343209011537));
#7379=CARTESIAN_POINT('Ctrl Pts',(110.40082114838,9.28748551969859,5.48183190272362));
#7380=CARTESIAN_POINT('Ctrl Pts',(110.317185738489,9.4545230210839,5.54083631871963));
#7381=CARTESIAN_POINT('Ctrl Pts',(110.300076731015,9.57313363333955,5.582734394595));
#7382=CARTESIAN_POINT('Ctrl Pts',(110.300076731015,9.63254717605418,5.60372166608228));
#7383=CARTESIAN_POINT('Ctrl Pts',(110.550076731015,9.26434439404671,5.50612964730117));
#7384=CARTESIAN_POINT('Ctrl Pts',(110.501856924056,9.26434439404671,5.50612964730117));
#7385=CARTESIAN_POINT('Ctrl Pts',(110.419184751436,9.30458259565309,5.5256725974647));
#7386=CARTESIAN_POINT('Ctrl Pts',(110.327511108689,9.45677958084812,5.5834361935116));
#7387=CARTESIAN_POINT('Ctrl Pts',(110.303225046832,9.57313866567684,5.62213320512607));
#7388=CARTESIAN_POINT('Ctrl Pts',(110.300076731015,9.63254717605418,5.64112157862501));
#7389=CARTESIAN_POINT('Ctrl Pts',(110.550076731015,9.29468554201815,5.60953127741126));
#7390=CARTESIAN_POINT('Ctrl Pts',(110.510097343031,9.29468554201815,5.60953127741126));
#7391=CARTESIAN_POINT('Ctrl Pts',(110.436676413676,9.31767965425657,5.62718784795452));
#7392=CARTESIAN_POINT('Ctrl Pts',(110.326248376765,9.4535513705515,5.67358675448897));
#7393=CARTESIAN_POINT('Ctrl Pts',(110.290523871305,9.5710192398279,5.70220697705171));
#7394=CARTESIAN_POINT('Ctrl Pts',(110.282963447142,9.63254717605418,5.71577823639673));
#7395=CARTESIAN_POINT('Ctrl Pts',(110.550076731015,9.23310249717499,5.7891957834634));
#7396=CARTESIAN_POINT('Ctrl Pts',(110.493369986156,9.23310249717499,5.7891957834634));
#7397=CARTESIAN_POINT('Ctrl Pts',(110.390945555569,9.26102005800684,5.79516118605303));
#7398=CARTESIAN_POINT('Ctrl Pts',(110.249691271622,9.42273440267204,5.80934218174129));
#7399=CARTESIAN_POINT('Ctrl Pts',(110.207233048961,9.56066060713989,5.81727470531467));
#7400=CARTESIAN_POINT('Ctrl Pts',(110.199326339625,9.63254717605418,5.8209184902103));
#7401=CARTESIAN_POINT('Ctrl Pts',(110.550076731015,9.10584766147043,5.85372166608227));
#7402=CARTESIAN_POINT('Ctrl Pts',(110.458952964205,9.10584766147043,5.85372166608227));
#7403=CARTESIAN_POINT('Ctrl Pts',(110.304348013943,9.16559806418012,5.8539390814703));
#7404=CARTESIAN_POINT('Ctrl Pts',(110.146626432317,9.38461589650588,5.85365356985142));
#7405=CARTESIAN_POINT('Ctrl Pts',(110.109193909183,9.54913273375447,5.85378075426487));
#7406=CARTESIAN_POINT('Ctrl Pts',(110.106176599829,9.63254717605418,5.85372166608226));
#7407=CARTESIAN_POINT('Ctrl Pts',(110.550076731015,9.02846977309836,5.85372166608227));
#7408=CARTESIAN_POINT('Ctrl Pts',(110.437876993387,9.02846977309836,5.85372166608227));
#7409=CARTESIAN_POINT('Ctrl Pts',(110.251565565746,9.10769811874458,5.85372166608227));
#7410=CARTESIAN_POINT('Ctrl Pts',(110.084294745962,9.361767133724,5.85372166608227));
#7411=CARTESIAN_POINT('Ctrl Pts',(110.050076731015,9.54217740789582,5.85372166608226));
#7412=CARTESIAN_POINT('Ctrl Pts',(110.050076731015,9.63254717605418,5.85372166608226));
#7413=CARTESIAN_POINT('',(110.300076731015,9.63254717605418,5.60372166608227));
#7414=CARTESIAN_POINT('',(110.550076731015,9.23539689764955,5.46343209011536));
#7415=CARTESIAN_POINT('Origin',(110.550076731015,9.63254717605418,5.60372166608228));
#7416=CARTESIAN_POINT('Origin',(110.050076731015,9.63254717605418,5.60372166608227));
#7417=CARTESIAN_POINT('Origin',(110.550076731015,9.02846977309836,5.60372166608227));
#7418=CARTESIAN_POINT('Origin',(110.050076731015,25.25,5.60372166608227));
#7419=CARTESIAN_POINT('',(110.300076731015,25.25,5.60372166608227));
#7420=CARTESIAN_POINT('Origin',(116.550076731015,22.25,5.60372166608227));
#7421=CARTESIAN_POINT('',(116.550076731015,22.5,5.60372166608227));
#7422=CARTESIAN_POINT('Origin',(116.550076731015,22.75,5.60372166608227));
#7423=CARTESIAN_POINT('',(116.800076731015,22.25,5.60372166608227));
#7424=CARTESIAN_POINT('Origin',(116.550076731015,22.25,5.60372166608227));
#7425=CARTESIAN_POINT('Origin',(117.050076731015,22.25,5.60372166608227));
#7426=CARTESIAN_POINT('Origin',(109.925076731015,22.75,5.60372166608227));
#7427=CARTESIAN_POINT('',(109.925076731015,22.5,5.60372166608227));
#7428=CARTESIAN_POINT('Ctrl Pts',(110.300076731015,5.97153022690163,0.203721666082282));
#7429=CARTESIAN_POINT('Ctrl Pts',(110.300076731015,5.86755652715104,0.166993940979542));
#7430=CARTESIAN_POINT('Ctrl Pts',(110.354281167196,5.66048917617698,0.0938493595847174));
#7431=CARTESIAN_POINT('Ctrl Pts',(110.484626884065,5.57437994849701,0.0634320901153639));
#7432=CARTESIAN_POINT('Ctrl Pts',(110.550076731015,5.57437994849701,0.0634320901153651));
#7433=CARTESIAN_POINT('Ctrl Pts',(110.300076731015,5.97153022690163,0.138271819132493));
#7434=CARTESIAN_POINT('Ctrl Pts',(110.290245859969,5.86766968299082,0.107643077690309));
#7435=CARTESIAN_POINT('Ctrl Pts',(110.33297537225,5.64739819411647,0.0513888422631064));
#7436=CARTESIAN_POINT('Ctrl Pts',(110.477434317731,5.55158261698655,0.0298060261374346));
#7437=CARTESIAN_POINT('Ctrl Pts',(110.550076731015,5.55158261698655,0.029806026137436));
#7438=CARTESIAN_POINT('Ctrl Pts',(110.245719368897,5.97153022690163,0.00807902819954507));
#7439=CARTESIAN_POINT('Ctrl Pts',(110.227727102937,5.85576221097942,-0.00266028438604035));
#7440=CARTESIAN_POINT('Ctrl Pts',(110.274154321522,5.6014730070095,-0.0201205783366334));
#7441=CARTESIAN_POINT('Ctrl Pts',(110.457703974336,5.48926762289851,-0.0260357730782883));
#7442=CARTESIAN_POINT('Ctrl Pts',(110.550076731015,5.4892676228985,-0.0260357730782864));
#7443=CARTESIAN_POINT('Ctrl Pts',(110.115526577965,5.97153022690163,-0.0462783339177264));
#7444=CARTESIAN_POINT('Ctrl Pts',(110.10935087848,5.82758885214665,-0.0460784591581621));
#7445=CARTESIAN_POINT('Ctrl Pts',(110.197023455028,5.53280696672166,-0.0461727517403069));
#7446=CARTESIAN_POINT('Ctrl Pts',(110.432029310044,5.40807831474464,-0.0462783339177294));
#7447=CARTESIAN_POINT('Ctrl Pts',(110.550076731015,5.40807831474464,-0.0462783339177273));
#7448=CARTESIAN_POINT('Ctrl Pts',(110.050076731015,5.97153022690164,-0.0462783339177264));
#7449=CARTESIAN_POINT('Ctrl Pts',(110.050076731015,5.8133831326245,-0.0462783339177266));
#7450=CARTESIAN_POINT('Ctrl Pts',(110.158485603376,5.49842752409307,-0.0462783339177307));
#7451=CARTESIAN_POINT('Ctrl Pts',(110.419177037115,5.36745282394581,-0.0462783339177294));
#7452=CARTESIAN_POINT('Ctrl Pts',(110.550076731015,5.36745282394581,-0.0462783339177273));
#7453=CARTESIAN_POINT('',(110.550076731015,5.57437994849701,0.063432090115364));
#7454=CARTESIAN_POINT('',(110.300076731015,5.97153022690164,0.203721666082274));
#7455=CARTESIAN_POINT('Origin',(110.550076731015,5.97153022690164,0.203721666082277));
#7456=CARTESIAN_POINT('Origin',(110.550076731015,5.36745282394582,0.203721666082274));
#7457=CARTESIAN_POINT('Origin',(110.050076731015,5.97153022690164,0.203721666082274));
#7458=CARTESIAN_POINT('Origin',(116.550076731015,22.25,0.203721666082274));
#7459=CARTESIAN_POINT('',(116.550076731015,22.5,0.203721666082274));
#7460=CARTESIAN_POINT('',(116.800076731015,22.25,0.203721666082274));
#7461=CARTESIAN_POINT('Origin',(116.550076731015,22.25,0.203721666082274));
#7462=CARTESIAN_POINT('Origin',(116.550076731015,22.75,0.203721666082274));
#7463=CARTESIAN_POINT('Origin',(117.050076731015,22.25,0.203721666082274));
#7464=CARTESIAN_POINT('Origin',(121.925076731015,22.75,0.203721666082274));
#7465=CARTESIAN_POINT('',(121.925076731015,22.5,0.203721666082274));
#7466=CARTESIAN_POINT('Ctrl Pts',(116.800076731015,9.63254717605418,5.60372166608227));
#7467=CARTESIAN_POINT('Ctrl Pts',(116.800076731015,9.54342686198224,5.57224075885135));
#7468=CARTESIAN_POINT('Ctrl Pts',(116.767286620355,9.39544033368144,5.51996591873911));
#7469=CARTESIAN_POINT('Ctrl Pts',(116.66213967189,9.26257682027202,5.47303314046546));
#7470=CARTESIAN_POINT('Ctrl Pts',(116.587476643557,9.23539689764955,5.46343209011536));
#7471=CARTESIAN_POINT('Ctrl Pts',(116.550076731015,9.23539689764955,5.46343209011536));
#7472=CARTESIAN_POINT('Ctrl Pts',(116.800076731015,9.63254717605418,5.64112157862501));
#7473=CARTESIAN_POINT('Ctrl Pts',(116.795354257289,9.54343441048817,5.61263901837659));
#7474=CARTESIAN_POINT('Ctrl Pts',(116.752253676197,9.40045828828405,5.56360750745766));
#7475=CARTESIAN_POINT('Ctrl Pts',(116.646795383497,9.28543475379114,5.51625761803344));
#7476=CARTESIAN_POINT('Ctrl Pts',(116.582223268987,9.2643443940467,5.50612964730116));
#7477=CARTESIAN_POINT('Ctrl Pts',(116.550076731015,9.2643443940467,5.50612964730116));
#7478=CARTESIAN_POINT('Ctrl Pts',(116.817190186018,9.63254717605418,5.71577795361287));
#7479=CARTESIAN_POINT('Ctrl Pts',(116.805849549774,9.54025527171476,5.69542106459534));
#7480=CARTESIAN_POINT('Ctrl Pts',(116.745268091205,9.39900752655895,5.65830105007963));
#7481=CARTESIAN_POINT('Ctrl Pts',(116.631002938457,9.30683311021241,5.6186370409818));
#7482=CARTESIAN_POINT('Ctrl Pts',(116.576729656337,9.29468486107393,5.60953047491199));
#7483=CARTESIAN_POINT('Ctrl Pts',(116.550076731015,9.29468486107393,5.60953047491199));
#7484=CARTESIAN_POINT('Ctrl Pts',(116.900827362799,9.63254717605418,5.82091792628139));
#7485=CARTESIAN_POINT('Ctrl Pts',(116.888967298795,9.52471732268275,5.81545224893796));
#7486=CARTESIAN_POINT('Ctrl Pts',(116.815423175684,9.35819980864822,5.80490774462172));
#7487=CARTESIAN_POINT('Ctrl Pts',(116.6646153349,9.24773221973986,5.79225136853102));
#7488=CARTESIAN_POINT('Ctrl Pts',(116.587881227587,9.23310145892112,5.78919397351125));
#7489=CARTESIAN_POINT('Ctrl Pts',(116.550076731015,9.23310145892112,5.78919397351125));
#7490=CARTESIAN_POINT('Ctrl Pts',(116.993976862201,9.63254717605418,5.85372166608227));
#7491=CARTESIAN_POINT('Ctrl Pts',(116.98945089817,9.50742551260461,5.85381029835619));
#7492=CARTESIAN_POINT('Ctrl Pts',(116.920669579808,9.30424859486574,5.85359603109953));
#7493=CARTESIAN_POINT('Ctrl Pts',(116.732645291255,9.13706604193262,5.85388395460628));
#7494=CARTESIAN_POINT('Ctrl Pts',(116.610825908888,9.10584766147042,5.85372166608227));
#7495=CARTESIAN_POINT('Ctrl Pts',(116.550076731015,9.10584766147042,5.85372166608227));
#7496=CARTESIAN_POINT('Ctrl Pts',(117.050076731015,9.63254717605418,5.85372166608227));
#7497=CARTESIAN_POINT('Ctrl Pts',(117.050076731015,9.49699252381664,5.85372166608227));
#7498=CARTESIAN_POINT('Ctrl Pts',(116.984496509695,9.27190060635027,5.85372166608228));
#7499=CARTESIAN_POINT('Ctrl Pts',(116.774202612765,9.06981124498723,5.85372166608227));
#7500=CARTESIAN_POINT('Ctrl Pts',(116.6248765561,9.02846977309835,5.85372166608227));
#7501=CARTESIAN_POINT('Ctrl Pts',(116.550076731015,9.02846977309835,5.85372166608227));
#7502=CARTESIAN_POINT('',(116.550076731015,9.23539689764955,5.46343209011537));
#7503=CARTESIAN_POINT('',(116.800076731015,9.63254717605418,5.60372166608227));
#7504=CARTESIAN_POINT('Origin',(116.550076731015,9.63254717605418,5.60372166608227));
#7505=CARTESIAN_POINT('Origin',(116.550076731015,9.02846977309836,5.60372166608227));
#7506=CARTESIAN_POINT('Origin',(117.050076731015,9.63254717605418,5.60372166608227));
#7507=CARTESIAN_POINT('Origin',(115.050076731015,9.02846977309836,5.60372166608227));
#7508=CARTESIAN_POINT('',(115.050076731015,9.23539689764955,5.46343209011537));
#7509=CARTESIAN_POINT('Origin',(117.050076731015,16.75,5.60372166608227));
#7510=CARTESIAN_POINT('',(116.800076731015,16.75,5.60372166608227));
#7511=CARTESIAN_POINT('Ctrl Pts',(116.550076731015,5.57437994849701,0.063432090115364));
#7512=CARTESIAN_POINT('Ctrl Pts',(116.615526577965,5.57437994849701,0.0634320901153638));
#7513=CARTESIAN_POINT('Ctrl Pts',(116.745869363069,5.66049383358187,0.0938510047688991));
#7514=CARTESIAN_POINT('Ctrl Pts',(116.800076731015,5.86755652715104,0.166993940979534));
#7515=CARTESIAN_POINT('Ctrl Pts',(116.800076731015,5.97153022690164,0.203721666082273));
#7516=CARTESIAN_POINT('Ctrl Pts',(116.550076731015,5.55158261698655,0.0298060261374356));
#7517=CARTESIAN_POINT('Ctrl Pts',(116.622719144299,5.55158261698655,0.0298060261374355));
#7518=CARTESIAN_POINT('Ctrl Pts',(116.767176478205,5.64740501829408,0.0513899446424385));
#7519=CARTESIAN_POINT('Ctrl Pts',(116.809907602061,5.86766968299082,0.107643077690302));
#7520=CARTESIAN_POINT('Ctrl Pts',(116.800076731015,5.97153022690164,0.138271819132485));
#7521=CARTESIAN_POINT('Ctrl Pts',(116.550076731015,5.48926736188556,-0.0260352807763026));
#7522=CARTESIAN_POINT('Ctrl Pts',(116.642449487694,5.48926736188556,-0.0260352807763029));
#7523=CARTESIAN_POINT('Ctrl Pts',(116.825991842723,5.60147949774804,-0.0201194820356629));
#7524=CARTESIAN_POINT('Ctrl Pts',(116.872428866294,5.85576221097942,-0.00265777718453544));
#7525=CARTESIAN_POINT('Ctrl Pts',(116.854436600334,5.97153022690164,0.00808153540104896));
#7526=CARTESIAN_POINT('Ctrl Pts',(116.550076731015,5.40807831474464,-0.0462783339177259));
#7527=CARTESIAN_POINT('Ctrl Pts',(116.668124151986,5.40807831474464,-0.0462783339177262));
#7528=CARTESIAN_POINT('Ctrl Pts',(116.903124432275,5.53281427288549,-0.0461693205119118));
#7529=CARTESIAN_POINT('Ctrl Pts',(116.990802583549,5.82758885214665,-0.0460784591581656));
#7530=CARTESIAN_POINT('Ctrl Pts',(116.984626884065,5.97153022690164,-0.0462783339177303));
#7531=CARTESIAN_POINT('Ctrl Pts',(116.550076731015,5.36745282394582,-0.0462783339177259));
#7532=CARTESIAN_POINT('Ctrl Pts',(116.680976424914,5.36745282394582,-0.0462783339177262));
#7533=CARTESIAN_POINT('Ctrl Pts',(116.941661995123,5.49843460814464,-0.0462783339177299));
#7534=CARTESIAN_POINT('Ctrl Pts',(117.050076731015,5.8133831326245,-0.0462783339177304));
#7535=CARTESIAN_POINT('Ctrl Pts',(117.050076731015,5.97153022690164,-0.0462783339177303));
#7536=CARTESIAN_POINT('',(116.800076731015,5.97153022690164,0.203721666082274));
#7537=CARTESIAN_POINT('',(116.550076731015,5.57437994849701,0.063432090115364));
#7538=CARTESIAN_POINT('Origin',(116.550076731015,5.97153022690164,0.203721666082274));
#7539=CARTESIAN_POINT('Origin',(117.050076731015,5.97153022690164,0.203721666082274));
#7540=CARTESIAN_POINT('Origin',(116.550076731015,5.36745282394582,0.203721666082274));
#7541=CARTESIAN_POINT('Origin',(117.050076731015,2.75,0.203721666082274));
#7542=CARTESIAN_POINT('',(116.800076731015,2.75,0.203721666082274));
#7543=CARTESIAN_POINT('Origin',(127.050076731015,5.36745282394582,0.203721666082274));
#7544=CARTESIAN_POINT('',(127.050076731015,5.57437994849701,0.063432090115364));
#7545=CARTESIAN_POINT('Origin',(116.550076731015,7.70692712455119,2.76343209011536));
#7546=CARTESIAN_POINT('',(116.800076731015,7.70692712455119,2.76343209011536));
#7547=CARTESIAN_POINT('',(116.550076731015,7.5,2.90372166608227));
#7548=CARTESIAN_POINT('Origin',(116.550076731015,22.25,-0.0462783339177264));
#7549=CARTESIAN_POINT('',(116.550076731015,22.5,-0.0462783339177264));
#7550=CARTESIAN_POINT('',(116.800076731015,22.25,-0.0462783339177264));
#7551=CARTESIAN_POINT('Origin',(110.050076731015,11.25,0.203721666082274));
#7552=CARTESIAN_POINT('',(110.300076731015,11.25,0.203721666082274));
#7553=CARTESIAN_POINT('Origin',(110.550076731015,10.3835655815478,6.71147381418543));
#7554=CARTESIAN_POINT('',(110.300076731015,10.3835655815478,6.71147381418543));
#7555=CARTESIAN_POINT('',(110.550076731015,10.1766384569967,6.85176339015234));
#7556=CARTESIAN_POINT('Origin',(110.550076731015,22.25,-0.0462783339177264));
#7557=CARTESIAN_POINT('',(110.300076731015,22.25,-0.0462783339177264));
#7558=CARTESIAN_POINT('',(110.550076731015,22.5,-0.0462783339177264));
#7559=CARTESIAN_POINT('Origin',(116.800076731015,22.5,-0.0462783339177264));
#7560=CARTESIAN_POINT('Origin',(116.800076731015,5.5,-0.0462783339177264));
#7561=CARTESIAN_POINT('Origin',(127.050076731015,9.5,5.85372166608227));
#7562=CARTESIAN_POINT('Origin',(110.300076731015,22.5,-0.0462783339177264));
#7563=CARTESIAN_POINT('Origin',(117.450076731015,1.79142135623731,-1.50485697768042));
#7564=CARTESIAN_POINT('',(117.450076731015,0.14142135623731,-2.68769969015504));
#7565=CARTESIAN_POINT('Origin',(117.450076731015,0.282842712474619,-2.54627833391773));
#7566=CARTESIAN_POINT('',(117.450076731015,0.358578643762691,-2.90485697768042));
#7567=CARTESIAN_POINT('',(117.450076731015,0.366789321881346,-2.91306765579907));
#7568=CARTESIAN_POINT('',(117.450076731015,0.641421356237311,-2.90485697768042));
#7569=CARTESIAN_POINT('Origin',(117.450076731015,0.500000000000001,-2.76343562144311));
#7570=CARTESIAN_POINT('',(117.450076731015,2.70821067811865,-0.838067655799072));
#7571=CARTESIAN_POINT('Origin',(117.450076731015,-1.45857864376269,1.74514302231958));
#7572=CARTESIAN_POINT('',(117.450076731015,-2.85857864376269,0.312300309844964));
#7573=CARTESIAN_POINT('Origin',(117.450076731015,-2.71715728752538,0.453721666082273));
#7574=CARTESIAN_POINT('',(117.450076731015,-2.64142135623731,0.0951430223195832));
#7575=CARTESIAN_POINT('',(117.450076731015,-2.75821067811866,0.211932344200929));
#7576=CARTESIAN_POINT('',(117.450076731015,-2.35857864376269,0.095143022319583));
#7577=CARTESIAN_POINT('Origin',(117.450076731015,-2.5,0.236564378556893));
#7578=CARTESIAN_POINT('',(117.450076731015,-0.541789321881345,1.91193234420093));
#7579=CARTESIAN_POINT('Origin',(117.450076731015,26.2914213562373,-1.50485697768042));
#7580=CARTESIAN_POINT('',(117.450076731015,24.6414213562373,-2.40485697768042));
#7581=CARTESIAN_POINT('',(117.450076731015,25.2789213562373,-1.76735697768042));
#7582=CARTESIAN_POINT('',(117.450076731015,24.6414213562373,-2.68769969015504));
#7583=CARTESIAN_POINT('Origin',(117.450076731015,24.7828427124746,-2.54627833391773));
#7584=CARTESIAN_POINT('',(117.450076731015,24.8585786437627,-2.90485697768041));
#7585=CARTESIAN_POINT('',(117.450076731015,24.8667893218814,-2.91306765579907));
#7586=CARTESIAN_POINT('',(117.450076731015,25.1414213562373,-2.90485697768041));
#7587=CARTESIAN_POINT('Origin',(117.450076731015,25.,-2.7634356214431));
#7588=CARTESIAN_POINT('',(117.450076731015,27.2082106781187,-0.838067655799071));
#7589=CARTESIAN_POINT('Origin',(127.050076731015,3.5,-0.0462783339177264));
#7590=CARTESIAN_POINT('',(127.050076731015,0.641421356237311,-2.90485697768042));
#7591=CARTESIAN_POINT('Origin',(127.050076731015,0.,2.45372166608227));
#7592=CARTESIAN_POINT('',(127.050076731015,-2.35857864376269,0.0951430223195831));
#7593=CARTESIAN_POINT('Origin',(127.050076731015,24.6414213562373,-2.40485697768042));
#7594=CARTESIAN_POINT('',(109.650076731015,24.6414213562373,-2.40485697768042));
#7595=CARTESIAN_POINT('',(109.650076731015,25.2789213562373,-1.76735697768042));
#7596=CARTESIAN_POINT('',(127.050076731015,24.6414213562373,-2.40485697768042));
#7597=CARTESIAN_POINT('Origin',(127.050076731015,-2.77555756156289E-16,
26.9537216660823));
#7598=CARTESIAN_POINT('',(127.050076731015,-2.35857864376269,24.5951430223196));
#7599=CARTESIAN_POINT('Origin',(109.650076731015,26.2914213562373,-1.50485697768042));
#7600=CARTESIAN_POINT('',(109.650076731015,25.1414213562373,-2.90485697768041));
#7601=CARTESIAN_POINT('',(109.650076731015,27.2082106781187,-0.838067655799071));
#7602=CARTESIAN_POINT('',(109.650076731015,24.8585786437627,-2.90485697768041));
#7603=CARTESIAN_POINT('Origin',(109.650076731015,25.,-2.7634356214431));
#7604=CARTESIAN_POINT('',(109.650076731015,24.6414213562373,-2.68769969015504));
#7605=CARTESIAN_POINT('',(109.650076731015,24.8667893218814,-2.91306765579907));
#7606=CARTESIAN_POINT('Origin',(109.650076731015,24.7828427124746,-2.54627833391773));
#7607=CARTESIAN_POINT('Origin',(127.050076731015,0.282842712474619,-2.54627833391773));
#7608=CARTESIAN_POINT('',(127.050076731015,0.14142135623731,-2.68769969015504));
#7609=CARTESIAN_POINT('Origin',(127.050076731015,0.358578643762691,-2.90485697768042));
#7610=CARTESIAN_POINT('',(127.050076731015,0.358578643762691,-2.90485697768042));
#7611=CARTESIAN_POINT('Origin',(127.050076731015,0.500000000000001,-2.76343562144311));
#7612=CARTESIAN_POINT('Origin',(127.050076731015,-2.71715728752538,0.453721666082273));
#7613=CARTESIAN_POINT('',(127.050076731015,-2.85857864376269,0.312300309844964));
#7614=CARTESIAN_POINT('Origin',(127.050076731015,-2.64142135623731,0.0951430223195832));
#7615=CARTESIAN_POINT('',(127.050076731015,-2.64142135623731,0.0951430223195832));
#7616=CARTESIAN_POINT('Origin',(127.050076731015,-2.5,0.236564378556893));
#7617=CARTESIAN_POINT('Origin',(127.050076731015,24.7828427124746,-2.54627833391773));
#7618=CARTESIAN_POINT('',(127.050076731015,24.6414213562373,-2.68769969015504));
#7619=CARTESIAN_POINT('Origin',(127.050076731015,24.8585786437627,-2.90485697768041));
#7620=CARTESIAN_POINT('',(127.050076731015,24.8585786437627,-2.90485697768041));
#7621=CARTESIAN_POINT('Origin',(127.050076731015,25.,-2.7634356214431));
#7622=CARTESIAN_POINT('',(127.050076731015,25.1414213562373,-2.90485697768041));
#7623=CARTESIAN_POINT('Origin',(127.050076731015,-2.71715728752538,24.9537216660823));
#7624=CARTESIAN_POINT('',(127.050076731015,-2.85857864376269,24.812300309845));
#7625=CARTESIAN_POINT('Origin',(127.050076731015,-2.64142135623731,24.5951430223196));
#7626=CARTESIAN_POINT('',(127.050076731015,-2.64142135623731,24.5951430223196));
#7627=CARTESIAN_POINT('Origin',(127.050076731015,-2.5,24.7365643785569));
#7628=CARTESIAN_POINT('Origin',(127.050076731015,28.,-0.0462783339177264));
#7629=CARTESIAN_POINT('Origin',(124.050076731015,28.,5.85372166608227));
#7630=CARTESIAN_POINT('Origin',(103.050076731015,28.,27.9537216660823));
#7631=UNCERTAINTY_MEASURE_WITH_UNIT(LENGTH_MEASURE(0.01),#7635,
'DISTANCE_ACCURACY_VALUE',
'Maximum model space distance between geometric entities at asserted c
onnectivities');
#7632=UNCERTAINTY_MEASURE_WITH_UNIT(LENGTH_MEASURE(0.01),#7635,
'DISTANCE_ACCURACY_VALUE',
'Maximum model space distance between geometric entities at asserted c
onnectivities');
#7633=(
GEOMETRIC_REPRESENTATION_CONTEXT(3)
GLOBAL_UNCERTAINTY_ASSIGNED_CONTEXT((#7631))
GLOBAL_UNIT_ASSIGNED_CONTEXT((#7635,#7637,#7638))
REPRESENTATION_CONTEXT('','3D')
);
#7634=(
GEOMETRIC_REPRESENTATION_CONTEXT(3)
GLOBAL_UNCERTAINTY_ASSIGNED_CONTEXT((#7632))
GLOBAL_UNIT_ASSIGNED_CONTEXT((#7635,#7637,#7638))
REPRESENTATION_CONTEXT('','3D')
);
#7635=(
LENGTH_UNIT()
NAMED_UNIT(*)
SI_UNIT(.MILLI.,.METRE.)
);
#7636=(
LENGTH_UNIT()
NAMED_UNIT(*)
SI_UNIT($,.METRE.)
);
#7637=(
NAMED_UNIT(*)
PLANE_ANGLE_UNIT()
SI_UNIT($,.RADIAN.)
);
#7638=(
NAMED_UNIT(*)
SI_UNIT($,.STERADIAN.)
SOLID_ANGLE_UNIT()
);
#7639=SHAPE_DEFINITION_REPRESENTATION(#7640,#7641);
#7640=PRODUCT_DEFINITION_SHAPE('',$,#7643);
#7641=SHAPE_REPRESENTATION('',(#4138),#7633);
#7642=PRODUCT_DEFINITION_CONTEXT('part definition',#7647,'design');
#7643=PRODUCT_DEFINITION(
'90 Degree Cast Corner for 3030 Extrusion (KJN)',
'90 Degree Cast Corner for 3030 Extrusion (KJN)',#7644,#7642);
#7644=PRODUCT_DEFINITION_FORMATION('',$,#7649);
#7645=PRODUCT_RELATED_PRODUCT_CATEGORY(
'90 Degree Cast Corner for 3030 Extrusion (KJN)',
'90 Degree Cast Corner for 3030 Extrusion (KJN)',(#7649));
#7646=APPLICATION_PROTOCOL_DEFINITION('international standard',
'automotive_design',2009,#7647);
#7647=APPLICATION_CONTEXT(
'Core Data for Automotive Mechanical Design Process');
#7648=PRODUCT_CONTEXT('part definition',#7647,'mechanical');
#7649=PRODUCT('90 Degree Cast Corner for 3030 Extrusion (KJN)',
'90 Degree Cast Corner for 3030 Extrusion (KJN)',$,(#7648));
#7650=PRESENTATION_STYLE_ASSIGNMENT((#7651));
#7651=SURFACE_STYLE_USAGE(.BOTH.,#7652);
#7652=SURFACE_SIDE_STYLE('',(#7653));
#7653=SURFACE_STYLE_FILL_AREA(#7654);
#7654=FILL_AREA_STYLE('Aluminum - Bead Blasted',(#7655));
#7655=FILL_AREA_STYLE_COLOUR('Aluminum - Bead Blasted',#7656);
#7656=COLOUR_RGB('Aluminum - Bead Blasted',0.96078431372549,0.96078431372549,
0.964705882352941);
ENDSEC;
END-ISO-10303-21;
