ISO-10303-21;
HEADER;
FILE_DESCRIPTION (( 'STEP AP214' ),
    '1' );
FILE_NAME ('LineatShaftBracket_SH12.STEP',
    '2017-11-24T10:58:45',
    ( 'Jim' ),
    ( '' ),
    'SwSTEP 2.0',
    'SolidWorks 2017',
    '' );
FILE_SCHEMA (( 'AUTOMOTIVE_DESIGN' ));
ENDSEC;

DATA;
#1 = CYLINDRICAL_SURFACE ( 'NONE', #2048, 0.5000000000000004400 ) ;
#2 = CYLINDRICAL_SURFACE ( 'NONE', #1236, 2.749999999999999100 ) ;
#3 = VECTOR ( 'NONE', #1258, 1000.000000000000000 ) ;
#4 = AXIS2_PLACEMENT_3D ( 'NONE', #845, #860, #851 ) ;
#5 = LINE ( 'NONE', #1254, #3 ) ;
#6 = VECTOR ( 'NONE', #1223, 1000.000000000000000 ) ;
#7 = VERTEX_POINT ( 'NONE', #165 ) ;
#8 = AXIS2_PLACEMENT_3D ( 'NONE', #965, #972, #973 ) ;
#9 = CARTESIAN_POINT ( 'NONE',  ( 10.49999999999999600, -17.49999999999999600, 14.00000000000000000 ) ) ;
#10 = ORIENTED_EDGE ( 'NONE', *, *, #1274, .F. ) ;
#11 = CYLINDRICAL_SURFACE ( 'NONE', #2204, 6.000000000000000900 ) ;
#12 = ORIENTED_EDGE ( 'NONE', *, *, #1279, .F. ) ;
#13 = CIRCLE ( 'NONE', #2327, 3.000000000000000900 ) ;
#14 = ORIENTED_EDGE ( 'NONE', *, *, #669, .F. ) ;
#15 = ORIENTED_EDGE ( 'NONE', *, *, #815, .F. ) ;
#16 = AXIS2_PLACEMENT_3D ( 'NONE', #776, #780, #700 ) ;
#17 = CIRCLE ( 'NONE', #2330, 0.5000000000000000000 ) ;
#18 = ORIENTED_EDGE ( 'NONE', *, *, #585, .F. ) ;
#19 =( NAMED_UNIT ( * ) SI_UNIT ( $, .STERADIAN. ) SOLID_ANGLE_UNIT ( ) );
#20 = AXIS2_PLACEMENT_3D ( 'NONE', #710, #743, #744 ) ;
#21 =( NAMED_UNIT ( * ) PLANE_ANGLE_UNIT ( ) SI_UNIT ( $, .RADIAN. ) );
#22 = LINE ( 'NONE', #1214, #6 ) ;
#23 = AXIS2_PLACEMENT_3D ( 'NONE', #971, #961, #936 ) ;
#24 = AXIS2_PLACEMENT_3D ( 'NONE', #707, #674, #721 ) ;
#25 = FACE_OUTER_BOUND ( 'NONE', #1367, .T. ) ;
#26 = SPHERICAL_SURFACE ( 'NONE', #2104, 0.5000000000000000000 ) ;
#27 = AXIS2_PLACEMENT_3D ( 'NONE', #1611, #1613, #1621 ) ;
#28 = VECTOR ( 'NONE', #1165, 1000.000000000000000 ) ;
#29 = FACE_OUTER_BOUND ( 'NONE', #1432, .T. ) ;
#30 = AXIS2_PLACEMENT_3D ( 'NONE', #826, #829, #832 ) ;
#31 = ORIENTED_EDGE ( 'NONE', *, *, #273, .F. ) ;
#32 = AXIS2_PLACEMENT_3D ( 'NONE', #713, #717, #718 ) ;
#33 = FACE_OUTER_BOUND ( 'NONE', #1025, .T. ) ;
#34 = ORIENTED_EDGE ( 'NONE', *, *, #1311, .F. ) ;
#35 = AXIS2_PLACEMENT_3D ( 'NONE', #648, #668, #671 ) ;
#36 = ORIENTED_EDGE ( 'NONE', *, *, #1175, .T. ) ;
#37 = FACE_OUTER_BOUND ( 'NONE', #908, .T. ) ;
#38 = ORIENTED_EDGE ( 'NONE', *, *, #517, .F. ) ;
#39 = ORIENTED_EDGE ( 'NONE', *, *, #513, .T. ) ;
#40 = ORIENTED_EDGE ( 'NONE', *, *, #1324, .F. ) ;
#41 = AXIS2_PLACEMENT_3D ( 'NONE', #683, #684, #686 ) ;
#42 = VECTOR ( 'NONE', #1135, 1000.000000000000000 ) ;
#43 = LINE ( 'NONE', #1321, #28 ) ;
#44 = AXIS2_PLACEMENT_3D ( 'NONE', #624, #606, #619 ) ;
#45 = VECTOR ( 'NONE', #1120, 1000.000000000000000 ) ;
#46 = AXIS2_PLACEMENT_3D ( 'NONE', #1628, #1631, #1635 ) ;
#47 = AXIS2_PLACEMENT_3D ( 'NONE', #640, #642, #644 ) ;
#48 = LINE ( 'NONE', #1150, #42 ) ;
#49 = ORIENTED_EDGE ( 'NONE', *, *, #273, .T. ) ;
#50 = AXIS2_PLACEMENT_3D ( 'NONE', #1272, #1278, #1281 ) ;
#51 = ORIENTED_EDGE ( 'NONE', *, *, #284, .F. ) ;
#52 = ORIENTED_EDGE ( 'NONE', *, *, #802, .F. ) ;
#53 = VERTEX_POINT ( 'NONE', #163 ) ;
#54 = TOROIDAL_SURFACE ( 'NONE', #2210, 1.000000000000000000, 0.5000000000000000000 ) ;
#55 = AXIS2_PLACEMENT_3D ( 'NONE', #610, #613, #616 ) ;
#56 = CIRCLE ( 'NONE', #2332, 0.5000000000000000000 ) ;
#57 = ORIENTED_EDGE ( 'NONE', *, *, #1118, .F. ) ;
#58 = LINE ( 'NONE', #1146, #91 ) ;
#59 = SURFACE_SIDE_STYLE ('',( #643 ) ) ;
#60 = FACE_OUTER_BOUND ( 'NONE', #1402, .T. ) ;
#61 = CIRCLE ( 'NONE', #2130, 0.9999999999999991100 ) ;
#62 = AXIS2_PLACEMENT_3D ( 'NONE', #587, #590, #594 ) ;
#63 = FILL_AREA_STYLE ('',( #70 ) ) ;
#64 = CYLINDRICAL_SURFACE ( 'NONE', #2170, 0.5000000000000004400 ) ;
#65 = LINE ( 'NONE', #1122, #45 ) ;
#66 = AXIS2_PLACEMENT_3D ( 'NONE', #2300, #2302, #2304 ) ;
#67 = AXIS2_PLACEMENT_3D ( 'NONE', #576, #579, #580 ) ;
#68 = FACE_OUTER_BOUND ( 'NONE', #1280, .T. ) ;
#69 = VECTOR ( 'NONE', #1072, 1000.000000000000000 ) ;
#70 = FILL_AREA_STYLE_COLOUR ( '', #1385 ) ;
#71 = VERTEX_POINT ( 'NONE', #150 ) ;
#72 = CIRCLE ( 'NONE', #254, 6.500000000000000900 ) ;
#73 = AXIS2_PLACEMENT_3D ( 'NONE', #525, #510, #527 ) ;
#74 = AXIS2_PLACEMENT_3D ( 'NONE', #555, #556, #559 ) ;
#75 = ORIENTED_EDGE ( 'NONE', *, *, #495, .F. ) ;
#76 = CIRCLE ( 'NONE', #112, 0.5000000000000004400 ) ;
#77 = ORIENTED_EDGE ( 'NONE', *, *, #265, .F. ) ;
#78 = CYLINDRICAL_SURFACE ( 'NONE', #2214, 2.749999999999999100 ) ;
#79 = AXIS2_PLACEMENT_3D ( 'NONE', #1834, #2377, #1794 ) ;
#80 = ORIENTED_EDGE ( 'NONE', *, *, #992, .F. ) ;
#81 = AXIS2_PLACEMENT_3D ( 'NONE', #483, #485, #487 ) ;
#82 = CIRCLE ( 'NONE', #2334, 0.5000000000000004400 ) ;
#83 = ORIENTED_EDGE ( 'NONE', *, *, #682, .F. ) ;
#84 = AXIS2_PLACEMENT_3D ( 'NONE', #1821, #1826, #1829 ) ;
#85 = VECTOR ( 'NONE', #1061, 1000.000000000000000 ) ;
#86 = LINE ( 'NONE', #1070, #69 ) ;
#87 = AXIS2_PLACEMENT_3D ( 'NONE', #605, #774, #833 ) ;
#88 = AXIS2_PLACEMENT_3D ( 'NONE', #1841, #1849, #1851 ) ;
#89 = SHAPE_DEFINITION_REPRESENTATION ( #1514, #2320 ) ;
#90 = AXIS2_PLACEMENT_3D ( 'NONE', #2069, #2003, #1909 ) ;
#91 = VECTOR ( 'NONE', #1148, 1000.000000000000000 ) ;
#92 = AXIS2_PLACEMENT_3D ( 'NONE', #1668, #1674, #1676 ) ;
#93 = LINE ( 'NONE', #1050, #114 ) ;
#94 = AXIS2_PLACEMENT_3D ( 'NONE', #1242, #1544, #1548 ) ;
#95 = LINE ( 'NONE', #1052, #85 ) ;
#96 = FACE_BOUND ( 'NONE', #733, .T. ) ;
#97 = CARTESIAN_POINT ( 'NONE',  ( 9.499999999999996400, -16.49999999999999600, 0.5000000000000000000 ) ) ;
#98 = AXIS2_PLACEMENT_3D ( 'NONE', #1100, #1108, #1027 ) ;
#99 = ORIENTED_EDGE ( 'NONE', *, *, #788, .T. ) ;
#100 = ORIENTED_EDGE ( 'NONE', *, *, #1305, .F. ) ;
#101 = AXIS2_PLACEMENT_3D ( 'NONE', #1610, #1755, #1756 ) ;
#102 = AXIS2_PLACEMENT_3D ( 'NONE', #849, #993, #872 ) ;
#103 = CIRCLE ( 'NONE', #2345, 0.5000000000000004400 ) ;
#104 = VERTEX_POINT ( 'NONE', #145 ) ;
#105 = TOROIDAL_SURFACE ( 'NONE', #2219, 1.000000000000000000, 0.5000000000000000000 ) ;
#106 = ORIENTED_EDGE ( 'NONE', *, *, #1144, .F. ) ;
#107 = AXIS2_PLACEMENT_3D ( 'NONE', #1394, #1410, #1397 ) ;
#108 = VECTOR ( 'NONE', #997, 1000.000000000000000 ) ;
#109 = AXIS2_PLACEMENT_3D ( 'NONE', #1645, #1625, #1618 ) ;
#110 = FACE_OUTER_BOUND ( 'NONE', #1679, .T. ) ;
#111 = CYLINDRICAL_SURFACE ( 'NONE', #2173, 0.5000000000000004400 ) ;
#112 = AXIS2_PLACEMENT_3D ( 'NONE', #2369, #1528, #1534 ) ;
#113 = AXIS2_PLACEMENT_3D ( 'NONE', #1971, #1483, #2004 ) ;
#114 = VECTOR ( 'NONE', #1034, 1000.000000000000000 ) ;
#115 = AXIS2_PLACEMENT_3D ( 'NONE', #1503, #1507, #1510 ) ;
#116 = CYLINDRICAL_SURFACE ( 'NONE', #1506, 0.5000000000000004400 ) ;
#117 = CARTESIAN_POINT ( 'NONE',  ( -9.500000000000000000, 14.00000000000000200, 0.0000000000000000000 ) ) ;
#118 = LINE ( 'NONE', #1009, #108 ) ;
#119 = VERTEX_POINT ( 'NONE', #158 ) ;
#120 = FACE_OUTER_BOUND ( 'NONE', #1648, .T. ) ;
#121 = AXIS2_PLACEMENT_3D ( 'NONE', #864, #890, #894 ) ;
#122 = ORIENTED_EDGE ( 'NONE', *, *, #484, .T. ) ;
#123 = AXIS2_PLACEMENT_3D ( 'NONE', #1393, #1386, #1401 ) ;
#124 = CIRCLE ( 'NONE', #79, 0.5000000000000000000 ) ;
#125 = ORIENTED_EDGE ( 'NONE', *, *, #447, .T. ) ;
#126 = CYLINDRICAL_SURFACE ( 'NONE', #2217, 0.5000000000000000000 ) ;
#127 = ORIENTED_EDGE ( 'NONE', *, *, #653, .F. ) ;
#128 = DIRECTION ( 'NONE',  ( -0.0000000000000000000, 1.000000000000000000, -0.0000000000000000000 ) ) ;
#129 = LINE ( 'NONE', #1235, #2331 ) ;
#130 = ORIENTED_EDGE ( 'NONE', *, *, #451, .T. ) ;
#131 = DIRECTION ( 'NONE',  ( 0.0000000000000000000, 0.0000000000000000000, -1.000000000000000000 ) ) ;
#132 = AXIS2_PLACEMENT_3D ( 'NONE', #1429, #1431, #1434 ) ;
#133 = ORIENTED_EDGE ( 'NONE', *, *, #364, .T. ) ;
#134 = DIRECTION ( 'NONE',  ( 0.0000000000000000000, -1.000000000000000000, 0.0000000000000000000 ) ) ;
#135 = AXIS2_PLACEMENT_3D ( 'NONE', #1995, #1460, #1463 ) ;
#136 = LINE ( 'NONE', #1002, #146 ) ;
#137 = VECTOR ( 'NONE', #988, 1000.000000000000000 ) ;
#138 = CIRCLE ( 'NONE', #473, 2.749999999999999100 ) ;
#139 = AXIS2_PLACEMENT_3D ( 'NONE', #1404, #1407, #1409 ) ;
#140 = VECTOR ( 'NONE', #955, 1000.000000000000000 ) ;
#141 = LINE ( 'NONE', #984, #137 ) ;
#142 = AXIS2_PLACEMENT_3D ( 'NONE', #2027, #2025, #2021 ) ;
#143 = VECTOR ( 'NONE', #949, 1000.000000000000000 ) ;
#144 = AXIS2_PLACEMENT_3D ( 'NONE', #442, #439, #435 ) ;
#145 = CARTESIAN_POINT ( 'NONE',  ( 1.500000000000000700, 6.324555320336759900, 14.00000000000000000 ) ) ;
#146 = VECTOR ( 'NONE', #1005, 1000.000000000000000 ) ;
#147 = CARTESIAN_POINT ( 'NONE',  ( 21.00099999999999800, 12.50000000000000700, 7.000000000000000000 ) ) ;
#148 = ORIENTED_EDGE ( 'NONE', *, *, #547, .F. ) ;
#149 = ORIENTED_EDGE ( 'NONE', *, *, #592, .T. ) ;
#150 = CARTESIAN_POINT ( 'NONE',  ( -20.50000000000000000, -23.00000000000000000, 14.00000000000000000 ) ) ;
#151 = AXIS2_PLACEMENT_3D ( 'NONE', #1931, #1923, #1911 ) ;
#152 = ORIENTED_EDGE ( 'NONE', *, *, #402, .T. ) ;
#153 = FACE_OUTER_BOUND ( 'NONE', #1470, .T. ) ;
#154 = AXIS2_PLACEMENT_3D ( 'NONE', #1133, #396, #415 ) ;
#155 = ORIENTED_EDGE ( 'NONE', *, *, #687, .T. ) ;
#156 = CARTESIAN_POINT ( 'NONE',  ( 9.500000000000000000, 14.00000000000000200, 0.5000000000000004400 ) ) ;
#157 = DIRECTION ( 'NONE',  ( 0.0000000000000000000, 1.000000000000000000, 0.0000000000000000000 ) ) ;
#158 = CARTESIAN_POINT ( 'NONE',  ( -10.00000000000000000, 14.00000000000000200, 0.5000000000000004400 ) ) ;
#159 = FACE_OUTER_BOUND ( 'NONE', #1071, .T. ) ;
#160 = ORIENTED_EDGE ( 'NONE', *, *, #876, .T. ) ;
#161 = ORIENTED_EDGE ( 'NONE', *, *, #508, .F. ) ;
#162 = AXIS2_PLACEMENT_3D ( 'NONE', #426, #421, #429 ) ;
#163 = CARTESIAN_POINT ( 'NONE',  ( 1.384615384615385200, 5.838051064926240500, 0.5000000000000004400 ) ) ;
#164 = ORIENTED_EDGE ( 'NONE', *, *, #954, .F. ) ;
#165 = CARTESIAN_POINT ( 'NONE',  ( -9.999999999999996400, -16.49999999999999600, 0.5000000000000004400 ) ) ;
#166 = CARTESIAN_POINT ( 'NONE',  ( 1.500000000000001300, 13.99999999999999600, 13.50000000000000000 ) ) ;
#167 = AXIS2_PLACEMENT_3D ( 'NONE', #403, #404, #408 ) ;
#168 = DIRECTION ( 'NONE',  ( 1.000000000000000000, 0.0000000000000000000, 0.0000000000000000000 ) ) ;
#169 = LINE ( 'NONE', #977, #140 ) ;
#170 = AXIS2_PLACEMENT_3D ( 'NONE', #1142, #391, #394 ) ;
#171 = CARTESIAN_POINT ( 'NONE',  ( 20.50000000000000000, -17.50000000000000000, 0.0000000000000000000 ) ) ;
#172 = VECTOR ( 'NONE', #953, 1000.000000000000000 ) ;
#173 = FACE_OUTER_BOUND ( 'NONE', #882, .T. ) ;
#174 = LINE ( 'NONE', #964, #143 ) ;
#175 = VECTOR ( 'NONE', #944, 1000.000000000000000 ) ;
#176 = DIRECTION ( 'NONE',  ( 0.0000000000000000000, -1.000000000000000000, -0.0000000000000000000 ) ) ;
#177 = DIRECTION ( 'NONE',  ( 0.0000000000000000000, -1.000000000000000000, 0.0000000000000000000 ) ) ;
#178 = AXIS2_PLACEMENT_3D ( 'NONE', #382, #384, #387 ) ;
#179 = LINE ( 'NONE', #945, #172 ) ;
#180 = CARTESIAN_POINT ( 'NONE',  ( -21.00000000000000000, -17.00000000000000000, 0.5000000000000004400 ) ) ;
#181 = AXIS2_PLACEMENT_3D ( 'NONE', #367, #369, #371 ) ;
#182 = VECTOR ( 'NONE', #925, 1000.000000000000000 ) ;
#183 = ORIENTED_EDGE ( 'NONE', *, *, #604, .T. ) ;
#184 = CIRCLE ( 'NONE', #8, 3.000000000000000900 ) ;
#185 = AXIS2_PLACEMENT_3D ( 'NONE', #336, #325, #349 ) ;
#186 = DIRECTION ( 'NONE',  ( -1.000000000000000000, -1.101411730778925400E-016, -0.0000000000000000000 ) ) ;
#187 = ORIENTED_EDGE ( 'NONE', *, *, #657, .T. ) ;
#188 = CARTESIAN_POINT ( 'NONE',  ( 8.000000000000000000, 10.50000000000000400, 7.000000000000000000 ) ) ;
#189 = ORIENTED_EDGE ( 'NONE', *, *, #703, .F. ) ;
#190 = SPHERICAL_SURFACE ( 'NONE', #90, 0.5000000000000000000 ) ;
#191 = CIRCLE ( 'NONE', #2340, 0.5000000000000000000 ) ;
#192 = ORIENTED_EDGE ( 'NONE', *, *, #963, .F. ) ;
#193 = FACE_OUTER_BOUND ( 'NONE', #1650, .T. ) ;
#194 = DIRECTION ( 'NONE',  ( -1.000000000000000000, 1.101411730778925300E-016, -0.0000000000000000000 ) ) ;
#195 = ORIENTED_EDGE ( 'NONE', *, *, #1218, .T. ) ;
#196 = DIRECTION ( 'NONE',  ( 0.0000000000000000000, 1.000000000000000000, 0.0000000000000000000 ) ) ;
#197 = ORIENTED_EDGE ( 'NONE', *, *, #887, .T. ) ;
#198 = AXIS2_PLACEMENT_3D ( 'NONE', #356, #359, #360 ) ;
#199 = DIRECTION ( 'NONE',  ( 0.0000000000000000000, 0.0000000000000000000, 1.000000000000000000 ) ) ;
#200 = AXIS2_PLACEMENT_3D ( 'NONE', #338, #343, #346 ) ;
#201 = VECTOR ( 'NONE', #902, 1000.000000000000000 ) ;
#202 = LINE ( 'NONE', #931, #182 ) ;
#203 = CARTESIAN_POINT ( 'NONE',  ( 1.500000000000000700, 6.324555320336759900, 1.626303258728256700E-016 ) ) ;
#204 = AXIS2_PLACEMENT_3D ( 'NONE', #1887, #1890, #1892 ) ;
#205 = CYLINDRICAL_SURFACE ( 'NONE', #121, 0.5000000000000000000 ) ;
#206 = LINE ( 'NONE', #935, #175 ) ;
#207 = AXIS2_PLACEMENT_3D ( 'NONE', #330, #332, #334 ) ;
#208 = FACE_OUTER_BOUND ( 'NONE', #1166, .T. ) ;
#209 = AXIS2_PLACEMENT_3D ( 'NONE', #255, #241, #256 ) ;
#210 = CARTESIAN_POINT ( 'NONE',  ( -1.500000000000000700, 6.324555320336759900, 13.50000000000000000 ) ) ;
#211 = ORIENTED_EDGE ( 'NONE', *, *, #1238, .T. ) ;
#212 = AXIS2_PLACEMENT_3D ( 'NONE', #300, #305, #310 ) ;
#213 = CARTESIAN_POINT ( 'NONE',  ( -9.500000000000000000, 14.50000000000000200, 13.50000000000000000 ) ) ;
#214 = DIRECTION ( 'NONE',  ( -0.9730085108210399000, -0.2307692307692308400, 0.0000000000000000000 ) ) ;
#215 = ORIENTED_EDGE ( 'NONE', *, *, #617, .F. ) ;
#216 = DIRECTION ( 'NONE',  ( 0.2307692307692311400, -0.9730085108210396700, 0.0000000000000000000 ) ) ;
#217 = CARTESIAN_POINT ( 'NONE',  ( -13.25000000000000000, -23.00000000000002100, 7.000000000000000000 ) ) ;
#218 = FACE_BOUND ( 'NONE', #1065, .T. ) ;
#219 = DIRECTION ( 'NONE',  ( -1.000000000000000000, -1.101411730778925300E-016, -0.0000000000000000000 ) ) ;
#220 = ORIENTED_EDGE ( 'NONE', *, *, #636, .T. ) ;
#221 = AXIS2_PLACEMENT_3D ( 'NONE', #318, #321, #322 ) ;
#222 = LINE ( 'NONE', #912, #263 ) ;
#223 = ADVANCED_FACE ( 'NONE', ( #1129 ), #1125, .T. ) ;
#224 = AXIS2_PLACEMENT_3D ( 'NONE', #259, #261, #262 ) ;
#225 = CARTESIAN_POINT ( 'NONE',  ( -1.000000000000000900, 10.50000000000000500, 7.000000000000000000 ) ) ;
#226 = DIRECTION ( 'NONE',  ( -1.000000000000000000, -1.263061800540599500E-016, 0.0000000000000000000 ) ) ;
#227 = VECTOR ( 'NONE', #892, 1000.000000000000000 ) ;
#228 = DIRECTION ( 'NONE',  ( 1.084202172485504400E-016, -1.000000000000000000, 0.0000000000000000000 ) ) ;
#229 = LINE ( 'NONE', #905, #201 ) ;
#230 = AXIS2_PLACEMENT_3D ( 'NONE', #244, #250, #253 ) ;
#231 = CYLINDRICAL_SURFACE ( 'NONE', #4, 0.5000000000000000000 ) ;
#232 = LINE ( 'NONE', #855, #227 ) ;
#233 = CARTESIAN_POINT ( 'NONE',  ( 8.000000000000000000, 10.50000000000000400, 7.000000000000000000 ) ) ;
#234 = VECTOR ( 'NONE', #885, 1000.000000000000000 ) ;
#235 = AXIS2_PLACEMENT_3D ( 'NONE', #2054, #2042, #2040 ) ;
#236 = AXIS2_PLACEMENT_3D ( 'NONE', #233, #237, #239 ) ;
#237 = DIRECTION ( 'NONE',  ( -1.000000000000000000, 1.101411730778925300E-016, -0.0000000000000000000 ) ) ;
#238 = LINE ( 'NONE', #874, #234 ) ;
#239 = DIRECTION ( 'NONE',  ( 0.0000000000000000000, 1.000000000000000000, 0.0000000000000000000 ) ) ;
#240 = AXIS2_PLACEMENT_3D ( 'NONE', #225, #226, #228 ) ;
#241 = DIRECTION ( 'NONE',  ( -1.101411730778925300E-016, 1.000000000000000000, 0.0000000000000000000 ) ) ;
#242 = ORIENTED_EDGE ( 'NONE', *, *, #1221, .T. ) ;
#243 = ORIENTED_EDGE ( 'NONE', *, *, #402, .F. ) ;
#244 = CARTESIAN_POINT ( 'NONE',  ( 1.000000000000000900, 10.50000000000000500, 7.000000000000000000 ) ) ;
#245 = CIRCLE ( 'NONE', #2353, 0.5000000000000000000 ) ;
#246 = ORIENTED_EDGE ( 'NONE', *, *, #1270, .T. ) ;
#247 = CYLINDRICAL_SURFACE ( 'NONE', #2227, 0.5000000000000000000 ) ;
#248 = AXIS2_PLACEMENT_3D ( 'NONE', #210, #214, #216 ) ;
#249 = ORIENTED_EDGE ( 'NONE', *, *, #1305, .T. ) ;
#250 = DIRECTION ( 'NONE',  ( -1.000000000000000000, 1.263061800540599500E-016, -0.0000000000000000000 ) ) ;
#251 = CIRCLE ( 'NONE', #2355, 0.5000000000000000000 ) ;
#252 = VERTEX_POINT ( 'NONE', #171 ) ;
#253 = DIRECTION ( 'NONE',  ( 1.084202172485504400E-016, 1.000000000000000000, 0.0000000000000000000 ) ) ;
#254 = AXIS2_PLACEMENT_3D ( 'NONE', #1092, #1105, #1109 ) ;
#255 = CARTESIAN_POINT ( 'NONE',  ( -9.499999999999998200, -1.046341144239978800E-015, 13.50000000000000000 ) ) ;
#256 = DIRECTION ( 'NONE',  ( -1.000000000000000000, -1.101411730778924100E-016, 0.0000000000000000000 ) ) ;
#257 = AXIS2_PLACEMENT_3D ( 'NONE', #166, #157, #168 ) ;
#258 = VECTOR ( 'NONE', #840, 1000.000000000000000 ) ;
#259 = CARTESIAN_POINT ( 'NONE',  ( -8.000000000000000000, 10.50000000000000400, 7.000000000000000000 ) ) ;
#260 = AXIS2_PLACEMENT_3D ( 'NONE', #188, #194, #196 ) ;
#261 = DIRECTION ( 'NONE',  ( -1.000000000000000000, -1.101411730778925300E-016, 0.0000000000000000000 ) ) ;
#262 = DIRECTION ( 'NONE',  ( 0.0000000000000000000, -1.000000000000000000, 0.0000000000000000000 ) ) ;
#263 = VECTOR ( 'NONE', #917, 1000.000000000000000 ) ;
#264 = CARTESIAN_POINT ( 'NONE',  ( -8.000000000000000000, 13.50000000000000500, 7.000000000000000000 ) ) ;
#265 = EDGE_CURVE ( 'NONE', #2046, #1981, #1116, .T. ) ;
#266 = FACE_OUTER_BOUND ( 'NONE', #1533, .T. ) ;
#267 = DIRECTION ( 'NONE',  ( -0.0000000000000000000, -0.0000000000000000000, -1.000000000000000000 ) ) ;
#268 = VECTOR ( 'NONE', #823, 1000.000000000000000 ) ;
#269 = CIRCLE ( 'NONE', #23, 6.000000000000000900 ) ;
#270 = CARTESIAN_POINT ( 'NONE',  ( -8.000000000000000000, 10.50000000000000400, 7.000000000000000000 ) ) ;
#271 = ORIENTED_EDGE ( 'NONE', *, *, #328, .T. ) ;
#272 = LINE ( 'NONE', #821, #258 ) ;
#273 = EDGE_CURVE ( 'NONE', #2291, #1550, #1119, .T. ) ;
#274 = CARTESIAN_POINT ( 'NONE',  ( -21.00000000000000000, -23.00000000000000000, 14.00000000000000000 ) ) ;
#275 = ORIENTED_EDGE ( 'NONE', *, *, #461, .T. ) ;
#276 = EDGE_CURVE ( 'NONE', #2000, #1959, #1114, .T. ) ;
#277 = ORIENTED_EDGE ( 'NONE', *, *, #538, .T. ) ;
#278 = CARTESIAN_POINT ( 'NONE',  ( 8.000000000000000000, 13.50000000000000500, 7.000000000000000000 ) ) ;
#279 = ORIENTED_EDGE ( 'NONE', *, *, #1232, .F. ) ;
#280 = EDGE_CURVE ( 'NONE', #2344, #1488, #1088, .T. ) ;
#281 = ORIENTED_EDGE ( 'NONE', *, *, #324, .F. ) ;
#282 = PRESENTATION_LAYER_ASSIGNMENT (  '', '', ( #1364 ) ) ;
#283 = VECTOR ( 'NONE', #814, 1000.000000000000000 ) ;
#284 = EDGE_CURVE ( 'NONE', #2291, #2022, #1084, .T. ) ;
#285 = CARTESIAN_POINT ( 'NONE',  ( -20.50000000000000000, -17.00000000000000000, 0.5000000000000004400 ) ) ;
#286 = CIRCLE ( 'NONE', #30, 6.000000000000000900 ) ;
#287 = EDGE_CURVE ( 'NONE', #1981, #2046, #1082, .T. ) ;
#288 = VECTOR ( 'NONE', #800, 1000.000000000000000 ) ;
#289 = DIRECTION ( 'NONE',  ( 1.000000000000000000, -1.101411730778925300E-016, -0.0000000000000000000 ) ) ;
#290 = LINE ( 'NONE', #803, #283 ) ;
#291 = EDGE_CURVE ( 'NONE', #2029, #2155, #1080, .T. ) ;
#292 = CYLINDRICAL_SURFACE ( 'NONE', #16, 0.5000000000000004400 ) ;
#293 = AXIS2_PLACEMENT_3D ( 'NONE', #1026, #1234, #1357 ) ;
#294 = EDGE_CURVE ( 'NONE', #2006, #1550, #1124, .T. ) ;
#295 = LINE ( 'NONE', #775, #288 ) ;
#296 = ADVANCED_FACE ( 'NONE', ( #1075 ), #1048, .T. ) ;
#297 = ORIENTED_EDGE ( 'NONE', *, *, #1221, .F. ) ;
#298 = CARTESIAN_POINT ( 'NONE',  ( -20.50000000000000000, -17.50000000000000000, 0.0000000000000000000 ) ) ;
#299 = EDGE_CURVE ( 'NONE', #2298, #1493, #1051, .T. ) ;
#300 = CARTESIAN_POINT ( 'NONE',  ( -15.99999999999999600, -23.00000000000002100, 7.000000000000000000 ) ) ;
#301 = ORIENTED_EDGE ( 'NONE', *, *, #373, .T. ) ;
#302 = ORIENTED_EDGE ( 'NONE', *, *, #1211, .F. ) ;
#303 = AXIS2_PLACEMENT_3D ( 'NONE', #796, #1001, #880 ) ;
#304 = DIRECTION ( 'NONE',  ( 1.000000000000000000, 1.101411730778925300E-016, -0.0000000000000000000 ) ) ;
#305 = DIRECTION ( 'NONE',  ( 3.154042683594193600E-016, -1.000000000000000000, -0.0000000000000000000 ) ) ;
#306 = EDGE_CURVE ( 'NONE', #2055, #1959, #1054, .T. ) ;
#307 = CIRCLE ( 'NONE', #2361, 0.5000000000000000000 ) ;
#308 = CYLINDRICAL_SURFACE ( 'NONE', #2229, 0.5000000000000004400 ) ;
#309 = ORIENTED_EDGE ( 'NONE', *, *, #966, .F. ) ;
#310 = DIRECTION ( 'NONE',  ( 1.000000000000000000, 0.0000000000000000000, 0.0000000000000000000 ) ) ;
#311 = AXIS2_PLACEMENT_3D ( 'NONE', #1680, #1819, #1875 ) ;
#312 = VERTEX_POINT ( 'NONE', #285 ) ;
#313 = EDGE_CURVE ( 'NONE', #2257, #2129, #1014, .T. ) ;
#314 = CARTESIAN_POINT ( 'NONE',  ( 0.0000000000000000000, 0.0000000000000000000, 0.0000000000000000000 ) ) ;
#315 = VECTOR ( 'NONE', #795, 1000.000000000000000 ) ;
#316 = AXIS2_PLACEMENT_3D ( 'NONE', #575, #2370, #2187 ) ;
#317 = CARTESIAN_POINT ( 'NONE',  ( 21.00000000000000000, -23.00000000000000000, 0.5000000000000004400 ) ) ;
#318 = CARTESIAN_POINT ( 'NONE',  ( -10.00000000000000000, 10.50000000000000400, 7.000000000000000000 ) ) ;
#319 = EDGE_CURVE ( 'NONE', #2338, #2299, #1040, .T. ) ;
#320 = LINE ( 'NONE', #789, #315 ) ;
#321 = DIRECTION ( 'NONE',  ( 1.000000000000000000, 1.101411730778925300E-016, -0.0000000000000000000 ) ) ;
#322 = DIRECTION ( 'NONE',  ( 0.0000000000000000000, 1.000000000000000000, 0.0000000000000000000 ) ) ;
#323 = AXIS2_PLACEMENT_3D ( 'NONE', #2207, #2116, #2335 ) ;
#324 = EDGE_CURVE ( 'NONE', #1261, #1493, #1046, .T. ) ;
#325 = DIRECTION ( 'NONE',  ( 0.0000000000000000000, 0.0000000000000000000, 1.000000000000000000 ) ) ;
#326 = VECTOR ( 'NONE', #754, 1000.000000000000000 ) ;
#327 = AXIS2_PLACEMENT_3D ( 'NONE', #1430, #1406, #1522 ) ;
#328 = EDGE_CURVE ( 'NONE', #2232, #444, #1007, .T. ) ;
#329 = LINE ( 'NONE', #818, #268 ) ;
#330 = CARTESIAN_POINT ( 'NONE',  ( 0.0000000000000000000, 0.0000000000000000000, 0.5000000000000004400 ) ) ;
#331 = AXIS2_PLACEMENT_3D ( 'NONE', #2034, #2037, #2041 ) ;
#332 = DIRECTION ( 'NONE',  ( -0.0000000000000000000, -0.0000000000000000000, -1.000000000000000000 ) ) ;
#333 = ORIENTED_EDGE ( 'NONE', *, *, #676, .F. ) ;
#334 = DIRECTION ( 'NONE',  ( 1.000000000000000000, 0.0000000000000000000, 0.0000000000000000000 ) ) ;
#335 = ORIENTED_EDGE ( 'NONE', *, *, #1060, .T. ) ;
#336 = CARTESIAN_POINT ( 'NONE',  ( -1.500000000000000400, 6.324555320336759900, 0.5000000000000004400 ) ) ;
#337 = EDGE_CURVE ( 'NONE', #2280, #2252, #1056, .T. ) ;
#338 = CARTESIAN_POINT ( 'NONE',  ( 0.0000000000000000000, 0.0000000000000000000, 0.0000000000000000000 ) ) ;
#339 = ORIENTED_EDGE ( 'NONE', *, *, #907, .F. ) ;
#340 = FACE_OUTER_BOUND ( 'NONE', #1552, .T. ) ;
#341 = ORIENTED_EDGE ( 'NONE', *, *, #703, .T. ) ;
#342 = ADVANCED_FACE ( 'NONE', ( #979 ), #1000, .T. ) ;
#343 = DIRECTION ( 'NONE',  ( 0.0000000000000000000, 0.0000000000000000000, 1.000000000000000000 ) ) ;
#344 = CIRCLE ( 'NONE', #2368, 0.5000000000000004400 ) ;
#345 = ORIENTED_EDGE ( 'NONE', *, *, #1243, .F. ) ;
#346 = DIRECTION ( 'NONE',  ( 1.000000000000000000, 0.0000000000000000000, 0.0000000000000000000 ) ) ;
#347 = EDGE_CURVE ( 'NONE', #2232, #2252, #974, .T. ) ;
#348 = EDGE_LOOP ( 'NONE', ( #1664, #164, #841, #801 ) ) ;
#349 = DIRECTION ( 'NONE',  ( 0.0000000000000000000, -1.000000000000000000, 0.0000000000000000000 ) ) ;
#350 = EDGE_CURVE ( 'NONE', #2272, #2236, #995, .T. ) ;
#351 = VECTOR ( 'NONE', #747, 1000.000000000000000 ) ;
#352 = FACE_OUTER_BOUND ( 'NONE', #1575, .T. ) ;
#353 = CARTESIAN_POINT ( 'NONE',  ( -9.500000000000000000, 14.50000000000000200, 0.5000000000000004400 ) ) ;
#354 = CYLINDRICAL_SURFACE ( 'NONE', #20, 0.5000000000000000000 ) ;
#355 = EDGE_CURVE ( 'NONE', #2272, #2280, #969, .T. ) ;
#356 = CARTESIAN_POINT ( 'NONE',  ( 6.500000000000000900, 0.0000000000000000000, 0.5000000000000004400 ) ) ;
#357 = FACE_BOUND ( 'NONE', #2286, .T. ) ;
#358 = LINE ( 'NONE', #2139, #326 ) ;
#359 = DIRECTION ( 'NONE',  ( 0.0000000000000000000, -1.000000000000000000, 0.0000000000000000000 ) ) ;
#360 = DIRECTION ( 'NONE',  ( 0.0000000000000000000, 0.0000000000000000000, -1.000000000000000000 ) ) ;
#361 = FACE_OUTER_BOUND ( 'NONE', #1465, .T. ) ;
#362 = EDGE_CURVE ( 'NONE', #444, #2280, #940, .T. ) ;
#363 = LINE ( 'NONE', #758, #399 ) ;
#364 = EDGE_CURVE ( 'NONE', #444, #2236, #932, .T. ) ;
#365 = VECTOR ( 'NONE', #693, 1000.000000000000000 ) ;
#366 = ORIENTED_EDGE ( 'NONE', *, *, #445, .F. ) ;
#367 = CARTESIAN_POINT ( 'NONE',  ( -1.500000000000000700, 6.324555320336759900, 0.5000000000000004400 ) ) ;
#368 = ADVANCED_FACE ( 'NONE', ( #929 ), #928, .T. ) ;
#369 = DIRECTION ( 'NONE',  ( -0.9730085108210399000, -0.2307692307692308400, 0.0000000000000000000 ) ) ;
#370 = ORIENTED_EDGE ( 'NONE', *, *, #1238, .F. ) ;
#371 = DIRECTION ( 'NONE',  ( 0.2307692307692311400, -0.9730085108210396700, 0.0000000000000000000 ) ) ;
#372 = ORIENTED_EDGE ( 'NONE', *, *, #922, .T. ) ;
#373 = EDGE_CURVE ( 'NONE', #2316, #2191, #962, .T. ) ;
#374 = ORIENTED_EDGE ( 'NONE', *, *, #414, .T. ) ;
#375 = CIRCLE ( 'NONE', #2349, 0.5000000000000004400 ) ;
#376 = ORIENTED_EDGE ( 'NONE', *, *, #883, .T. ) ;
#377 = FACE_OUTER_BOUND ( 'NONE', #1196, .T. ) ;
#378 = ORIENTED_EDGE ( 'NONE', *, *, #524, .F. ) ;
#379 = EDGE_CURVE ( 'NONE', #1224, #2191, #903, .T. ) ;
#380 = CIRCLE ( 'NONE', #2365, 0.5000000000000004400 ) ;
#381 = ORIENTED_EDGE ( 'NONE', *, *, #1012, .F. ) ;
#382 = CARTESIAN_POINT ( 'NONE',  ( 0.0000000000000000000, 0.0000000000000000000, 0.0000000000000000000 ) ) ;
#383 = EDGE_CURVE ( 'NONE', #1224, #2111, #900, .T. ) ;
#384 = DIRECTION ( 'NONE',  ( 0.0000000000000000000, 0.0000000000000000000, 1.000000000000000000 ) ) ;
#385 = EDGE_CURVE ( 'NONE', #2205, #2129, #895, .T. ) ;
#386 = ADVANCED_FACE ( 'NONE', ( #909 ), #863, .T. ) ;
#387 = DIRECTION ( 'NONE',  ( 1.000000000000000000, 0.0000000000000000000, 0.0000000000000000000 ) ) ;
#388 = LINE ( 'NONE', #751, #351 ) ;
#389 = AXIS2_PLACEMENT_3D ( 'NONE', #1808, #1813, #1816 ) ;
#390 = FACE_OUTER_BOUND ( 'NONE', #770, .T. ) ;
#391 = DIRECTION ( 'NONE',  ( 1.224646799147353200E-016, 1.000000000000000000, -0.0000000000000000000 ) ) ;
#392 = VECTOR ( 'NONE', #739, 1000.000000000000000 ) ;
#393 = LINE ( 'NONE', #735, #392 ) ;
#394 = DIRECTION ( 'NONE',  ( -1.000000000000000000, 1.224646799147351500E-016, 0.0000000000000000000 ) ) ;
#395 = EDGE_CURVE ( 'NONE', #1260, #2298, #866, .T. ) ;
#396 = DIRECTION ( 'NONE',  ( 0.0000000000000000000, 0.0000000000000000000, 1.000000000000000000 ) ) ;
#397 = DIRECTION ( 'NONE',  ( 0.0000000000000000000, 1.000000000000000000, 0.0000000000000000000 ) ) ;
#398 = EDGE_CURVE ( 'NONE', #2299, #1626, #888, .T. ) ;
#399 = VECTOR ( 'NONE', #766, 1000.000000000000000 ) ;
#400 = ORIENTED_EDGE ( 'NONE', *, *, #463, .T. ) ;
#401 = SPHERICAL_SURFACE ( 'NONE', #24, 0.5000000000000000000 ) ;
#402 = EDGE_CURVE ( 'NONE', #2316, #444, #891, .T. ) ;
#403 = CARTESIAN_POINT ( 'NONE',  ( 0.0000000000000000000, 0.0000000000000000000, 0.5000000000000004400 ) ) ;
#404 = DIRECTION ( 'NONE',  ( -0.0000000000000000000, -0.0000000000000000000, -1.000000000000000000 ) ) ;
#405 = CIRCLE ( 'NONE', #2378, 0.5000000000000004400 ) ;
#406 = ORIENTED_EDGE ( 'NONE', *, *, #582, .T. ) ;
#407 = FACE_OUTER_BOUND ( 'NONE', #1395, .T. ) ;
#408 = DIRECTION ( 'NONE',  ( 1.000000000000000000, -8.881784197001252300E-016, 0.0000000000000000000 ) ) ;
#409 = EDGE_CURVE ( 'NONE', #71, #2055, #867, .T. ) ;
#410 = CIRCLE ( 'NONE', #2380, 0.5000000000000000000 ) ;
#411 = ORIENTED_EDGE ( 'NONE', *, *, #577, .F. ) ;
#412 = ORIENTED_EDGE ( 'NONE', *, *, #313, .F. ) ;
#413 = AXIS2_PLACEMENT_3D ( 'NONE', #1982, #1941, #1944 ) ;
#414 = EDGE_CURVE ( 'NONE', #1952, #1516, #856, .T. ) ;
#415 = DIRECTION ( 'NONE',  ( 1.000000000000000000, 0.0000000000000000000, 0.0000000000000000000 ) ) ;
#416 = CARTESIAN_POINT ( 'NONE',  ( -9.500000000000000000, 14.00000000000000200, 14.00000000000000000 ) ) ;
#417 = LINE ( 'NONE', #723, #365 ) ;
#418 = EDGE_CURVE ( 'NONE', #1800, #1983, #830, .T. ) ;
#419 = VECTOR ( 'NONE', #692, 1000.000000000000000 ) ;
#420 = FACE_OUTER_BOUND ( 'NONE', #1374, .T. ) ;
#421 = DIRECTION ( 'NONE',  ( 0.0000000000000000000, 0.0000000000000000000, 1.000000000000000000 ) ) ;
#422 = ADVANCED_FACE ( 'NONE', ( #793 ), #1477, .F. ) ;
#423 = AXIS2_PLACEMENT_3D ( 'NONE', #1078, #1111, #1117 ) ;
#424 = EDGE_CURVE ( 'NONE', #471, #1626, #850, .T. ) ;
#425 = VECTOR ( 'NONE', #677, 1000.000000000000000 ) ;
#426 = CARTESIAN_POINT ( 'NONE',  ( 0.0000000000000000000, 0.0000000000000000000, 13.50000000000000000 ) ) ;
#427 = CIRCLE ( 'NONE', #32, 3.000000000000000900 ) ;
#428 = EDGE_CURVE ( 'NONE', #2338, #471, #817, .T. ) ;
#429 = DIRECTION ( 'NONE',  ( 1.000000000000000000, 0.0000000000000000000, 0.0000000000000000000 ) ) ;
#430 = CIRCLE ( 'NONE', #41, 0.5000000000000004400 ) ;
#431 = AXIS2_PLACEMENT_3D ( 'NONE', #2001, #2008, #2009 ) ;
#432 = EDGE_CURVE ( 'NONE', #2111, #1488, #790, .T. ) ;
#433 = EDGE_CURVE ( 'NONE', #1959, #2206, #785, .T. ) ;
#434 = CARTESIAN_POINT ( 'NONE',  ( 20.50000000000000000, -17.50000000000000000, 0.5000000000000004400 ) ) ;
#435 = DIRECTION ( 'NONE',  ( 0.0000000000000000000, 0.0000000000000000000, -1.000000000000000000 ) ) ;
#436 = ORIENTED_EDGE ( 'NONE', *, *, #854, .T. ) ;
#437 = CYLINDRICAL_SURFACE ( 'NONE', #2295, 0.5000000000000004400 ) ;
#438 = ORIENTED_EDGE ( 'NONE', *, *, #1274, .T. ) ;
#439 = DIRECTION ( 'NONE',  ( 0.0000000000000000000, -1.000000000000000000, 0.0000000000000000000 ) ) ;
#440 = DIRECTION ( 'NONE',  ( -0.0000000000000000000, 1.000000000000000000, 0.0000000000000000000 ) ) ;
#441 = CIRCLE ( 'NONE', #101, 0.5000000000000004400 ) ;
#442 = CARTESIAN_POINT ( 'NONE',  ( 6.500000000000000900, 0.0000000000000000000, 13.50000000000000000 ) ) ;
#443 = CYLINDRICAL_SURFACE ( 'NONE', #2242, 0.5000000000000004400 ) ;
#444 = VERTEX_POINT ( 'NONE', #1526 ) ;
#445 = EDGE_CURVE ( 'NONE', #2233, #1975, #761, .T. ) ;
#446 = CARTESIAN_POINT ( 'NONE',  ( 10.00000000000000000, 14.00000000000000200, 14.00000000000000000 ) ) ;
#447 = EDGE_CURVE ( 'NONE', #2155, #2029, #765, .T. ) ;
#448 = DIRECTION ( 'NONE',  ( 1.000000000000000000, 0.0000000000000000000, 0.0000000000000000000 ) ) ;
#449 = FACE_BOUND ( 'NONE', #1093, .T. ) ;
#450 = LINE ( 'NONE', #679, #425 ) ;
#451 = EDGE_CURVE ( 'NONE', #2236, #2344, #824, .T. ) ;
#452 = VECTOR ( 'NONE', #659, 1000.000000000000000 ) ;
#453 = CARTESIAN_POINT ( 'NONE',  ( -21.00000000000000000, -23.00000000000000000, 0.0000000000000000000 ) ) ;
#454 = LINE ( 'NONE', #696, #419 ) ;
#455 = CARTESIAN_POINT ( 'NONE',  ( 21.00099999999999800, 8.500000000000007100, 7.000000000000000000 ) ) ;
#456 = DIRECTION ( 'NONE',  ( -1.000000000000000000, -1.101411730778925400E-016, -0.0000000000000000000 ) ) ;
#457 = VECTOR ( 'NONE', #637, 1000.000000000000000 ) ;
#458 = EDGE_CURVE ( 'NONE', #2315, #2257, #784, .T. ) ;
#459 = LINE ( 'NONE', #655, #452 ) ;
#460 = CARTESIAN_POINT ( 'NONE',  ( 9.999999999999996400, -16.99999999999999600, 13.50000000000000000 ) ) ;
#461 = EDGE_CURVE ( 'NONE', #2191, #2232, #755, .T. ) ;
#462 = CYLINDRICAL_SURFACE ( 'NONE', #44, 0.5000000000000004400 ) ;
#463 = EDGE_CURVE ( 'NONE', #2017, #1975, #719, .T. ) ;
#464 = FACE_OUTER_BOUND ( 'NONE', #348, .T. ) ;
#465 = ORIENTED_EDGE ( 'NONE', *, *, #1162, .T. ) ;
#466 = DIRECTION ( 'NONE',  ( -1.101411730778925300E-016, -1.000000000000000000, -0.0000000000000000000 ) ) ;
#467 = AXIS2_PLACEMENT_3D ( 'NONE', #1920, #1928, #1930 ) ;
#468 = CIRCLE ( 'NONE', #235, 0.5000000000000004400 ) ;
#469 = ORIENTED_EDGE ( 'NONE', *, *, #1039, .F. ) ;
#470 = FACE_OUTER_BOUND ( 'NONE', #1614, .T. ) ;
#471 = VERTEX_POINT ( 'NONE', #897 ) ;
#472 = CIRCLE ( 'NONE', #898, 0.5000000000000000000 ) ;
#473 = AXIS2_PLACEMENT_3D ( 'NONE', #1015, #1097, #1022 ) ;
#474 = ORIENTED_EDGE ( 'NONE', *, *, #792, .F. ) ;
#475 = CARTESIAN_POINT ( 'NONE',  ( 21.00000000000000000, -23.00000000000000000, 14.00000000000000000 ) ) ;
#476 = EDGE_CURVE ( 'NONE', #2233, #2169, #724, .T. ) ;
#477 = CIRCLE ( 'NONE', #47, 0.5000000000000000000 ) ;
#478 = LINE ( 'NONE', #638, #457 ) ;
#479 = EDGE_CURVE ( 'NONE', #2299, #2338, #714, .T. ) ;
#480 = CARTESIAN_POINT ( 'NONE',  ( -21.00000000000000000, -17.00000000000000000, 13.50000000000000000 ) ) ;
#481 = FACE_OUTER_BOUND ( 'NONE', #923, .T. ) ;
#482 = FACE_OUTER_BOUND ( 'NONE', #2260, .T. ) ;
#483 = CARTESIAN_POINT ( 'NONE',  ( -8.000000000000000000, 10.50000000000000400, 7.000000000000000000 ) ) ;
#484 = EDGE_CURVE ( 'NONE', #2029, #1981, #708, .T. ) ;
#485 = DIRECTION ( 'NONE',  ( -1.000000000000000000, -1.101411730778925300E-016, 0.0000000000000000000 ) ) ;
#486 = VECTOR ( 'NONE', #608, 1000.000000000000000 ) ;
#487 = DIRECTION ( 'NONE',  ( 0.0000000000000000000, -1.000000000000000000, 0.0000000000000000000 ) ) ;
#488 = CIRCLE ( 'NONE', #50, 6.000000000000000900 ) ;
#489 = FACE_OUTER_BOUND ( 'NONE', #1249, .T. ) ;
#490 = VECTOR ( 'NONE', #573, 1000.000000000000000 ) ;
#491 = DIRECTION ( 'NONE',  ( 0.0000000000000000000, 0.0000000000000000000, -1.000000000000000000 ) ) ;
#492 = DIRECTION ( 'NONE',  ( -0.0000000000000000000, 1.000000000000000000, -0.0000000000000000000 ) ) ;
#493 = ORIENTED_EDGE ( 'NONE', *, *, #385, .T. ) ;
#494 = CARTESIAN_POINT ( 'NONE',  ( -8.000000000000000000, 10.50000000000000400, 7.000000000000000000 ) ) ;
#495 = EDGE_CURVE ( 'NONE', #2155, #2046, #711, .T. ) ;
#496 = ORIENTED_EDGE ( 'NONE', *, *, #1147, .F. ) ;
#497 = ORIENTED_EDGE ( 'NONE', *, *, #385, .F. ) ;
#498 = ORIENTED_EDGE ( 'NONE', *, *, #1147, .T. ) ;
#499 = EDGE_CURVE ( 'NONE', #2026, #1822, #704, .T. ) ;
#500 = CARTESIAN_POINT ( 'NONE',  ( -21.00000000000000000, -17.50000000000000000, 14.00000000000000000 ) ) ;
#501 = ORIENTED_EDGE ( 'NONE', *, *, #614, .T. ) ;
#502 = CIRCLE ( 'NONE', #1793, 0.5000000000000004400 ) ;
#503 = ORIENTED_EDGE ( 'NONE', *, *, #1031, .F. ) ;
#504 = DIRECTION ( 'NONE',  ( -0.0000000000000000000, -0.0000000000000000000, -1.000000000000000000 ) ) ;
#505 = CARTESIAN_POINT ( 'NONE',  ( 20.50000000000000000, -17.50000000000000000, 0.5000000000000004400 ) ) ;
#506 = EDGE_CURVE ( 'NONE', #2206, #1908, #680, .T. ) ;
#507 = CIRCLE ( 'NONE', #55, 2.000000000000000000 ) ;
#508 = EDGE_CURVE ( 'NONE', #1822, #1820, #685, .T. ) ;
#509 = DIRECTION ( 'NONE',  ( 0.0000000000000000000, 0.0000000000000000000, -1.000000000000000000 ) ) ;
#510 = DIRECTION ( 'NONE',  ( 0.0000000000000000000, 1.000000000000000000, 0.0000000000000000000 ) ) ;
#511 = CYLINDRICAL_SURFACE ( 'NONE', #2177, 2.749999999999999100 ) ;
#512 = LINE ( 'NONE', #571, #490 ) ;
#513 = EDGE_CURVE ( 'NONE', #1550, #2006, #652, .T. ) ;
#514 = DIRECTION ( 'NONE',  ( -1.000000000000000000, 0.0000000000000000000, 0.0000000000000000000 ) ) ;
#515 = CARTESIAN_POINT ( 'NONE',  ( 10.49999999999999600, -16.99999999999999600, 14.00000000000000000 ) ) ;
#516 = CIRCLE ( 'NONE', #62, 2.749999999999999100 ) ;
#517 = EDGE_CURVE ( 'NONE', #2022, #2006, #647, .T. ) ;
#518 = DIRECTION ( 'NONE',  ( -0.0000000000000000000, -0.0000000000000000000, 1.000000000000000000 ) ) ;
#519 = VECTOR ( 'NONE', #549, 1000.000000000000000 ) ;
#520 = AXIS2_PLACEMENT_3D ( 'NONE', #1802, #1803, #1805 ) ;
#521 = ORIENTED_EDGE ( 'NONE', *, *, #458, .F. ) ;
#522 = CIRCLE ( 'NONE', #67, 2.749999999999999100 ) ;
#523 = CARTESIAN_POINT ( 'NONE',  ( 20.50000000000000000, -17.00000000000000000, 14.00000000000000000 ) ) ;
#524 = EDGE_CURVE ( 'NONE', #2055, #2157, #675, .T. ) ;
#525 = CARTESIAN_POINT ( 'NONE',  ( -20.50000000000000000, -17.50000000000000000, 0.5000000000000000000 ) ) ;
#526 = ORIENTED_EDGE ( 'NONE', *, *, #337, .F. ) ;
#527 = DIRECTION ( 'NONE',  ( 1.000000000000000000, 0.0000000000000000000, 0.0000000000000000000 ) ) ;
#528 = EDGE_CURVE ( 'NONE', #1983, #1952, #645, .T. ) ;
#529 = SPHERICAL_SURFACE ( 'NONE', #2250, 0.5000000000000000000 ) ;
#530 = ORIENTED_EDGE ( 'NONE', *, *, #1162, .F. ) ;
#531 = CARTESIAN_POINT ( 'NONE',  ( 21.00000000000000000, -17.00000000000000000, 13.50000000000000000 ) ) ;
#532 = CIRCLE ( 'NONE', #1375, 0.5000000000000004400 ) ;
#533 = ORIENTED_EDGE ( 'NONE', *, *, #1153, .F. ) ;
#534 = EDGE_CURVE ( 'NONE', #2157, #2000, #618, .T. ) ;
#535 = CARTESIAN_POINT ( 'NONE',  ( 9.999999999999996400, -16.99999999999999600, 0.5000000000000004400 ) ) ;
#536 = DIRECTION ( 'NONE',  ( 1.101411730778925300E-016, 1.000000000000000000, -0.0000000000000000000 ) ) ;
#537 = CARTESIAN_POINT ( 'NONE',  ( 21.00000000000000000, -17.00000000000000000, 0.5000000000000004400 ) ) ;
#538 = EDGE_CURVE ( 'NONE', #1877, #1545, #612, .T. ) ;
#539 = DIRECTION ( 'NONE',  ( 0.0000000000000000000, 0.0000000000000000000, -1.000000000000000000 ) ) ;
#540 = LINE ( 'NONE', #602, #486 ) ;
#541 = ADVANCED_FACE ( 'NONE', ( #609 ), #581, .T. ) ;
#542 = DIRECTION ( 'NONE',  ( 1.000000000000000000, -3.154042683594193600E-016, -0.0000000000000000000 ) ) ;
#543 = CARTESIAN_POINT ( 'NONE',  ( -9.499999999999996400, -16.49999999999999600, 14.00000000000000000 ) ) ;
#544 = VECTOR ( 'NONE', #542, 1000.000000000000000 ) ;
#545 = EDGE_CURVE ( 'NONE', #1895, #2026, #574, .T. ) ;
#546 = LINE ( 'NONE', #537, #519 ) ;
#547 = EDGE_CURVE ( 'NONE', #2109, #1896, #578, .T. ) ;
#548 = VECTOR ( 'NONE', #539, 1000.000000000000000 ) ;
#549 = DIRECTION ( 'NONE',  ( -1.000000000000000000, 3.154042683594193600E-016, 0.0000000000000000000 ) ) ;
#550 = CIRCLE ( 'NONE', #74, 0.5000000000000004400 ) ;
#551 = AXIS2_PLACEMENT_3D ( 'NONE', #1767, #1768, #1771 ) ;
#552 = ORIENTED_EDGE ( 'NONE', *, *, #347, .T. ) ;
#553 = EDGE_CURVE ( 'NONE', #1545, #2109, #588, .T. ) ;
#554 = DIRECTION ( 'NONE',  ( -1.000000000000000000, -1.101411730778925300E-016, -0.0000000000000000000 ) ) ;
#555 = CARTESIAN_POINT ( 'NONE',  ( 20.50000000000000000, -23.00000000000000000, 13.50000000000000000 ) ) ;
#556 = DIRECTION ( 'NONE',  ( -0.0000000000000000000, -1.000000000000000000, -0.0000000000000000000 ) ) ;
#557 = ORIENTED_EDGE ( 'NONE', *, *, #447, .F. ) ;
#558 = EDGE_CURVE ( 'NONE', #1983, #1904, #550, .T. ) ;
#559 = DIRECTION ( 'NONE',  ( 8.326672684688666500E-014, 0.0000000000000000000, 1.000000000000000000 ) ) ;
#560 = ORIENTED_EDGE ( 'NONE', *, *, #847, .F. ) ;
#561 = ORIENTED_EDGE ( 'NONE', *, *, #328, .F. ) ;
#562 = CIRCLE ( 'NONE', #331, 0.5000000000000004400 ) ;
#563 = ORIENTED_EDGE ( 'NONE', *, *, #362, .F. ) ;
#564 = ORIENTED_EDGE ( 'NONE', *, *, #943, .F. ) ;
#565 = EDGE_CURVE ( 'NONE', #1896, #1877, #546, .T. ) ;
#566 = CYLINDRICAL_SURFACE ( 'NONE', #958, 0.5000000000000004400 ) ;
#567 = ORIENTED_EDGE ( 'NONE', *, *, #725, .T. ) ;
#568 = CARTESIAN_POINT ( 'NONE',  ( 9.500000000000000000, 14.50000000000000200, 13.50000000000000000 ) ) ;
#569 = EDGE_CURVE ( 'NONE', #1975, #2017, #522, .T. ) ;
#570 = CARTESIAN_POINT ( 'NONE',  ( 21.00099999999999800, 10.50000000000000700, 7.000000000000000000 ) ) ;
#571 = CARTESIAN_POINT ( 'NONE',  ( 18.74999999999999600, -23.00000000000001100, 7.000000000000000000 ) ) ;
#572 = VECTOR ( 'NONE', #536, 1000.000000000000000 ) ;
#573 = DIRECTION ( 'NONE',  ( 3.154042683594194100E-016, 1.000000000000000000, -0.0000000000000000000 ) ) ;
#574 = LINE ( 'NONE', #535, #572 ) ;
#575 = CARTESIAN_POINT ( 'NONE',  ( 10.49999999999999600, -16.49999999999999600, 14.00000000000000000 ) ) ;
#576 = CARTESIAN_POINT ( 'NONE',  ( 16.00000000000000000, -16.99999999999999600, 7.000000000000000000 ) ) ;
#577 = EDGE_CURVE ( 'NONE', #2169, #2233, #516, .T. ) ;
#578 = LINE ( 'NONE', #523, #548 ) ;
#579 = DIRECTION ( 'NONE',  ( 3.154042683594193600E-016, 1.000000000000000000, 0.0000000000000000000 ) ) ;
#580 = DIRECTION ( 'NONE',  ( -1.000000000000000000, 0.0000000000000000000, 0.0000000000000000000 ) ) ;
#581 = SPHERICAL_SURFACE ( 'NONE', #73, 0.5000000000000000000 ) ;
#582 = EDGE_CURVE ( 'NONE', #2169, #2017, #512, .T. ) ;
#583 = VECTOR ( 'NONE', #518, 1000.000000000000000 ) ;
#584 = AXIS2_PLACEMENT_3D ( 'NONE', #1960, #1964, #1968 ) ;
#585 = EDGE_CURVE ( 'NONE', #2022, #2291, #507, .T. ) ;
#586 = ORIENTED_EDGE ( 'NONE', *, *, #749, .F. ) ;
#587 = CARTESIAN_POINT ( 'NONE',  ( 15.99999999999999600, -23.00000000000001100, 7.000000000000000000 ) ) ;
#588 = LINE ( 'NONE', #531, #544 ) ;
#589 = ORIENTED_EDGE ( 'NONE', *, *, #1107, .T. ) ;
#590 = DIRECTION ( 'NONE',  ( 3.154042683594193600E-016, 1.000000000000000000, 0.0000000000000000000 ) ) ;
#591 = FACE_BOUND ( 'NONE', #1213, .T. ) ;
#592 = EDGE_CURVE ( 'NONE', #71, #1904, #540, .T. ) ;
#593 = ORIENTED_EDGE ( 'NONE', *, *, #742, .T. ) ;
#594 = DIRECTION ( 'NONE',  ( -1.000000000000000000, 0.0000000000000000000, 0.0000000000000000000 ) ) ;
#595 = CIRCLE ( 'NONE', #836, 0.5000000000000004400 ) ;
#596 = ORIENTED_EDGE ( 'NONE', *, *, #1057, .T. ) ;
#597 = ORIENTED_EDGE ( 'NONE', *, *, #720, .T. ) ;
#598 = ADVANCED_FACE ( 'NONE', ( #481 ), #462, .T. ) ;
#599 = EDGE_CURVE ( 'NONE', #1908, #1952, #477, .T. ) ;
#600 = CARTESIAN_POINT ( 'NONE',  ( -1.500000000000000700, 6.324555320336759900, 14.00000000000000000 ) ) ;
#601 = LINE ( 'NONE', #1298, #2305 ) ;
#602 = CARTESIAN_POINT ( 'NONE',  ( -21.00000000000000000, -23.00000000000000000, 14.00000000000000000 ) ) ;
#603 = ORIENTED_EDGE ( 'NONE', *, *, #350, .T. ) ;
#604 = EDGE_CURVE ( 'NONE', #2344, #2316, #488, .T. ) ;
#605 = CARTESIAN_POINT ( 'NONE',  ( 1.500000000000000400, 6.324555320336759900, 13.50000000000000000 ) ) ;
#606 = DIRECTION ( 'NONE',  ( 1.000000000000000000, 5.782411586589357600E-016, -0.0000000000000000000 ) ) ;
#607 = VECTOR ( 'NONE', #491, 1000.000000000000000 ) ;
#608 = DIRECTION ( 'NONE',  ( 1.000000000000000000, 0.0000000000000000000, 0.0000000000000000000 ) ) ;
#609 = FACE_OUTER_BOUND ( 'NONE', #1304, .T. ) ;
#610 = CARTESIAN_POINT ( 'NONE',  ( -1.000000000000000900, 10.50000000000000500, 7.000000000000000000 ) ) ;
#611 = VECTOR ( 'NONE', #504, 1000.000000000000000 ) ;
#612 = LINE ( 'NONE', #515, #583 ) ;
#613 = DIRECTION ( 'NONE',  ( -1.000000000000000000, -1.263061800540599500E-016, 0.0000000000000000000 ) ) ;
#614 = EDGE_CURVE ( 'NONE', #2315, #2205, #478, .T. ) ;
#615 = VECTOR ( 'NONE', #492, 1000.000000000000000 ) ;
#616 = DIRECTION ( 'NONE',  ( 1.084202172485504400E-016, -1.000000000000000000, 0.0000000000000000000 ) ) ;
#617 = EDGE_CURVE ( 'NONE', #1516, #1800, #459, .T. ) ;
#618 = LINE ( 'NONE', #500, #607 ) ;
#619 = DIRECTION ( 'NONE',  ( -5.782411586589362600E-016, 1.000000000000000000, 0.0000000000000000000 ) ) ;
#620 = VECTOR ( 'NONE', #456, 1000.000000000000000 ) ;
#621 = AXIS2_PLACEMENT_3D ( 'NONE', #1167, #1206, #1152 ) ;
#622 = ADVANCED_FACE ( 'NONE', ( #449, #489 ), #666, .F. ) ;
#623 = EDGE_CURVE ( 'NONE', #2111, #2316, #430, .T. ) ;
#624 = CARTESIAN_POINT ( 'NONE',  ( -8.095376221225098700E-015, 13.99999999999999600, 13.50000000000000000 ) ) ;
#625 = ORIENTED_EDGE ( 'NONE', *, *, #1338, .F. ) ;
#626 = DIRECTION ( 'NONE',  ( -1.000000000000000000, 0.0000000000000000000, 0.0000000000000000000 ) ) ;
#627 = ORIENTED_EDGE ( 'NONE', *, *, #1126, .T. ) ;
#628 = FACE_OUTER_BOUND ( 'NONE', #1205, .T. ) ;
#629 = ORIENTED_EDGE ( 'NONE', *, *, #355, .F. ) ;
#630 = AXIS2_PLACEMENT_3D ( 'NONE', #1226, #1203, #1219 ) ;
#631 = EDGE_CURVE ( 'NONE', #1260, #1261, #450, .T. ) ;
#632 = ORIENTED_EDGE ( 'NONE', *, *, #1060, .F. ) ;
#633 = ORIENTED_EDGE ( 'NONE', *, *, #362, .T. ) ;
#634 = CARTESIAN_POINT ( 'NONE',  ( 0.0000000000000000000, 0.0000000000000000000, 14.00000000000000000 ) ) ;
#635 = ORIENTED_EDGE ( 'NONE', *, *, #1066, .F. ) ;
#636 = EDGE_CURVE ( 'NONE', #1820, #1895, #454, .T. ) ;
#637 = DIRECTION ( 'NONE',  ( 1.000000000000000000, -1.101411730778925300E-016, -0.0000000000000000000 ) ) ;
#638 = CARTESIAN_POINT ( 'NONE',  ( 8.000000000000000000, 7.500000000000003600, 7.000000000000000000 ) ) ;
#639 = EDGE_CURVE ( 'NONE', #2129, #2205, #427, .T. ) ;
#640 = CARTESIAN_POINT ( 'NONE',  ( 20.50000000000000000, -23.00000000000000000, 0.5000000000000004400 ) ) ;
#641 = ADVANCED_FACE ( 'NONE', ( #420 ), #401, .T. ) ;
#642 = DIRECTION ( 'NONE',  ( -0.0000000000000000000, -1.000000000000000000, -0.0000000000000000000 ) ) ;
#643 = SURFACE_STYLE_FILL_AREA ( #63 ) ;
#644 = DIRECTION ( 'NONE',  ( 0.0000000000000000000, 0.0000000000000000000, 1.000000000000000000 ) ) ;
#645 = LINE ( 'NONE', #475, #611 ) ;
#646 = EDGE_CURVE ( 'NONE', #1795, #1846, #393, .T. ) ;
#647 = LINE ( 'NONE', #455, #620 ) ;
#648 = CARTESIAN_POINT ( 'NONE',  ( -1.000000000000001300, 14.49999999999999600, 14.00000000000000000 ) ) ;
#649 = VECTOR ( 'NONE', #466, 1000.000000000000000 ) ;
#650 = EDGE_CURVE ( 'NONE', #1846, #1766, #417, .T. ) ;
#651 = ADVANCED_FACE ( 'NONE', ( #361 ), #354, .T. ) ;
#652 = CIRCLE ( 'NONE', #81, 2.000000000000000000 ) ;
#653 = EDGE_CURVE ( 'NONE', #1766, #1739, #363, .T. ) ;
#654 = VECTOR ( 'NONE', #448, 1000.000000000000000 ) ;
#655 = CARTESIAN_POINT ( 'NONE',  ( 21.00000000000000000, -17.50000000000000000, 14.00000000000000000 ) ) ;
#656 = ORIENTED_EDGE ( 'NONE', *, *, #350, .F. ) ;
#657 = EDGE_CURVE ( 'NONE', #1739, #1795, #388, .T. ) ;
#658 = CARTESIAN_POINT ( 'NONE',  ( 1.500000000000000200, 6.324555320336759000, 0.5000000000000004400 ) ) ;
#659 = DIRECTION ( 'NONE',  ( -0.0000000000000000000, -0.0000000000000000000, 1.000000000000000000 ) ) ;
#660 = AXIS2_PLACEMENT_3D ( 'NONE', #1351, #1352, #1354 ) ;
#661 = CIRCLE ( 'NONE', #1653, 0.5000000000000000000 ) ;
#662 = ORIENTED_EDGE ( 'NONE', *, *, #887, .F. ) ;
#663 = FACE_OUTER_BOUND ( 'NONE', #1473, .T. ) ;
#664 = ORIENTED_EDGE ( 'NONE', *, *, #1039, .T. ) ;
#665 = CIRCLE ( 'NONE', #1372, 0.5000000000000004400 ) ;
#666 = PLANE ( 'NONE',  #35 ) ;
#667 = ORIENTED_EDGE ( 'NONE', *, *, #545, .T. ) ;
#668 = DIRECTION ( 'NONE',  ( -1.000000000000000000, -1.263061800540599500E-016, 0.0000000000000000000 ) ) ;
#669 = EDGE_CURVE ( 'NONE', #1876, #1814, #358, .T. ) ;
#670 = ORIENTED_EDGE ( 'NONE', *, *, #1136, .F. ) ;
#671 = DIRECTION ( 'NONE',  ( 1.263061800540599500E-016, -1.000000000000000000, 0.0000000000000000000 ) ) ;
#672 = ADVANCED_FACE ( 'NONE', ( #352 ), #292, .T. ) ;
#673 = EDGE_CURVE ( 'NONE', #1814, #1694, #320, .T. ) ;
#674 = DIRECTION ( 'NONE',  ( 0.0000000000000000000, 1.000000000000000000, 0.0000000000000000000 ) ) ;
#675 = LINE ( 'NONE', #480, #615 ) ;
#676 = EDGE_CURVE ( 'NONE', #1694, #1852, #295, .T. ) ;
#677 = DIRECTION ( 'NONE',  ( -1.000000000000000000, -1.101411730778925300E-016, -0.0000000000000000000 ) ) ;
#678 = VECTOR ( 'NONE', #1855, 1000.000000000000000 ) ;
#679 = CARTESIAN_POINT ( 'NONE',  ( -8.000000000000000000, 7.500000000000003600, 7.000000000000000000 ) ) ;
#680 = LINE ( 'NONE', #453, #654 ) ;
#681 = VECTOR ( 'NONE', #1861, 1000.000000000000000 ) ;
#682 = EDGE_CURVE ( 'NONE', #1852, #1876, #290, .T. ) ;
#683 = CARTESIAN_POINT ( 'NONE',  ( -6.500000000000000900, 7.960204194457796500E-016, 13.50000000000000000 ) ) ;
#684 = DIRECTION ( 'NONE',  ( 1.224646799147353200E-016, 1.000000000000000000, -0.0000000000000000000 ) ) ;
#685 = LINE ( 'NONE', #460, #649 ) ;
#686 = DIRECTION ( 'NONE',  ( -1.000000000000000000, 1.224646799147351500E-016, 0.0000000000000000000 ) ) ;
#687 = EDGE_CURVE ( 'NONE', #2191, #1818, #286, .T. ) ;
#688 = VECTOR ( 'NONE', #1210, 1000.000000000000000 ) ;
#689 = ORIENTED_EDGE ( 'NONE', *, *, #1083, .T. ) ;
#690 = EDGE_CURVE ( 'NONE', #1818, #53, #329, .T. ) ;
#691 = ORIENTED_EDGE ( 'NONE', *, *, #364, .F. ) ;
#692 = DIRECTION ( 'NONE',  ( 0.0000000000000000000, 0.0000000000000000000, -1.000000000000000000 ) ) ;
#693 = DIRECTION ( 'NONE',  ( -0.0000000000000000000, -0.0000000000000000000, 1.000000000000000000 ) ) ;
#694 = ORIENTED_EDGE ( 'NONE', *, *, #1175, .F. ) ;
#695 = FACE_OUTER_BOUND ( 'NONE', #1208, .T. ) ;
#696 = CARTESIAN_POINT ( 'NONE',  ( 9.999999999999996400, -16.49999999999999600, 0.0000000000000000000 ) ) ;
#697 = ORIENTED_EDGE ( 'NONE', *, *, #1126, .F. ) ;
#698 = ORIENTED_EDGE ( 'NONE', *, *, #373, .F. ) ;
#699 = AXIS2_PLACEMENT_3D ( 'NONE', #1758, #1762, #1227 ) ;
#700 = DIRECTION ( 'NONE',  ( 0.0000000000000000000, -1.000000000000000000, 0.0000000000000000000 ) ) ;
#701 = EDGE_CURVE ( 'NONE', #53, #2232, #269, .T. ) ;
#702 = AXIS2_PLACEMENT_3D ( 'NONE', #658, #2276, #2373 ) ;
#703 = EDGE_CURVE ( 'NONE', #1825, #1718, #272, .T. ) ;
#704 = LINE ( 'NONE', #446, #678 ) ;
#705 = ADVANCED_FACE ( 'NONE', ( #266 ), #231, .T. ) ;
#706 = EDGE_CURVE ( 'NONE', #1718, #2194, #238, .T. ) ;
#707 = CARTESIAN_POINT ( 'NONE',  ( -20.50000000000000000, -17.50000000000000000, 13.50000000000000000 ) ) ;
#708 = LINE ( 'NONE', #886, #688 ) ;
#709 = FACE_OUTER_BOUND ( 'NONE', #1128, .T. ) ;
#710 = CARTESIAN_POINT ( 'NONE',  ( 20.50000000000000000, -23.00000000000000000, 0.5000000000000004400 ) ) ;
#711 = LINE ( 'NONE', #1693, #681 ) ;
#712 = APPLICATION_PROTOCOL_DEFINITION ( 'draft international standard', 'automotive_design', 1998, #716 ) ;
#713 = CARTESIAN_POINT ( 'NONE',  ( 10.00000000000000000, 10.50000000000000400, 7.000000000000000000 ) ) ;
#714 = CIRCLE ( 'NONE', #88, 2.749999999999999100 ) ;
#715 = VECTOR ( 'NONE', #1496, 1000.000000000000000 ) ;
#716 = APPLICATION_CONTEXT ( 'automotive_design' ) ;
#717 = DIRECTION ( 'NONE',  ( 1.000000000000000000, -1.101411730778925300E-016, 0.0000000000000000000 ) ) ;
#718 = DIRECTION ( 'NONE',  ( 0.0000000000000000000, 1.000000000000000000, 0.0000000000000000000 ) ) ;
#719 = CIRCLE ( 'NONE', #94, 2.749999999999999100 ) ;
#720 = EDGE_CURVE ( 'NONE', #2194, #1772, #232, .T. ) ;
#721 = DIRECTION ( 'NONE',  ( 1.000000000000000000, 0.0000000000000000000, 0.0000000000000000000 ) ) ;
#722 = ADVANCED_FACE ( 'NONE', ( #208 ), #205, .T. ) ;
#723 = CARTESIAN_POINT ( 'NONE',  ( 1.500000000000001300, 14.49999999999999600, 14.00000000000000000 ) ) ;
#724 = CIRCLE ( 'NONE', #92, 2.749999999999999100 ) ;
#725 = EDGE_CURVE ( 'NONE', #1772, #1825, #222, .T. ) ;
#726 = ORIENTED_EDGE ( 'NONE', *, *, #1079, .T. ) ;
#727 = PRODUCT_CONTEXT ( 'NONE', #783, 'mechanical' ) ;
#728 = ORIENTED_EDGE ( 'NONE', *, *, #868, .F. ) ;
#729 = EDGE_CURVE ( 'NONE', #1726, #1844, #229, .T. ) ;
#730 = CIRCLE ( 'NONE', #1011, 0.5000000000000000000 ) ;
#731 = ORIENTED_EDGE ( 'NONE', *, *, #646, .T. ) ;
#732 = SPHERICAL_SURFACE ( 'NONE', #998, 0.5000000000000000000 ) ;
#733 = EDGE_LOOP ( 'NONE', ( #1164, #1155 ) ) ;
#734 = CARTESIAN_POINT ( 'NONE',  ( 9.500000000000000000, 14.00000000000000200, 13.50000000000000000 ) ) ;
#735 = CARTESIAN_POINT ( 'NONE',  ( 10.00000000000000000, 14.50000000000000200, 0.5000000000000004400 ) ) ;
#736 = CIRCLE ( 'NONE', #584, 0.5000000000000004400 ) ;
#737 = ORIENTED_EDGE ( 'NONE', *, *, #379, .T. ) ;
#738 = DIRECTION ( 'NONE',  ( 0.0000000000000000000, 1.000000000000000000, 0.0000000000000000000 ) ) ;
#739 = DIRECTION ( 'NONE',  ( -1.000000000000000000, -5.782411586589357600E-016, 0.0000000000000000000 ) ) ;
#740 = ORIENTED_EDGE ( 'NONE', *, *, #825, .F. ) ;
#741 = DIRECTION ( 'NONE',  ( 1.000000000000000000, 0.0000000000000000000, 0.0000000000000000000 ) ) ;
#742 = EDGE_CURVE ( 'NONE', #1844, #2367, #202, .T. ) ;
#743 = DIRECTION ( 'NONE',  ( 0.0000000000000000000, 1.000000000000000000, -0.0000000000000000000 ) ) ;
#744 = DIRECTION ( 'NONE',  ( 0.0000000000000000000, 0.0000000000000000000, 1.000000000000000000 ) ) ;
#745 = VECTOR ( 'NONE', #1523, 1000.000000000000000 ) ;
#746 = DIRECTION ( 'NONE',  ( 0.0000000000000000000, 0.0000000000000000000, 1.000000000000000000 ) ) ;
#747 = DIRECTION ( 'NONE',  ( 0.0000000000000000000, 0.0000000000000000000, -1.000000000000000000 ) ) ;
#748 =( GEOMETRIC_REPRESENTATION_CONTEXT ( 3 ) GLOBAL_UNCERTAINTY_ASSIGNED_CONTEXT ( ( #2376 ) ) GLOBAL_UNIT_ASSIGNED_CONTEXT ( ( #806, #21, #19 ) ) REPRESENTATION_CONTEXT ( 'NONE', 'WORKASPACE' ) );
#749 = EDGE_CURVE ( 'NONE', #2367, #2356, #206, .T. ) ;
#750 = DIRECTION ( 'NONE',  ( 0.0000000000000000000, 0.0000000000000000000, 1.000000000000000000 ) ) ;
#751 = CARTESIAN_POINT ( 'NONE',  ( 9.500000000000000000, 14.50000000000000200, 14.00000000000000000 ) ) ;
#752 = AXIS2_PLACEMENT_3D ( 'NONE', #1053, #1042, #1004 ) ;
#753 = EDGE_CURVE ( 'NONE', #2356, #1726, #179, .T. ) ;
#754 = DIRECTION ( 'NONE',  ( -1.263061800540599500E-016, -1.000000000000000000, 0.0000000000000000000 ) ) ;
#755 = LINE ( 'NONE', #1019, #715 ) ;
#756 = DIRECTION ( 'NONE',  ( 3.154042683594194100E-016, 1.000000000000000000, -0.0000000000000000000 ) ) ;
#757 =( NAMED_UNIT ( * ) SI_UNIT ( $, .STERADIAN. ) SOLID_ANGLE_UNIT ( ) );
#758 = CARTESIAN_POINT ( 'NONE',  ( 10.00000000000000000, 14.50000000000000200, 13.50000000000000000 ) ) ;
#759 = VECTOR ( 'NONE', #756, 1000.000000000000000 ) ;
#760 =( NAMED_UNIT ( * ) PLANE_ANGLE_UNIT ( ) SI_UNIT ( $, .RADIAN. ) );
#761 = LINE ( 'NONE', #1600, #759 ) ;
#762 = AXIS2_PLACEMENT_3D ( 'NONE', #1740, #1741, #1749 ) ;
#763 = ORIENTED_EDGE ( 'NONE', *, *, #383, .F. ) ;
#764 = DIRECTION ( 'NONE',  ( -0.0000000000000000000, -0.0000000000000000000, -1.000000000000000000 ) ) ;
#765 = CIRCLE ( 'NONE', #102, 2.000000000000000000 ) ;
#766 = DIRECTION ( 'NONE',  ( 1.000000000000000000, 5.782411586589357600E-016, -0.0000000000000000000 ) ) ;
#767 = EDGE_CURVE ( 'NONE', #1493, #1261, #184, .T. ) ;
#768 = ORIENTED_EDGE ( 'NONE', *, *, #999, .F. ) ;
#769 = CARTESIAN_POINT ( 'NONE',  ( 9.500000000000000000, 14.00000000000000200, 0.0000000000000000000 ) ) ;
#770 = EDGE_LOOP ( 'NONE', ( #1636, #2154, #40, #564 ) ) ;
#771 =( LENGTH_UNIT ( ) NAMED_UNIT ( * ) SI_UNIT ( .MILLI., .METRE. ) );
#772 = EDGE_CURVE ( 'NONE', #1827, #1864, #174, .T. ) ;
#773 = ORIENTED_EDGE ( 'NONE', *, *, #901, .F. ) ;
#774 = DIRECTION ( 'NONE',  ( -0.0000000000000000000, 0.0000000000000000000, 1.000000000000000000 ) ) ;
#775 = CARTESIAN_POINT ( 'NONE',  ( 1.000000000000001300, 14.49999999999999600, 13.50000000000000000 ) ) ;
#776 = CARTESIAN_POINT ( 'NONE',  ( 21.00000000000000000, -17.50000000000000000, 0.5000000000000004400 ) ) ;
#777 = CYLINDRICAL_SURFACE ( 'NONE', #1143, 0.5000000000000004400 ) ;
#778 = ORIENTED_EDGE ( 'NONE', *, *, #623, .F. ) ;
#779 = EDGE_CURVE ( 'NONE', #1864, #119, #169, .T. ) ;
#780 = DIRECTION ( 'NONE',  ( -1.000000000000000000, 3.154042683594193600E-016, 0.0000000000000000000 ) ) ;
#781 = SURFACE_STYLE_USAGE ( .BOTH. , #59 ) ;
#782 = ORIENTED_EDGE ( 'NONE', *, *, #981, .F. ) ;
#783 = APPLICATION_CONTEXT ( 'automotive_design' ) ;
#784 = CIRCLE ( 'NONE', #98, 3.000000000000000900 ) ;
#785 = CIRCLE ( 'NONE', #107, 0.5000000000000000000 ) ;
#786 = APPLICATION_PROTOCOL_DEFINITION ( 'draft international standard', 'automotive_design', 1998, #783 ) ;
#787 = VECTOR ( 'NONE', #1489, 1000.000000000000000 ) ;
#788 = EDGE_CURVE ( 'NONE', #119, #7, #141, .T. ) ;
#789 = CARTESIAN_POINT ( 'NONE',  ( 1.000000000000000200, 6.324555320336759900, 14.00000000000000000 ) ) ;
#790 = CIRCLE ( 'NONE', #109, 6.500000000000000900 ) ;
#791 = ADVANCED_FACE ( 'NONE', ( #120 ), #116, .T. ) ;
#792 = EDGE_CURVE ( 'NONE', #7, #1827, #136, .T. ) ;
#793 = FACE_OUTER_BOUND ( 'NONE', #991, .T. ) ;
#794 = CARTESIAN_POINT ( 'NONE',  ( 0.0000000000000000000, 0.0000000000000000000, 0.0000000000000000000 ) ) ;
#795 = DIRECTION ( 'NONE',  ( -0.0000000000000000000, -0.0000000000000000000, 1.000000000000000000 ) ) ;
#796 = CARTESIAN_POINT ( 'NONE',  ( -9.500000000000000000, 14.00000000000000200, 14.00000000000000000 ) ) ;
#797 = ORIENTED_EDGE ( 'NONE', *, *, #280, .T. ) ;
#798 = EDGE_CURVE ( 'NONE', #1626, #471, #138, .T. ) ;
#799 = CARTESIAN_POINT ( 'NONE',  ( -1.384615384615385200, 5.838051064926240500, 13.50000000000000000 ) ) ;
#800 = DIRECTION ( 'NONE',  ( 1.263061800540599500E-016, 1.000000000000000000, -0.0000000000000000000 ) ) ;
#801 = ORIENTED_EDGE ( 'NONE', *, *, #545, .F. ) ;
#802 = EDGE_CURVE ( 'NONE', #1872, #312, #118, .T. ) ;
#803 = CARTESIAN_POINT ( 'NONE',  ( 1.000000000000001300, 13.99999999999999600, 14.00000000000000000 ) ) ;
#804 = ORIENTED_EDGE ( 'NONE', *, *, #1066, .T. ) ;
#805 = ORIENTED_EDGE ( 'NONE', *, *, #604, .F. ) ;
#806 =( LENGTH_UNIT ( ) NAMED_UNIT ( * ) SI_UNIT ( .MILLI., .METRE. ) );
#807 = CYLINDRICAL_SURFACE ( 'NONE', #914, 0.5000000000000000000 ) ;
#808 = ADVANCED_FACE ( 'NONE', ( #96, #110 ), #1161, .T. ) ;
#809 = ORIENTED_EDGE ( 'NONE', *, *, #623, .T. ) ;
#810 = EDGE_CURVE ( 'NONE', #312, #1275, #93, .T. ) ;
#811 = FACE_OUTER_BOUND ( 'NONE', #1619, .T. ) ;
#812 = ORIENTED_EDGE ( 'NONE', *, *, #1153, .T. ) ;
#813 = CARTESIAN_POINT ( 'NONE',  ( -8.000000000000000000, 13.50000000000000500, 7.000000000000000000 ) ) ;
#814 = DIRECTION ( 'NONE',  ( 0.0000000000000000000, 0.0000000000000000000, -1.000000000000000000 ) ) ;
#815 = EDGE_CURVE ( 'NONE', #1275, #1297, #95, .T. ) ;
#816 = CARTESIAN_POINT ( 'NONE',  ( -18.74999999999999600, -23.00000000000002100, 7.000000000000000000 ) ) ;
#817 = LINE ( 'NONE', #1499, #787 ) ;
#818 = CARTESIAN_POINT ( 'NONE',  ( 1.384615384615385200, 5.838051064926240500, 14.00000000000000000 ) ) ;
#819 = VECTOR ( 'NONE', #1468, 1000.000000000000000 ) ;
#820 = CARTESIAN_POINT ( 'NONE',  ( -6.000000000000000900, 0.0000000000000000000, 13.50000000000000000 ) ) ;
#821 = CARTESIAN_POINT ( 'NONE',  ( -1.000000000000000200, 6.422616289332565600, 13.50000000000000000 ) ) ;
#822 = EDGE_CURVE ( 'NONE', #1297, #1872, #86, .T. ) ;
#823 = DIRECTION ( 'NONE',  ( -0.0000000000000000000, -0.0000000000000000000, -1.000000000000000000 ) ) ;
#824 = LINE ( 'NONE', #2058, #745 ) ;
#825 = EDGE_CURVE ( 'NONE', #104, #1224, #72, .T. ) ;
#826 = CARTESIAN_POINT ( 'NONE',  ( 0.0000000000000000000, 0.0000000000000000000, 13.50000000000000000 ) ) ;
#827 = VECTOR ( 'NONE', #1450, 1000.000000000000000 ) ;
#828 = CARTESIAN_POINT ( 'NONE',  ( 8.000000000000000000, 7.500000000000003600, 7.000000000000000000 ) ) ;
#829 = DIRECTION ( 'NONE',  ( 0.0000000000000000000, 0.0000000000000000000, 1.000000000000000000 ) ) ;
#830 = LINE ( 'NONE', #1446, #819 ) ;
#831 = ORIENTED_EDGE ( 'NONE', *, *, #1074, .T. ) ;
#832 = DIRECTION ( 'NONE',  ( 1.000000000000000000, 0.0000000000000000000, 0.0000000000000000000 ) ) ;
#833 = DIRECTION ( 'NONE',  ( 0.0000000000000000000, 1.000000000000000000, 0.0000000000000000000 ) ) ;
#834 = ORIENTED_EDGE ( 'NONE', *, *, #1293, .T. ) ;
#835 = ADVANCED_FACE ( 'NONE', ( #68 ), #1059, .F. ) ;
#836 = AXIS2_PLACEMENT_3D ( 'NONE', #1986, #1987, #1992 ) ;
#837 = EDGE_CURVE ( 'NONE', #1488, #1267, #58, .T. ) ;
#838 = ORIENTED_EDGE ( 'NONE', *, *, #901, .T. ) ;
#839 = DIRECTION ( 'NONE',  ( 1.000000000000000000, -3.154042683594193600E-016, 0.0000000000000000000 ) ) ;
#840 = DIRECTION ( 'NONE',  ( 1.263061800540599500E-016, -1.000000000000000000, -0.0000000000000000000 ) ) ;
#841 = ORIENTED_EDGE ( 'NONE', *, *, #1333, .T. ) ;
#842 = EDGE_CURVE ( 'NONE', #1267, #1426, #65, .T. ) ;
#843 = CIRCLE ( 'NONE', #1760, 0.5000000000000004400 ) ;
#844 = ORIENTED_EDGE ( 'NONE', *, *, #424, .F. ) ;
#845 = CARTESIAN_POINT ( 'NONE',  ( 1.499999999999999600, -1.894592700810898600E-016, 13.50000000000000000 ) ) ;
#846 = ORIENTED_EDGE ( 'NONE', *, *, #896, .T. ) ;
#847 = EDGE_CURVE ( 'NONE', #1426, #1455, #48, .T. ) ;
#848 = CARTESIAN_POINT ( 'NONE',  ( -1.000000000000001100, 12.50000000000000500, 7.000000000000000000 ) ) ;
#849 = CARTESIAN_POINT ( 'NONE',  ( 1.000000000000000900, 10.50000000000000500, 7.000000000000000000 ) ) ;
#850 = CIRCLE ( 'NONE', #115, 2.749999999999999100 ) ;
#851 = DIRECTION ( 'NONE',  ( -1.000000000000000000, 1.263061800540599500E-016, 0.0000000000000000000 ) ) ;
#852 = CARTESIAN_POINT ( 'NONE',  ( -5.519574696289837100E-015, -17.49999999999999600, 13.50000000000000000 ) ) ;
#853 = VECTOR ( 'NONE', #1438, 1000.000000000000000 ) ;
#854 = EDGE_CURVE ( 'NONE', #1292, #1455, #61, .T. ) ;
#855 = CARTESIAN_POINT ( 'NONE',  ( -1.000000000000001300, 14.49999999999999600, 0.5000000000000004400 ) ) ;
#856 = LINE ( 'NONE', #1448, #827 ) ;
#857 = FACE_OUTER_BOUND ( 'NONE', #1308, .T. ) ;
#858 = VECTOR ( 'NONE', #1411, 1000.000000000000000 ) ;
#859 = DIRECTION ( 'NONE',  ( 3.154042683594188700E-016, 1.000000000000000000, 0.0000000000000000000 ) ) ;
#860 = DIRECTION ( 'NONE',  ( 1.263061800540599500E-016, 1.000000000000000000, -0.0000000000000000000 ) ) ;
#861 = EDGE_CURVE ( 'NONE', #1292, #1424, #43, .T. ) ;
#862 = ADVANCED_FACE ( 'NONE', ( #25 ), #26, .T. ) ;
#863 = CYLINDRICAL_SURFACE ( 'NONE', #123, 0.5000000000000004400 ) ;
#864 = CARTESIAN_POINT ( 'NONE',  ( -1.500000000000001300, 14.49999999999999600, 0.5000000000000004400 ) ) ;
#865 = CARTESIAN_POINT ( 'NONE',  ( -1.500000000000001300, 13.99999999999999600, 14.00000000000000000 ) ) ;
#866 = CIRCLE ( 'NONE', #132, 3.000000000000000900 ) ;
#867 = CIRCLE ( 'NONE', #135, 0.5000000000000004400 ) ;
#868 = EDGE_CURVE ( 'NONE', #1424, #71, #22, .T. ) ;
#869 = DIRECTION ( 'NONE',  ( -1.000000000000000000, 0.0000000000000000000, 0.0000000000000000000 ) ) ;
#870 = ORIENTED_EDGE ( 'NONE', *, *, #837, .F. ) ;
#871 = CARTESIAN_POINT ( 'NONE',  ( -1.500000000000000700, 6.324555320336759900, 1.626303258728256700E-016 ) ) ;
#872 = DIRECTION ( 'NONE',  ( 1.084202172485504400E-016, 1.000000000000000000, 0.0000000000000000000 ) ) ;
#873 = FACE_BOUND ( 'NONE', #1029, .T. ) ;
#874 = CARTESIAN_POINT ( 'NONE',  ( -1.000000000000000200, 6.324555320336759900, 14.00000000000000000 ) ) ;
#875 = ADVANCED_FACE ( 'NONE', ( #29 ), #1, .T. ) ;
#876 = EDGE_CURVE ( 'NONE', #1904, #1918, #5, .T. ) ;
#877 = FACE_OUTER_BOUND ( 'NONE', #1255, .T. ) ;
#878 = ORIENTED_EDGE ( 'NONE', *, *, #802, .T. ) ;
#879 = CLOSED_SHELL ( 'NONE', ( #1464, #2103, #1893, #368, #2145, #2089, #1639, #2241, #2043, #1700, #2053, #2121, #1757, #1853, #422, #1525, #2097, #1301, #2213, #1934, #1889, #1479, #622, #835, #1907, #1972, #1159, #1823, #2201, #2007, #2087, #2193, #1605, #342, #722, #1036, #1998, #1016, #1938, #541, #1848, #2283, #1737, #1706, #875, #1961, #1169, #862, #1703, #641, #2033, #1494, #2220, #386, #1782, #1925, #2062, #296, #1490, #1881, #705, #2010, #1868, #223, #982, #651, #1154, #2292, #791, #598, #1859, #1856, #2134, #2164, #1691, #1845, #672, #1750, #968, #2221, #2153, #1839, #1989, #2016, #1669, #808 ) ) ;
#880 = DIRECTION ( 'NONE',  ( -1.000000000000000000, 0.0000000000000000000, 0.0000000000000000000 ) ) ;
#881 = FACE_OUTER_BOUND ( 'NONE', #1579, .T. ) ;
#882 = EDGE_LOOP ( 'NONE', ( #411, #406, #400, #366 ) ) ;
#883 = EDGE_CURVE ( 'NONE', #1918, #1337, #129, .T. ) ;
#884 = CARTESIAN_POINT ( 'NONE',  ( 6.500000000000000900, 0.0000000000000000000, 2.168404344971008900E-016 ) ) ;
#885 = DIRECTION ( 'NONE',  ( 0.0000000000000000000, 0.0000000000000000000, -1.000000000000000000 ) ) ;
#886 = CARTESIAN_POINT ( 'NONE',  ( -21.00099999999999800, 8.500000000000007100, 7.000000000000000000 ) ) ;
#887 = EDGE_CURVE ( 'NONE', #1673, #1337, #2374, .T. ) ;
#888 = LINE ( 'NONE', #1415, #858 ) ;
#889 = DIRECTION ( 'NONE',  ( 0.0000000000000000000, 0.0000000000000000000, -1.000000000000000000 ) ) ;
#890 = DIRECTION ( 'NONE',  ( -1.263061800540599500E-016, 1.000000000000000000, 0.0000000000000000000 ) ) ;
#891 = LINE ( 'NONE', #1427, #853 ) ;
#892 = DIRECTION ( 'NONE',  ( -1.263061800540599500E-016, 1.000000000000000000, 0.0000000000000000000 ) ) ;
#893 = DIRECTION ( 'NONE',  ( -1.000000000000000000, 0.0000000000000000000, 0.0000000000000000000 ) ) ;
#894 = DIRECTION ( 'NONE',  ( -1.000000000000000000, 0.0000000000000000000, 0.0000000000000000000 ) ) ;
#895 = CIRCLE ( 'NONE', #139, 3.000000000000000900 ) ;
#896 = EDGE_CURVE ( 'NONE', #1673, #1325, #1681, .T. ) ;
#897 = CARTESIAN_POINT ( 'NONE',  ( -18.75000000000000000, -16.99999999999999600, 7.000000000000000000 ) ) ;
#898 = AXIS2_PLACEMENT_3D ( 'NONE', #2094, #2049, #2063 ) ;
#899 = DIRECTION ( 'NONE',  ( 0.0000000000000000000, 0.0000000000000000000, 1.000000000000000000 ) ) ;
#900 = CIRCLE ( 'NONE', #142, 6.500000000000000900 ) ;
#901 = EDGE_CURVE ( 'NONE', #1325, #1698, #601, .T. ) ;
#902 = DIRECTION ( 'NONE',  ( 0.0000000000000000000, 0.0000000000000000000, -1.000000000000000000 ) ) ;
#903 = CIRCLE ( 'NONE', #144, 0.5000000000000004400 ) ;
#904 = CARTESIAN_POINT ( 'NONE',  ( -20.50000000000000000, -17.00000000000000000, 13.50000000000000000 ) ) ;
#905 = CARTESIAN_POINT ( 'NONE',  ( -1.500000000000001100, 14.49999999999999600, 14.00000000000000000 ) ) ;
#906 = AXIS2_PLACEMENT_3D ( 'NONE', #1313, #1323, #1334 ) ;
#907 = EDGE_CURVE ( 'NONE', #1698, #104, #2309, .T. ) ;
#908 = EDGE_LOOP ( 'NONE', ( #301, #275, #271, #243 ) ) ;
#909 = FACE_OUTER_BOUND ( 'NONE', #2259, .T. ) ;
#910 = AXIS2_PLACEMENT_3D ( 'NONE', #1256, #1239, #1229 ) ;
#911 = ORIENTED_EDGE ( 'NONE', *, *, #569, .F. ) ;
#912 = CARTESIAN_POINT ( 'NONE',  ( -1.000000000000001300, 13.99999999999999600, 14.00000000000000000 ) ) ;
#913 = ORIENTED_EDGE ( 'NONE', *, *, #432, .F. ) ;
#914 = AXIS2_PLACEMENT_3D ( 'NONE', #1704, #1647, #1663 ) ;
#915 = CARTESIAN_POINT ( 'NONE',  ( -10.00000000000000000, 13.50000000000000500, 7.000000000000000000 ) ) ;
#916 = CIRCLE ( 'NONE', #84, 0.5000000000000004400 ) ;
#917 = DIRECTION ( 'NONE',  ( -0.0000000000000000000, -0.0000000000000000000, 1.000000000000000000 ) ) ;
#918 = FACE_OUTER_BOUND ( 'NONE', #1102, .T. ) ;
#919 = ORIENTED_EDGE ( 'NONE', *, *, #1096, .F. ) ;
#920 = CIRCLE ( 'NONE', #431, 0.5000000000000004400 ) ;
#921 = ORIENTED_EDGE ( 'NONE', *, *, #1172, .F. ) ;
#922 = EDGE_CURVE ( 'NONE', #1378, #1322, #2328, .T. ) ;
#923 = EDGE_LOOP ( 'NONE', ( #211, #773, #10, #127 ) ) ;
#924 = CARTESIAN_POINT ( 'NONE',  ( 8.000000000000000000, 13.50000000000000500, 7.000000000000000000 ) ) ;
#925 = DIRECTION ( 'NONE',  ( -1.000000000000000000, 5.782411586589357600E-016, 0.0000000000000000000 ) ) ;
#926 = EDGE_CURVE ( 'NONE', #1322, #2272, #1588, .T. ) ;
#927 = CARTESIAN_POINT ( 'NONE',  ( -6.500000000000000900, 7.960204194457796500E-016, 2.168404344971008900E-016 ) ) ;
#928 = TOROIDAL_SURFACE ( 'NONE', #154, 6.500000000000000900, 0.5000000000000000000 ) ;
#929 = FACE_OUTER_BOUND ( 'NONE', #1186, .T. ) ;
#930 = EDGE_CURVE ( 'NONE', #2252, #1419, #2198, .T. ) ;
#931 = CARTESIAN_POINT ( 'NONE',  ( -1.000000000000001300, 14.49999999999999600, 0.5000000000000004400 ) ) ;
#932 = CIRCLE ( 'NONE', #167, 6.000000000000000900 ) ;
#933 = DIRECTION ( 'NONE',  ( -1.000000000000000000, 0.0000000000000000000, 0.0000000000000000000 ) ) ;
#934 = CARTESIAN_POINT ( 'NONE',  ( 13.24999999999999800, -23.00000000000001100, 7.000000000000000000 ) ) ;
#935 = CARTESIAN_POINT ( 'NONE',  ( -9.500000000000000000, 14.50000000000000200, 14.00000000000000000 ) ) ;
#936 = DIRECTION ( 'NONE',  ( 1.000000000000000000, -3.552713678800500900E-015, 0.0000000000000000000 ) ) ;
#937 = AXIS2_PLACEMENT_3D ( 'NONE', #2056, #2082, #2098 ) ;
#938 = CARTESIAN_POINT ( 'NONE',  ( 6.000000000000000900, 7.347880794884120700E-016, 0.5000000000000004400 ) ) ;
#939 = EDGE_CURVE ( 'NONE', #1419, #2171, #2141, .T. ) ;
#940 = CIRCLE ( 'NONE', #170, 0.5000000000000004400 ) ;
#941 = ORIENTED_EDGE ( 'NONE', *, *, #1113, .F. ) ;
#942 = DIRECTION ( 'NONE',  ( 3.154042683594194100E-016, 1.000000000000000000, -0.0000000000000000000 ) ) ;
#943 = EDGE_CURVE ( 'NONE', #2171, #1513, #2267, .T. ) ;
#944 = DIRECTION ( 'NONE',  ( -0.0000000000000000000, -0.0000000000000000000, 1.000000000000000000 ) ) ;
#945 = CARTESIAN_POINT ( 'NONE',  ( -1.000000000000001300, 14.49999999999999600, 13.50000000000000000 ) ) ;
#946 = ORIENTED_EDGE ( 'NONE', *, *, #428, .F. ) ;
#947 = CYLINDRICAL_SURFACE ( 'NONE', #1103, 0.5000000000000004400 ) ;
#948 = ORIENTED_EDGE ( 'NONE', *, *, #639, .T. ) ;
#949 = DIRECTION ( 'NONE',  ( -1.101411730778925300E-016, 1.000000000000000000, -0.0000000000000000000 ) ) ;
#950 = CIRCLE ( 'NONE', #1269, 0.5000000000000004400 ) ;
#951 = ORIENTED_EDGE ( 'NONE', *, *, #992, .T. ) ;
#952 = FACE_OUTER_BOUND ( 'NONE', #1216, .T. ) ;
#953 = DIRECTION ( 'NONE',  ( 1.000000000000000000, -5.782411586589357600E-016, -0.0000000000000000000 ) ) ;
#954 = EDGE_CURVE ( 'NONE', #1513, #1564, #2118, .T. ) ;
#955 = DIRECTION ( 'NONE',  ( 0.0000000000000000000, 0.0000000000000000000, -1.000000000000000000 ) ) ;
#956 = CIRCLE ( 'NONE', #2281, 0.5000000000000004400 ) ;
#957 = ORIENTED_EDGE ( 'NONE', *, *, #669, .T. ) ;
#958 = AXIS2_PLACEMENT_3D ( 'NONE', #1955, #1946, #1958 ) ;
#959 = EDGE_CURVE ( 'NONE', #2215, #1564, #2064, .T. ) ;
#960 = CARTESIAN_POINT ( 'NONE',  ( -1.384615384615385200, 5.838051064926240500, 0.5000000000000004400 ) ) ;
#961 = DIRECTION ( 'NONE',  ( -0.0000000000000000000, -0.0000000000000000000, -1.000000000000000000 ) ) ;
#962 = CIRCLE ( 'NONE', #162, 6.000000000000000900 ) ;
#963 = EDGE_CURVE ( 'NONE', #2215, #252, #2086, .T. ) ;
#964 = CARTESIAN_POINT ( 'NONE',  ( -10.00000000000000000, 14.50000000000000200, 13.50000000000000000 ) ) ;
#965 = CARTESIAN_POINT ( 'NONE',  ( -10.00000000000000000, 10.50000000000000400, 7.000000000000000000 ) ) ;
#966 = EDGE_CURVE ( 'NONE', #252, #1908, #2247, .T. ) ;
#967 = CARTESIAN_POINT ( 'NONE',  ( 15.99999999999999600, -23.00000000000001100, 7.000000000000000000 ) ) ;
#968 = ADVANCED_FACE ( 'NONE', ( #1939 ), #1885, .T. ) ;
#969 = CIRCLE ( 'NONE', #178, 6.500000000000000900 ) ;
#970 = DIRECTION ( 'NONE',  ( -1.000000000000000000, -5.782411586589357600E-016, 0.0000000000000000000 ) ) ;
#971 = CARTESIAN_POINT ( 'NONE',  ( 0.0000000000000000000, 0.0000000000000000000, 0.5000000000000004400 ) ) ;
#972 = DIRECTION ( 'NONE',  ( 1.000000000000000000, 1.101411730778925300E-016, -0.0000000000000000000 ) ) ;
#973 = DIRECTION ( 'NONE',  ( 0.0000000000000000000, 1.000000000000000000, 0.0000000000000000000 ) ) ;
#974 = CIRCLE ( 'NONE', #198, 0.5000000000000000000 ) ;
#975 = EDGE_CURVE ( 'NONE', #2206, #1447, #1942, .T. ) ;
#976 = CARTESIAN_POINT ( 'NONE',  ( 10.00000000000000000, 14.00000000000000200, 0.5000000000000004400 ) ) ;
#977 = CARTESIAN_POINT ( 'NONE',  ( -10.00000000000000000, 14.00000000000000200, 14.00000000000000000 ) ) ;
#978 = ORIENTED_EDGE ( 'NONE', *, *, #1003, .T. ) ;
#979 = FACE_OUTER_BOUND ( 'NONE', #1347, .T. ) ;
#980 = CARTESIAN_POINT ( 'NONE',  ( 9.499999999999998200, -1.046341144239978800E-015, 13.50000000000000000 ) ) ;
#981 = EDGE_CURVE ( 'NONE', #1447, #1667, #2224, .T. ) ;
#982 = ADVANCED_FACE ( 'NONE', ( #1783 ), #1832, .T. ) ;
#983 = CARTESIAN_POINT ( 'NONE',  ( 8.095376221225098700E-015, 13.99999999999999600, 13.50000000000000000 ) ) ;
#984 = CARTESIAN_POINT ( 'NONE',  ( -10.00000000000000000, 14.50000000000000200, 0.5000000000000004400 ) ) ;
#985 = EDGE_CURVE ( 'NONE', #1640, #1667, #1912, .T. ) ;
#986 = CIRCLE ( 'NONE', #467, 0.5000000000000004400 ) ;
#987 = ORIENTED_EDGE ( 'NONE', *, *, #1047, .F. ) ;
#988 = DIRECTION ( 'NONE',  ( 1.101411730778925300E-016, -1.000000000000000000, 0.0000000000000000000 ) ) ;
#989 = CIRCLE ( 'NONE', #1786, 0.5000000000000004400 ) ;
#990 = DIRECTION ( 'NONE',  ( 5.782411586589362600E-016, 1.000000000000000000, 0.0000000000000000000 ) ) ;
#991 = EDGE_LOOP ( 'NONE', ( #2176, #2150, #1563, #2122 ) ) ;
#992 = EDGE_CURVE ( 'NONE', #1640, #1378, #1860, .T. ) ;
#993 = DIRECTION ( 'NONE',  ( -1.000000000000000000, 1.263061800540599500E-016, -0.0000000000000000000 ) ) ;
#994 = DIRECTION ( 'NONE',  ( -1.101411730778925300E-016, -1.000000000000000000, 0.0000000000000000000 ) ) ;
#995 = CIRCLE ( 'NONE', #181, 0.4999999999999997200 ) ;
#996 = DIRECTION ( 'NONE',  ( 0.0000000000000000000, -1.000000000000000000, 0.0000000000000000000 ) ) ;
#997 = DIRECTION ( 'NONE',  ( -1.000000000000000000, -3.154042683594193600E-016, 0.0000000000000000000 ) ) ;
#998 = AXIS2_PLACEMENT_3D ( 'NONE', #1778, #1804, #2057 ) ;
#999 = EDGE_CURVE ( 'NONE', #2257, #2315, #1780, .T. ) ;
#1000 = SPHERICAL_SURFACE ( 'NONE', #185, 0.5000000000000000000 ) ;
#1001 = DIRECTION ( 'NONE',  ( 0.0000000000000000000, 0.0000000000000000000, -1.000000000000000000 ) ) ;
#1002 = CARTESIAN_POINT ( 'NONE',  ( -9.999999999999996400, -16.49999999999999600, 14.00000000000000000 ) ) ;
#1003 = EDGE_CURVE ( 'NONE', #53, #1419, #1711, .T. ) ;
#1004 = DIRECTION ( 'NONE',  ( -1.101411730778925300E-016, -1.000000000000000000, 0.0000000000000000000 ) ) ;
#1005 = DIRECTION ( 'NONE',  ( -0.0000000000000000000, -0.0000000000000000000, 1.000000000000000000 ) ) ;
#1006 = CARTESIAN_POINT ( 'NONE',  ( 21.00000000000000000, -17.50000000000000000, 0.5000000000000004400 ) ) ;
#1007 = CIRCLE ( 'NONE', #207, 6.000000000000000900 ) ;
#1008 = PLANE ( 'NONE',  #293 ) ;
#1009 = CARTESIAN_POINT ( 'NONE',  ( -9.999999999999996400, -16.99999999999999600, 0.5000000000000004400 ) ) ;
#1010 = VECTOR ( 'NONE', #289, 1000.000000000000000 ) ;
#1011 = AXIS2_PLACEMENT_3D ( 'NONE', #1717, #1719, #1722 ) ;
#1012 = EDGE_CURVE ( 'NONE', #104, #1818, #1753, .T. ) ;
#1013 = CARTESIAN_POINT ( 'NONE',  ( 10.49999999999999600, -16.99999999999999600, 13.50000000000000000 ) ) ;
#1014 = LINE ( 'NONE', #278, #1010 ) ;
#1015 = CARTESIAN_POINT ( 'NONE',  ( -16.00000000000000000, -16.99999999999999600, 7.000000000000000000 ) ) ;
#1016 = ADVANCED_FACE ( 'NONE', ( #1658 ), #1583, .T. ) ;
#1017 = EDGE_CURVE ( 'NONE', #2236, #2194, #1558, .T. ) ;
#1018 = ORIENTED_EDGE ( 'NONE', *, *, #355, .T. ) ;
#1019 = CARTESIAN_POINT ( 'NONE',  ( 6.000000000000000900, 7.347880794884120700E-016, 14.00000000000000000 ) ) ;
#1020 = DIRECTION ( 'NONE',  ( 1.000000000000000000, 0.0000000000000000000, 0.0000000000000000000 ) ) ;
#1021 = ORIENTED_EDGE ( 'NONE', *, *, #1144, .T. ) ;
#1022 = DIRECTION ( 'NONE',  ( 1.000000000000000000, 0.0000000000000000000, 0.0000000000000000000 ) ) ;
#1023 = EDGE_CURVE ( 'NONE', #2194, #2272, #1532, .T. ) ;
#1024 = FACE_OUTER_BOUND ( 'NONE', #1353, .T. ) ;
#1025 = EDGE_LOOP ( 'NONE', ( #125, #122, #77, #75 ) ) ;
#1026 = CARTESIAN_POINT ( 'NONE',  ( -21.00000000000000000, -23.00000000000000000, 14.00000000000000000 ) ) ;
#1027 = DIRECTION ( 'NONE',  ( 0.0000000000000000000, 1.000000000000000000, 0.0000000000000000000 ) ) ;
#1028 = CIRCLE ( 'NONE', #1973, 0.5000000000000000000 ) ;
#1029 = EDGE_LOOP ( 'NONE', ( #557, #1365 ) ) ;
#1030 = FACE_BOUND ( 'NONE', #1282, .T. ) ;
#1031 = EDGE_CURVE ( 'NONE', #1772, #1322, #2138, .T. ) ;
#1032 = EDGE_LOOP ( 'NONE', ( #1921, #1519, #2282, #374 ) ) ;
#1033 = MANIFOLD_SOLID_BREP ( 'Mirror2', #879 ) ;
#1034 = DIRECTION ( 'NONE',  ( -0.0000000000000000000, -0.0000000000000000000, 1.000000000000000000 ) ) ;
#1035 = DIRECTION ( 'NONE',  ( 0.0000000000000000000, 0.0000000000000000000, -1.000000000000000000 ) ) ;
#1036 = ADVANCED_FACE ( 'NONE', ( #1505 ), #807, .T. ) ;
#1037 = ORIENTED_EDGE ( 'NONE', *, *, #337, .T. ) ;
#1038 = CARTESIAN_POINT ( 'NONE',  ( -8.000000000000000000, 10.50000000000000400, 7.000000000000000000 ) ) ;
#1039 = EDGE_CURVE ( 'NONE', #2344, #1718, #730, .T. ) ;
#1040 = CIRCLE ( 'NONE', #212, 2.749999999999999100 ) ;
#1041 = DIRECTION ( 'NONE',  ( -1.000000000000000000, -1.101411730778925300E-016, 0.0000000000000000000 ) ) ;
#1042 = DIRECTION ( 'NONE',  ( -1.000000000000000000, 1.101411730778925300E-016, 0.0000000000000000000 ) ) ;
#1043 = VECTOR ( 'NONE', #267, 1000.000000000000000 ) ;
#1044 = EDGE_CURVE ( 'NONE', #1447, #2000, #1212, .T. ) ;
#1045 = DIRECTION ( 'NONE',  ( -1.101411730778925300E-016, 1.000000000000000000, 0.0000000000000000000 ) ) ;
#1046 = CIRCLE ( 'NONE', #221, 3.000000000000000900 ) ;
#1047 = EDGE_CURVE ( 'NONE', #1772, #1844, #1250, .T. ) ;
#1048 = CYLINDRICAL_SURFACE ( 'NONE', #209, 0.5000000000000004400 ) ;
#1049 = CARTESIAN_POINT ( 'NONE',  ( 10.49999999999999600, -17.49999999999999600, 0.0000000000000000000 ) ) ;
#1050 = CARTESIAN_POINT ( 'NONE',  ( -20.50000000000000000, -17.00000000000000000, 14.00000000000000000 ) ) ;
#1051 = LINE ( 'NONE', #264, #1073 ) ;
#1052 = CARTESIAN_POINT ( 'NONE',  ( -9.999999999999996400, -16.99999999999999600, 13.50000000000000000 ) ) ;
#1053 = CARTESIAN_POINT ( 'NONE',  ( 9.999999999999996400, -16.99999999999999600, 14.00000000000000000 ) ) ;
#1054 = LINE ( 'NONE', #274, #1043 ) ;
#1055 = EDGE_LOOP ( 'NONE', ( #31, #18, #2228, #1948 ) ) ;
#1056 = CIRCLE ( 'NONE', #200, 6.500000000000000900 ) ;
#1057 = EDGE_CURVE ( 'NONE', #1844, #1322, #2350, .T. ) ;
#1058 = CARTESIAN_POINT ( 'NONE',  ( -20.50000000000000000, -23.00000000000000000, 0.0000000000000000000 ) ) ;
#1059 = PLANE ( 'NONE',  #423 ) ;
#1060 = EDGE_CURVE ( 'NONE', #1488, #1718, #1176, .T. ) ;
#1061 = DIRECTION ( 'NONE',  ( 1.000000000000000000, 3.154042683594193600E-016, -0.0000000000000000000 ) ) ;
#1062 = CARTESIAN_POINT ( 'NONE',  ( 10.00000000000000000, 7.500000000000003600, 7.000000000000000000 ) ) ;
#1063 = CIRCLE ( 'NONE', #204, 0.5000000000000004400 ) ;
#1064 = EDGE_LOOP ( 'NONE', ( #2095, #2080 ) ) ;
#1065 = EDGE_LOOP ( 'NONE', ( #911, #1273 ) ) ;
#1066 = EDGE_CURVE ( 'NONE', #1447, #312, #1173, .T. ) ;
#1067 = CIRCLE ( 'NONE', #2035, 0.5000000000000000000 ) ;
#1068 = ORIENTED_EDGE ( 'NONE', *, *, #930, .T. ) ;
#1069 = PLANE ( 'NONE',  #752 ) ;
#1070 = CARTESIAN_POINT ( 'NONE',  ( -10.49999999999999600, -16.99999999999999600, 0.0000000000000000000 ) ) ;
#1071 = EDGE_LOOP ( 'NONE', ( #1796, #1916, #1592, #277 ) ) ;
#1072 = DIRECTION ( 'NONE',  ( 0.0000000000000000000, 0.0000000000000000000, -1.000000000000000000 ) ) ;
#1073 = VECTOR ( 'NONE', #219, 1000.000000000000000 ) ;
#1074 = EDGE_CURVE ( 'NONE', #312, #2000, #1098, .T. ) ;
#1075 = FACE_OUTER_BOUND ( 'NONE', #1524, .T. ) ;
#1076 = AXIS2_PLACEMENT_3D ( 'NONE', #1770, #1824, #1842 ) ;
#1077 = DIRECTION ( 'NONE',  ( 3.154042683594194100E-016, 1.000000000000000000, -0.0000000000000000000 ) ) ;
#1078 = CARTESIAN_POINT ( 'NONE',  ( -1.000000000000001300, 14.49999999999999600, 14.00000000000000000 ) ) ;
#1079 = EDGE_CURVE ( 'NONE', #2367, #1378, #1207, .T. ) ;
#1080 = CIRCLE ( 'NONE', #230, 2.000000000000000000 ) ;
#1081 = FACE_OUTER_BOUND ( 'NONE', #1530, .T. ) ;
#1082 = CIRCLE ( 'NONE', #236, 2.000000000000000000 ) ;
#1083 = EDGE_CURVE ( 'NONE', #1825, #1726, #1137, .T. ) ;
#1084 = CIRCLE ( 'NONE', #240, 2.000000000000000000 ) ;
#1085 = EDGE_CURVE ( 'NONE', #1267, #1825, #1104, .T. ) ;
#1086 = CARTESIAN_POINT ( 'NONE',  ( 15.99999999999999600, -23.00000000000001100, 7.000000000000000000 ) ) ;
#1087 = VECTOR ( 'NONE', #177, 1000.000000000000000 ) ;
#1088 = CIRCLE ( 'NONE', #248, 0.4999999999999997200 ) ;
#1089 = DIRECTION ( 'NONE',  ( -1.000000000000000000, 0.0000000000000000000, 0.0000000000000000000 ) ) ;
#1090 = EDGE_LOOP ( 'NONE', ( #1570, #1980, #1926, #1924, #1902, #1874, #1867, #1540 ) ) ;
#1091 = DIRECTION ( 'NONE',  ( 1.000000000000000000, 0.0000000000000000000, 0.0000000000000000000 ) ) ;
#1092 = CARTESIAN_POINT ( 'NONE',  ( 0.0000000000000000000, 0.0000000000000000000, 14.00000000000000000 ) ) ;
#1093 = EDGE_LOOP ( 'NONE', ( #2203, #2125 ) ) ;
#1094 = CYLINDRICAL_SURFACE ( 'NONE', #2268, 0.5000000000000000000 ) ;
#1095 = EDGE_LOOP ( 'NONE', ( #1520, #155, #1811, #1956 ) ) ;
#1096 = EDGE_CURVE ( 'NONE', #2157, #1424, #1474, .T. ) ;
#1097 = DIRECTION ( 'NONE',  ( 3.154042683594193600E-016, -1.000000000000000000, -0.0000000000000000000 ) ) ;
#1098 = CIRCLE ( 'NONE', #2337, 0.5000000000000004400 ) ;
#1099 = ORIENTED_EDGE ( 'NONE', *, *, #939, .T. ) ;
#1100 = CARTESIAN_POINT ( 'NONE',  ( 8.000000000000000000, 10.50000000000000400, 7.000000000000000000 ) ) ;
#1101 = FACE_OUTER_BOUND ( 'NONE', #1557, .T. ) ;
#1102 = EDGE_LOOP ( 'NONE', ( #596, #2325, #1329, #1743 ) ) ;
#1103 = AXIS2_PLACEMENT_3D ( 'NONE', #2074, #2014, #2105 ) ;
#1104 = CIRCLE ( 'NONE', #389, 0.5000000000000004400 ) ;
#1105 = DIRECTION ( 'NONE',  ( -0.0000000000000000000, -0.0000000000000000000, -1.000000000000000000 ) ) ;
#1106 = ORIENTED_EDGE ( 'NONE', *, *, #943, .T. ) ;
#1107 = EDGE_CURVE ( 'NONE', #1275, #2157, #916, .T. ) ;
#1108 = DIRECTION ( 'NONE',  ( 1.000000000000000000, -1.101411730778925300E-016, 0.0000000000000000000 ) ) ;
#1109 = DIRECTION ( 'NONE',  ( 1.000000000000000000, -1.776356839400250500E-015, 0.0000000000000000000 ) ) ;
#1110 = CARTESIAN_POINT ( 'NONE',  ( 1.500000000000001300, 13.99999999999999600, 0.5000000000000000000 ) ) ;
#1111 = DIRECTION ( 'NONE',  ( -5.782411586589357600E-016, -1.000000000000000000, 0.0000000000000000000 ) ) ;
#1112 = VECTOR ( 'NONE', #186, 1000.000000000000000 ) ;
#1113 = EDGE_CURVE ( 'NONE', #1667, #1872, #1067, .T. ) ;
#1114 = LINE ( 'NONE', #180, #1087 ) ;
#1115 = FACE_OUTER_BOUND ( 'NONE', #1312, .T. ) ;
#1116 = CIRCLE ( 'NONE', #260, 2.000000000000000000 ) ;
#1117 = DIRECTION ( 'NONE',  ( 1.000000000000000000, -5.782411586589357600E-016, 0.0000000000000000000 ) ) ;
#1118 = EDGE_CURVE ( 'NONE', #1378, #119, #1965, .T. ) ;
#1119 = LINE ( 'NONE', #147, #1112 ) ;
#1120 = DIRECTION ( 'NONE',  ( -1.000000000000000000, 5.782411586589357600E-016, 0.0000000000000000000 ) ) ;
#1121 = CARTESIAN_POINT ( 'NONE',  ( -1.000000000000000200, 6.324555320336737700, 0.5000000000000004400 ) ) ;
#1122 = CARTESIAN_POINT ( 'NONE',  ( -10.00000000000000000, 14.00000000000000200, 14.00000000000000000 ) ) ;
#1123 = EDGE_CURVE ( 'NONE', #7, #1640, #1028, .T. ) ;
#1124 = CIRCLE ( 'NONE', #224, 2.000000000000000000 ) ;
#1125 = SPHERICAL_SURFACE ( 'NONE', #257, 0.5000000000000000000 ) ;
#1126 = EDGE_CURVE ( 'NONE', #2367, #119, #989, .T. ) ;
#1127 = CARTESIAN_POINT ( 'NONE',  ( 6.000000000000000900, 7.347880794884120700E-016, 13.50000000000000000 ) ) ;
#1128 = EDGE_LOOP ( 'NONE', ( #667, #1589, #2174, #220 ) ) ;
#1129 = FACE_OUTER_BOUND ( 'NONE', #1508, .T. ) ;
#1130 = AXIS2_PLACEMENT_3D ( 'NONE', #1857, #1858, #1862 ) ;
#1131 = ORIENTED_EDGE ( 'NONE', *, *, #926, .F. ) ;
#1132 = DIRECTION ( 'NONE',  ( 0.0000000000000000000, 0.0000000000000000000, 1.000000000000000000 ) ) ;
#1133 = CARTESIAN_POINT ( 'NONE',  ( 0.0000000000000000000, 0.0000000000000000000, 13.50000000000000000 ) ) ;
#1134 = EDGE_LOOP ( 'NONE', ( #2251, #1599 ) ) ;
#1135 = DIRECTION ( 'NONE',  ( 1.101411730778925300E-016, -1.000000000000000000, 0.0000000000000000000 ) ) ;
#1136 = EDGE_CURVE ( 'NONE', #1267, #1726, #1063, .T. ) ;
#1137 = CIRCLE ( 'NONE', #520, 0.5000000000000000000 ) ;
#1138 = ORIENTED_EDGE ( 'NONE', *, *, #954, .T. ) ;
#1139 = CYLINDRICAL_SURFACE ( 'NONE', #2271, 0.5000000000000000000 ) ;
#1140 = ORIENTED_EDGE ( 'NONE', *, *, #981, .T. ) ;
#1141 = CARTESIAN_POINT ( 'NONE',  ( 1.500000000000001300, 13.99999999999999600, 0.0000000000000000000 ) ) ;
#1142 = CARTESIAN_POINT ( 'NONE',  ( -6.500000000000000900, 7.960204194457796500E-016, 0.5000000000000004400 ) ) ;
#1143 = AXIS2_PLACEMENT_3D ( 'NONE', #1917, #1894, #1919 ) ;
#1144 = EDGE_CURVE ( 'NONE', #1275, #1424, #956, .T. ) ;
#1145 = CARTESIAN_POINT ( 'NONE',  ( 18.74999999999999600, -23.00000000000001100, 7.000000000000000000 ) ) ;
#1146 = CARTESIAN_POINT ( 'NONE',  ( -1.500000000000001300, 14.49999999999999600, 14.00000000000000000 ) ) ;
#1147 = EDGE_CURVE ( 'NONE', #7, #1872, #950, .T. ) ;
#1148 = DIRECTION ( 'NONE',  ( -1.263061800540599500E-016, 1.000000000000000000, 0.0000000000000000000 ) ) ;
#1149 = ORIENTED_EDGE ( 'NONE', *, *, #772, .T. ) ;
#1150 = CARTESIAN_POINT ( 'NONE',  ( -9.499999999999996400, -16.99999999999999600, 14.00000000000000000 ) ) ;
#1151 = ORIENTED_EDGE ( 'NONE', *, *, #815, .T. ) ;
#1152 = DIRECTION ( 'NONE',  ( 1.000000000000000000, 0.0000000000000000000, 0.0000000000000000000 ) ) ;
#1153 = EDGE_CURVE ( 'NONE', #2356, #1864, #986, .T. ) ;
#1154 = ADVANCED_FACE ( 'NONE', ( #881 ), #777, .T. ) ;
#1155 = ORIENTED_EDGE ( 'NONE', *, *, #513, .F. ) ;
#1156 = CARTESIAN_POINT ( 'NONE',  ( -8.000000000000000000, 12.50000000000000400, 7.000000000000000000 ) ) ;
#1157 = ORIENTED_EDGE ( 'NONE', *, *, #822, .T. ) ;
#1158 = EDGE_CURVE ( 'NONE', #1426, #2356, #843, .T. ) ;
#1159 = ADVANCED_FACE ( 'NONE', ( #877 ), #1933, .T. ) ;
#1160 = ORIENTED_EDGE ( 'NONE', *, *, #706, .F. ) ;
#1161 = PLANE ( 'NONE',  #2249 ) ;
#1162 = EDGE_CURVE ( 'NONE', #1297, #1292, #736, .T. ) ;
#1163 = PRODUCT_DEFINITION_CONTEXT ( 'detailed design', #716, 'design' ) ;
#1164 = ORIENTED_EDGE ( 'NONE', *, *, #294, .F. ) ;
#1165 = DIRECTION ( 'NONE',  ( -1.000000000000000000, -3.154042683594193600E-016, 0.0000000000000000000 ) ) ;
#1166 = EDGE_LOOP ( 'NONE', ( #1898, #1131, #503, #1371 ) ) ;
#1167 = CARTESIAN_POINT ( 'NONE',  ( 10.49999999999999600, -16.49999999999999600, 13.50000000000000000 ) ) ;
#1168 = EDGE_LOOP ( 'NONE', ( #2336, #381, #2112 ) ) ;
#1169 = ADVANCED_FACE ( 'NONE', ( #811 ), #566, .T. ) ;
#1170 = AXIS2_PLACEMENT_3D ( 'NONE', #1727, #1729, #1731 ) ;
#1171 = DIRECTION ( 'NONE',  ( 1.000000000000000000, -1.101411730778924100E-016, 0.0000000000000000000 ) ) ;
#1172 = EDGE_CURVE ( 'NONE', #1827, #1297, #595, .T. ) ;
#1173 = CIRCLE ( 'NONE', #2120, 0.5000000000000000000 ) ;
#1174 = EDGE_LOOP ( 'NONE', ( #2032, #768, #1646, #948 ) ) ;
#1175 = EDGE_CURVE ( 'NONE', #1426, #1864, #920, .T. ) ;
#1176 = CIRCLE ( 'NONE', #551, 0.5000000000000004400 ) ;
#1177 = EDGE_LOOP ( 'NONE', ( #372, #2263, #1018, #1037, #1068, #1099, #1106, #1138, #1209, #1244, #1251, #1277, #1309, #1140, #1339, #951 ) ) ;
#1178 = CARTESIAN_POINT ( 'NONE',  ( -21.00000000000000000, -17.50000000000000000, 13.50000000000000000 ) ) ;
#1179 = EDGE_CURVE ( 'NONE', #1827, #1455, #665, .T. ) ;
#1180 = DIRECTION ( 'NONE',  ( 1.000000000000000000, 0.0000000000000000000, 0.0000000000000000000 ) ) ;
#1181 = CARTESIAN_POINT ( 'NONE',  ( -9.500000000000000000, 14.00000000000000200, 0.5000000000000000000 ) ) ;
#1182 = ORIENTED_EDGE ( 'NONE', *, *, #1194, .T. ) ;
#1183 = EDGE_CURVE ( 'NONE', #1818, #1694, #661, .T. ) ;
#1184 = DIRECTION ( 'NONE',  ( 0.0000000000000000000, 1.000000000000000000, 0.0000000000000000000 ) ) ;
#1185 = ORIENTED_EDGE ( 'NONE', *, *, #451, .F. ) ;
#1186 = EDGE_LOOP ( 'NONE', ( #778, #763, #737, #698 ) ) ;
#1187 = CARTESIAN_POINT ( 'NONE',  ( 1.000000000000001100, 12.50000000000000500, 7.000000000000000000 ) ) ;
#1188 = ORIENTED_EDGE ( 'NONE', *, *, #1123, .F. ) ;
#1189 = EDGE_CURVE ( 'NONE', #1694, #104, #562, .T. ) ;
#1190 = CARTESIAN_POINT ( 'NONE',  ( 9.499999999999996400, -16.49999999999999600, 13.50000000000000000 ) ) ;
#1191 = ORIENTED_EDGE ( 'NONE', *, *, #1247, .T. ) ;
#1192 = DIRECTION ( 'NONE',  ( 1.000000000000000000, -5.782411586589357600E-016, 0.0000000000000000000 ) ) ;
#1193 = DIRECTION ( 'NONE',  ( -1.000000000000000000, 3.154042683594193600E-016, 0.0000000000000000000 ) ) ;
#1194 = EDGE_CURVE ( 'NONE', #1918, #1800, #502, .T. ) ;
#1195 = ORIENTED_EDGE ( 'NONE', *, *, #1179, .T. ) ;
#1196 = EDGE_LOOP ( 'NONE', ( #1467, #1475 ) ) ;
#1197 = CARTESIAN_POINT ( 'NONE',  ( 0.0000000000000000000, 0.0000000000000000000, 0.5000000000000004400 ) ) ;
#1198 = DIRECTION ( 'NONE',  ( 1.000000000000000000, 0.0000000000000000000, 0.0000000000000000000 ) ) ;
#1199 = ORIENTED_EDGE ( 'NONE', *, *, #1085, .T. ) ;
#1200 = DIRECTION ( 'NONE',  ( -1.000000000000000000, 0.0000000000000000000, 0.0000000000000000000 ) ) ;
#1201 = EDGE_CURVE ( 'NONE', #1852, #1698, #2015, .T. ) ;
#1202 = ORIENTED_EDGE ( 'NONE', *, *, #687, .F. ) ;
#1203 = DIRECTION ( 'NONE',  ( 0.0000000000000000000, 0.0000000000000000000, 1.000000000000000000 ) ) ;
#1204 = CYLINDRICAL_SURFACE ( 'NONE', #2301, 6.000000000000000900 ) ;
#1205 = EDGE_LOOP ( 'NONE', ( #1692, #664, #632 ) ) ;
#1206 = DIRECTION ( 'NONE',  ( 0.0000000000000000000, 0.0000000000000000000, 1.000000000000000000 ) ) ;
#1207 = CIRCLE ( 'NONE', #2313, 0.5000000000000000000 ) ;
#1208 = EDGE_LOOP ( 'NONE', ( #731, #1268, #1537, #187 ) ) ;
#1209 = ORIENTED_EDGE ( 'NONE', *, *, #959, .F. ) ;
#1210 = DIRECTION ( 'NONE',  ( 1.000000000000000000, -1.101411730778925400E-016, -0.0000000000000000000 ) ) ;
#1211 = EDGE_CURVE ( 'NONE', #53, #1814, #472, .T. ) ;
#1212 = CIRCLE ( 'NONE', #1170, 0.5000000000000000000 ) ;
#1213 = EDGE_LOOP ( 'NONE', ( #1497, #1708 ) ) ;
#1214 = CARTESIAN_POINT ( 'NONE',  ( -20.50000000000000000, -23.00000000000000000, 14.00000000000000000 ) ) ;
#1215 = DIRECTION ( 'NONE',  ( 1.000000000000000000, 0.0000000000000000000, 0.0000000000000000000 ) ) ;
#1216 = EDGE_LOOP ( 'NONE', ( #957, #1809, #1865, #2096 ) ) ;
#1217 = AXIS2_PLACEMENT_3D ( 'NONE', #865, #889, #869 ) ;
#1218 = EDGE_CURVE ( 'NONE', #1918, #2109, #468, .T. ) ;
#1219 = DIRECTION ( 'NONE',  ( 1.000000000000000000, 0.0000000000000000000, 0.0000000000000000000 ) ) ;
#1220 = ORIENTED_EDGE ( 'NONE', *, *, #749, .T. ) ;
#1221 = EDGE_CURVE ( 'NONE', #2109, #1800, #532, .T. ) ;
#1222 = CARTESIAN_POINT ( 'NONE',  ( 0.0000000000000000000, 0.0000000000000000000, 0.5000000000000004400 ) ) ;
#1223 = DIRECTION ( 'NONE',  ( 0.0000000000000000000, -1.000000000000000000, 0.0000000000000000000 ) ) ;
#1224 = VERTEX_POINT ( 'NONE', #2099 ) ;
#1225 = DIRECTION ( 'NONE',  ( 0.0000000000000000000, 0.0000000000000000000, -1.000000000000000000 ) ) ;
#1226 = CARTESIAN_POINT ( 'NONE',  ( 10.49999999999999600, -16.49999999999999600, 0.5000000000000004400 ) ) ;
#1227 = DIRECTION ( 'NONE',  ( 0.0000000000000000000, 0.0000000000000000000, -1.000000000000000000 ) ) ;
#1228 = ORIENTED_EDGE ( 'NONE', *, *, #792, .T. ) ;
#1229 = DIRECTION ( 'NONE',  ( 1.000000000000000000, 0.0000000000000000000, 0.0000000000000000000 ) ) ;
#1230 = CARTESIAN_POINT ( 'NONE',  ( -1.500000000000000200, 6.324555320336759000, 0.5000000000000004400 ) ) ;
#1231 = ORIENTED_EDGE ( 'NONE', *, *, #1118, .T. ) ;
#1232 = EDGE_CURVE ( 'NONE', #1852, #1766, #1730, .T. ) ;
#1233 = ORIENTED_EDGE ( 'NONE', *, *, #825, .T. ) ;
#1234 = DIRECTION ( 'NONE',  ( 0.0000000000000000000, 1.000000000000000000, 0.0000000000000000000 ) ) ;
#1235 = CARTESIAN_POINT ( 'NONE',  ( 9.999999999999996400, -17.49999999999999600, 14.00000000000000000 ) ) ;
#1236 = AXIS2_PLACEMENT_3D ( 'NONE', #967, #942, #933 ) ;
#1237 = ORIENTED_EDGE ( 'NONE', *, *, #1183, .T. ) ;
#1238 = EDGE_CURVE ( 'NONE', #1766, #1698, #441, .T. ) ;
#1239 = DIRECTION ( 'NONE',  ( 0.0000000000000000000, 1.000000000000000000, 0.0000000000000000000 ) ) ;
#1240 = ORIENTED_EDGE ( 'NONE', *, *, #1189, .T. ) ;
#1241 = DIRECTION ( 'NONE',  ( 0.0000000000000000000, 0.0000000000000000000, 1.000000000000000000 ) ) ;
#1242 = CARTESIAN_POINT ( 'NONE',  ( 16.00000000000000000, -16.99999999999999600, 7.000000000000000000 ) ) ;
#1243 = EDGE_CURVE ( 'NONE', #1419, #1814, #1993, .T. ) ;
#1244 = ORIENTED_EDGE ( 'NONE', *, *, #963, .T. ) ;
#1245 = DIRECTION ( 'NONE',  ( -1.000000000000000000, -1.101411730778925400E-016, -0.0000000000000000000 ) ) ;
#1246 = EDGE_LOOP ( 'NONE', ( #1149, #1997, #99, #1228 ) ) ;
#1247 = EDGE_CURVE ( 'NONE', #1516, #252, #410, .T. ) ;
#1248 = DIRECTION ( 'NONE',  ( 1.101411730778925300E-016, 1.000000000000000000, -0.0000000000000000000 ) ) ;
#1249 = EDGE_LOOP ( 'NONE', ( #341, #2072, #597, #567 ) ) ;
#1250 = CIRCLE ( 'NONE', #762, 0.5000000000000000000 ) ;
#1251 = ORIENTED_EDGE ( 'NONE', *, *, #966, .T. ) ;
#1252 = SPHERICAL_SURFACE ( 'NONE', #2284, 0.5000000000000000000 ) ;
#1253 = CARTESIAN_POINT ( 'NONE',  ( -1.000000000000001300, 13.99999999999999600, 0.5000000000000004400 ) ) ;
#1254 = CARTESIAN_POINT ( 'NONE',  ( 20.50000000000000000, -17.00000000000000000, 14.00000000000000000 ) ) ;
#1255 = EDGE_LOOP ( 'NONE', ( #1233, #1392, #1418, #1512, #1565, #1629, #1491, #2294, #2321, #149, #160, #376, #662, #846, #838, #1399 ) ) ;
#1256 = CARTESIAN_POINT ( 'NONE',  ( 20.50000000000000000, -17.50000000000000000, 0.5000000000000000000 ) ) ;
#1257 = EDGE_CURVE ( 'NONE', #1896, #1516, #405, .T. ) ;
#1258 = DIRECTION ( 'NONE',  ( 0.0000000000000000000, 1.000000000000000000, -0.0000000000000000000 ) ) ;
#1259 = EDGE_CURVE ( 'NONE', #1337, #1545, #2222, .T. ) ;
#1260 = VERTEX_POINT ( 'NONE', #1761 ) ;
#1261 = VERTEX_POINT ( 'NONE', #2196 ) ;
#1262 = EDGE_CURVE ( 'NONE', #1325, #1822, #344, .T. ) ;
#1263 = CARTESIAN_POINT ( 'NONE',  ( 10.00000000000000000, 13.50000000000000500, 7.000000000000000000 ) ) ;
#1264 = ORIENTED_EDGE ( 'NONE', *, *, #1083, .F. ) ;
#1265 = CARTESIAN_POINT ( 'NONE',  ( 1.499999999999999600, -1.894592700810898600E-016, 0.0000000000000000000 ) ) ;
#1266 = CARTESIAN_POINT ( 'NONE',  ( 21.00099999999999800, 10.50000000000000700, 7.000000000000000000 ) ) ;
#1267 = VERTEX_POINT ( 'NONE', #2200 ) ;
#1268 = ORIENTED_EDGE ( 'NONE', *, *, #650, .T. ) ;
#1269 = AXIS2_PLACEMENT_3D ( 'NONE', #1913, #1914, #1915 ) ;
#1270 = EDGE_CURVE ( 'NONE', #1820, #1673, #380, .T. ) ;
#1271 = CARTESIAN_POINT ( 'NONE',  ( -6.500000000000000900, 7.960204194457796500E-016, 14.00000000000000000 ) ) ;
#1272 = CARTESIAN_POINT ( 'NONE',  ( 0.0000000000000000000, 0.0000000000000000000, 13.50000000000000000 ) ) ;
#1273 = ORIENTED_EDGE ( 'NONE', *, *, #463, .F. ) ;
#1274 = EDGE_CURVE ( 'NONE', #1739, #1325, #1886, .T. ) ;
#1275 = VERTEX_POINT ( 'NONE', #904 ) ;
#1276 = CARTESIAN_POINT ( 'NONE',  ( 20.50000000000000000, -17.00000000000000000, 13.50000000000000000 ) ) ;
#1277 = ORIENTED_EDGE ( 'NONE', *, *, #506, .F. ) ;
#1278 = DIRECTION ( 'NONE',  ( 0.0000000000000000000, 0.0000000000000000000, 1.000000000000000000 ) ) ;
#1279 = EDGE_CURVE ( 'NONE', #1876, #1846, #307, .T. ) ;
#1280 = EDGE_LOOP ( 'NONE', ( #1683, #593, #1220, #2002 ) ) ;
#1281 = DIRECTION ( 'NONE',  ( 1.000000000000000000, 0.0000000000000000000, 0.0000000000000000000 ) ) ;
#1282 = EDGE_LOOP ( 'NONE', ( #1336, #1359 ) ) ;
#1283 = CYLINDRICAL_SURFACE ( 'NONE', #2274, 2.000000000000000000 ) ;
#1284 = EDGE_CURVE ( 'NONE', #2171, #1876, #251, .T. ) ;
#1285 = CARTESIAN_POINT ( 'NONE',  ( 9.500000000000000000, 14.50000000000000200, 14.00000000000000000 ) ) ;
#1286 = DIRECTION ( 'NONE',  ( -1.000000000000000000, -1.101411730778925400E-016, -0.0000000000000000000 ) ) ;
#1287 = CARTESIAN_POINT ( 'NONE',  ( 10.49999999999999600, -16.49999999999999600, 14.00000000000000000 ) ) ;
#1288 = EDGE_CURVE ( 'NONE', #1896, #252, #245, .T. ) ;
#1289 = DIRECTION ( 'NONE',  ( 0.0000000000000000000, 0.0000000000000000000, 1.000000000000000000 ) ) ;
#1290 = DIRECTION ( 'NONE',  ( 0.0000000000000000000, -1.000000000000000000, 0.0000000000000000000 ) ) ;
#1291 = DIRECTION ( 'NONE',  ( 1.000000000000000000, 0.0000000000000000000, 0.0000000000000000000 ) ) ;
#1292 = VERTEX_POINT ( 'NONE', #2212 ) ;
#1293 = EDGE_CURVE ( 'NONE', #1820, #1545, #375, .T. ) ;
#1294 = DIRECTION ( 'NONE',  ( 0.0000000000000000000, 0.0000000000000000000, 1.000000000000000000 ) ) ;
#1295 = ORIENTED_EDGE ( 'NONE', *, *, #276, .F. ) ;
#1296 = EDGE_CURVE ( 'NONE', #1739, #1822, #2352, .T. ) ;
#1297 = VERTEX_POINT ( 'NONE', #1362 ) ;
#1298 = CARTESIAN_POINT ( 'NONE',  ( 1.000000000000001600, 13.99999999999999600, 14.00000000000000000 ) ) ;
#1299 = ORIENTED_EDGE ( 'NONE', *, *, #1232, .T. ) ;
#1300 = DIRECTION ( 'NONE',  ( -1.000000000000000000, -5.782411586589357600E-016, 0.0000000000000000000 ) ) ;
#1301 = ADVANCED_FACE ( 'NONE', ( #159, #218 ), #2296, .F. ) ;
#1302 = EDGE_CURVE ( 'NONE', #2171, #1846, #103, .T. ) ;
#1303 = CARTESIAN_POINT ( 'NONE',  ( 1.500000000000000400, 6.422616289332565600, 14.00000000000000000 ) ) ;
#1304 = EDGE_LOOP ( 'NONE', ( #635, #1733, #1736 ) ) ;
#1305 = EDGE_CURVE ( 'NONE', #1877, #2215, #191, .T. ) ;
#1306 = DIRECTION ( 'NONE',  ( 1.000000000000000000, -5.782411586589357600E-016, -0.0000000000000000000 ) ) ;
#1307 = ORIENTED_EDGE ( 'NONE', *, *, #1023, .F. ) ;
#1308 = EDGE_LOOP ( 'NONE', ( #1369, #1425, #1428, #1436 ) ) ;
#1309 = ORIENTED_EDGE ( 'NONE', *, *, #975, .T. ) ;
#1310 = CARTESIAN_POINT ( 'NONE',  ( -10.49999999999999600, -16.49999999999999600, 14.00000000000000000 ) ) ;
#1311 = EDGE_CURVE ( 'NONE', #1895, #1877, #82, .T. ) ;
#1312 = EDGE_LOOP ( 'NONE', ( #2244, #2324, #978, #1495 ) ) ;
#1313 = CARTESIAN_POINT ( 'NONE',  ( -15.99999999999999600, -23.00000000000002100, 7.000000000000000000 ) ) ;
#1314 = DIRECTION ( 'NONE',  ( -1.263061800540599500E-016, -1.000000000000000000, 0.0000000000000000000 ) ) ;
#1315 = ORIENTED_EDGE ( 'NONE', *, *, #1047, .T. ) ;
#1316 = DIRECTION ( 'NONE',  ( 1.263061800540599500E-016, 1.000000000000000000, -0.0000000000000000000 ) ) ;
#1317 = DIRECTION ( 'NONE',  ( 0.0000000000000000000, 0.0000000000000000000, 1.000000000000000000 ) ) ;
#1318 = CARTESIAN_POINT ( 'NONE',  ( 8.095376221225098700E-015, 13.99999999999999600, 0.0000000000000000000 ) ) ;
#1319 =( GEOMETRIC_REPRESENTATION_CONTEXT ( 3 ) GLOBAL_UNCERTAINTY_ASSIGNED_CONTEXT ( ( #2333 ) ) GLOBAL_UNIT_ASSIGNED_CONTEXT ( ( #1695, #1697, #1699 ) ) REPRESENTATION_CONTEXT ( 'NONE', 'WORKASPACE' ) );
#1320 = EDGE_CURVE ( 'NONE', #1795, #2026, #76, .T. ) ;
#1321 = CARTESIAN_POINT ( 'NONE',  ( -21.00000000000000000, -17.50000000000000000, 14.00000000000000000 ) ) ;
#1322 = VERTEX_POINT ( 'NONE', #2326 ) ;
#1323 = DIRECTION ( 'NONE',  ( -3.154042683594193100E-016, 1.000000000000000000, -0.0000000000000000000 ) ) ;
#1324 = EDGE_CURVE ( 'NONE', #1513, #1795, #124, .T. ) ;
#1325 = VERTEX_POINT ( 'NONE', #2366 ) ;
#1326 = CARTESIAN_POINT ( 'NONE',  ( -1.499999999999999300, -1.894592700810898300E-016, 0.0000000000000000000 ) ) ;
#1327 = CARTESIAN_POINT ( 'NONE',  ( 21.00000000000000000, -23.00000000000000000, 14.00000000000000000 ) ) ;
#1328 = TOROIDAL_SURFACE ( 'NONE', #621, 1.000000000000000000, 0.5000000000000000000 ) ;
#1329 = ORIENTED_EDGE ( 'NONE', *, *, #1079, .F. ) ;
#1330 = EDGE_CURVE ( 'NONE', #1895, #1564, #56, .T. ) ;
#1331 = PRESENTATION_STYLE_ASSIGNMENT (( #781 ) ) ;
#1332 = ORIENTED_EDGE ( 'NONE', *, *, #414, .F. ) ;
#1333 = EDGE_CURVE ( 'NONE', #1513, #2026, #17, .T. ) ;
#1334 = DIRECTION ( 'NONE',  ( -1.000000000000000000, 0.0000000000000000000, 0.0000000000000000000 ) ) ;
#1335 = DIRECTION ( 'NONE',  ( 1.263061800540599500E-016, -1.000000000000000000, -0.0000000000000000000 ) ) ;
#1336 = ORIENTED_EDGE ( 'NONE', *, *, #324, .T. ) ;
#1337 = VERTEX_POINT ( 'NONE', #9 ) ;
#1338 = EDGE_CURVE ( 'NONE', #2298, #1260, #13, .T. ) ;
#1339 = ORIENTED_EDGE ( 'NONE', *, *, #985, .F. ) ;
#1340 = DIRECTION ( 'NONE',  ( 1.000000000000000000, 0.0000000000000000000, 0.0000000000000000000 ) ) ;
#1341 = EDGE_LOOP ( 'NONE', ( #1929, #740, #2182, #1202 ) ) ;
#1342 = FACE_OUTER_BOUND ( 'NONE', #1381, .T. ) ;
#1343 = DIRECTION ( 'NONE',  ( -1.000000000000000000, 0.0000000000000000000, 0.0000000000000000000 ) ) ;
#1344 = ORIENTED_EDGE ( 'NONE', *, *, #631, .F. ) ;
#1345 = CARTESIAN_POINT ( 'NONE',  ( -8.095376221225098700E-015, 13.99999999999999600, 0.0000000000000000000 ) ) ;
#1346 = CYLINDRICAL_SURFACE ( 'NONE', #2277, 0.5000000000000004400 ) ;
#1347 = EDGE_LOOP ( 'NONE', ( #1675, #656, #1307 ) ) ;
#1348 = EDGE_LOOP ( 'NONE', ( #2030, #2005 ) ) ;
#1349 = CARTESIAN_POINT ( 'NONE',  ( 0.0000000000000000000, 0.0000000000000000000, 0.5000000000000004400 ) ) ;
#1350 = CARTESIAN_POINT ( 'NONE',  ( -20.50000000000000000, -17.50000000000000000, 14.00000000000000000 ) ) ;
#1351 = CARTESIAN_POINT ( 'NONE',  ( 0.0000000000000000000, 0.0000000000000000000, 0.0000000000000000000 ) ) ;
#1352 = DIRECTION ( 'NONE',  ( 0.0000000000000000000, 0.0000000000000000000, 1.000000000000000000 ) ) ;
#1353 = EDGE_LOOP ( 'NONE', ( #913, #809, #805, #797 ) ) ;
#1354 = DIRECTION ( 'NONE',  ( 1.000000000000000000, 0.0000000000000000000, 0.0000000000000000000 ) ) ;
#1355 = EDGE_LOOP ( 'NONE', ( #51, #49, #39, #38 ) ) ;
#1356 = EDGE_LOOP ( 'NONE', ( #691, #633, #629, #603 ) ) ;
#1357 = DIRECTION ( 'NONE',  ( 0.0000000000000000000, -0.0000000000000000000, 1.000000000000000000 ) ) ;
#1358 = DIRECTION ( 'NONE',  ( -1.101411730778925300E-016, -1.000000000000000000, 0.0000000000000000000 ) ) ;
#1359 = ORIENTED_EDGE ( 'NONE', *, *, #767, .T. ) ;
#1360 = DIRECTION ( 'NONE',  ( 1.000000000000000000, 5.782411586589357600E-016, -0.0000000000000000000 ) ) ;
#1361 = EDGE_LOOP ( 'NONE', ( #183, #152, #133, #130 ) ) ;
#1362 = CARTESIAN_POINT ( 'NONE',  ( -10.49999999999999600, -16.99999999999999600, 13.50000000000000000 ) ) ;
#1363 = EDGE_LOOP ( 'NONE', ( #2197, #2372, #844, #946 ) ) ;
#1364 = STYLED_ITEM ( 'NONE', ( #1439 ), #1033 ) ;
#1365 = ORIENTED_EDGE ( 'NONE', *, *, #291, .F. ) ;
#1366 = DIRECTION ( 'NONE',  ( 1.000000000000000000, -3.154042683594193600E-016, -0.0000000000000000000 ) ) ;
#1367 = EDGE_LOOP ( 'NONE', ( #726, #1231, #697 ) ) ;
#1368 = FACE_OUTER_BOUND ( 'NONE', #1656, .T. ) ;
#1369 = ORIENTED_EDGE ( 'NONE', *, *, #582, .F. ) ;
#1370 = CARTESIAN_POINT ( 'NONE',  ( 10.49999999999999600, -16.49999999999999600, 13.50000000000000000 ) ) ;
#1371 = ORIENTED_EDGE ( 'NONE', *, *, #720, .F. ) ;
#1372 = AXIS2_PLACEMENT_3D ( 'NONE', #2068, #2067, #2060 ) ;
#1373 = DIRECTION ( 'NONE',  ( 0.0000000000000000000, 1.000000000000000000, 0.0000000000000000000 ) ) ;
#1374 = EDGE_LOOP ( 'NONE', ( #589, #1457, #106 ) ) ;
#1375 = AXIS2_PLACEMENT_3D ( 'NONE', #1638, #1641, #1643 ) ;
#1376 = CARTESIAN_POINT ( 'NONE',  ( 9.500000000000000000, 14.00000000000000200, 14.00000000000000000 ) ) ;
#1377 = CARTESIAN_POINT ( 'NONE',  ( -5.519574696289837100E-015, -17.49999999999999600, 0.0000000000000000000 ) ) ;
#1378 = VERTEX_POINT ( 'NONE', #117 ) ;
#1379 = DIRECTION ( 'NONE',  ( 0.0000000000000000000, 0.0000000000000000000, 1.000000000000000000 ) ) ;
#1380 = CARTESIAN_POINT ( 'NONE',  ( 10.49999999999999600, -16.49999999999999600, 0.0000000000000000000 ) ) ;
#1381 = EDGE_LOOP ( 'NONE', ( #2230, #2209, #2147, #2186 ) ) ;
#1382 = DIRECTION ( 'NONE',  ( 1.000000000000000000, -1.101411730778925300E-016, -0.0000000000000000000 ) ) ;
#1383 = DIRECTION ( 'NONE',  ( -0.0000000000000000000, -0.0000000000000000000, -1.000000000000000000 ) ) ;
#1384 = ORIENTED_EDGE ( 'NONE', *, *, #1262, .F. ) ;
#1385 = COLOUR_RGB ( '',0.8980392156862745400, 0.9215686274509803400, 0.9294117647058823800 ) ;
#1386 = DIRECTION ( 'NONE',  ( 1.000000000000000000, 3.154042683594193600E-016, -0.0000000000000000000 ) ) ;
#1387 = EDGE_LOOP ( 'NONE', ( #563, #561, #552, #526 ) ) ;
#1388 = CARTESIAN_POINT ( 'NONE',  ( 8.000000000000000000, 10.50000000000000400, 7.000000000000000000 ) ) ;
#1389 = ORIENTED_EDGE ( 'NONE', *, *, #1311, .T. ) ;
#1390 = EDGE_LOOP ( 'NONE', ( #521, #501, #493, #412 ) ) ;
#1391 = DIRECTION ( 'NONE',  ( 1.000000000000000000, 0.0000000000000000000, 0.0000000000000000000 ) ) ;
#1392 = ORIENTED_EDGE ( 'NONE', *, *, #383, .T. ) ;
#1393 = CARTESIAN_POINT ( 'NONE',  ( 5.519574696289837100E-015, -17.49999999999999600, 13.50000000000000000 ) ) ;
#1394 = CARTESIAN_POINT ( 'NONE',  ( -20.50000000000000000, -23.00000000000000000, 0.5000000000000004400 ) ) ;
#1395 = EDGE_LOOP ( 'NONE', ( #878, #1725, #1151, #1157 ) ) ;
#1396 = PLANE ( 'NONE',  #2189 ) ;
#1397 = DIRECTION ( 'NONE',  ( 0.0000000000000000000, 0.0000000000000000000, 1.000000000000000000 ) ) ;
#1398 = CARTESIAN_POINT ( 'NONE',  ( -10.49999999999999600, -16.49999999999999600, 13.50000000000000000 ) ) ;
#1399 = ORIENTED_EDGE ( 'NONE', *, *, #907, .T. ) ;
#1400 = FACE_OUTER_BOUND ( 'NONE', #1246, .T. ) ;
#1401 = DIRECTION ( 'NONE',  ( -3.154042683594188700E-016, 1.000000000000000000, 0.0000000000000000000 ) ) ;
#1402 = EDGE_LOOP ( 'NONE', ( #1315, #1759, #1264, #1742 ) ) ;
#1403 = EDGE_LOOP ( 'NONE', ( #335, #189, #1723, #870 ) ) ;
#1404 = CARTESIAN_POINT ( 'NONE',  ( 10.00000000000000000, 10.50000000000000400, 7.000000000000000000 ) ) ;
#1405 = EDGE_LOOP ( 'NONE', ( #1787, #728, #919, #378 ) ) ;
#1406 = DIRECTION ( 'NONE',  ( 0.0000000000000000000, 0.0000000000000000000, 1.000000000000000000 ) ) ;
#1407 = DIRECTION ( 'NONE',  ( 1.000000000000000000, -1.101411730778925300E-016, 0.0000000000000000000 ) ) ;
#1408 = AXIS2_PLACEMENT_3D ( 'NONE', #2107, #2110, #2088 ) ;
#1409 = DIRECTION ( 'NONE',  ( 0.0000000000000000000, 1.000000000000000000, 0.0000000000000000000 ) ) ;
#1410 = DIRECTION ( 'NONE',  ( -0.0000000000000000000, -1.000000000000000000, -0.0000000000000000000 ) ) ;
#1411 = DIRECTION ( 'NONE',  ( -3.154042683594193100E-016, 1.000000000000000000, -0.0000000000000000000 ) ) ;
#1412 = ORIENTED_EDGE ( 'NONE', *, *, #810, .F. ) ;
#1413 = DIRECTION ( 'NONE',  ( 0.0000000000000000000, 0.0000000000000000000, 1.000000000000000000 ) ) ;
#1414 = ORIENTED_EDGE ( 'NONE', *, *, #1243, .T. ) ;
#1415 = CARTESIAN_POINT ( 'NONE',  ( -13.24999999999999800, -23.00000000000002100, 7.000000000000000000 ) ) ;
#1416 = AXIS2_PLACEMENT_3D ( 'NONE', #1666, #1671, #1678 ) ;
#1417 = FACE_OUTER_BOUND ( 'NONE', #2142, .T. ) ;
#1418 = ORIENTED_EDGE ( 'NONE', *, *, #432, .T. ) ;
#1419 = VERTEX_POINT ( 'NONE', #203 ) ;
#1420 = CYLINDRICAL_SURFACE ( 'NONE', #1217, 0.5000000000000000000 ) ;
#1421 = CARTESIAN_POINT ( 'NONE',  ( 8.000000000000000000, 10.50000000000000400, 7.000000000000000000 ) ) ;
#1422 = ORIENTED_EDGE ( 'NONE', *, *, #1218, .F. ) ;
#1423 = CARTESIAN_POINT ( 'NONE',  ( -21.00099999999999800, 10.50000000000000700, 7.000000000000000000 ) ) ;
#1424 = VERTEX_POINT ( 'NONE', #1831 ) ;
#1425 = ORIENTED_EDGE ( 'NONE', *, *, #476, .F. ) ;
#1426 = VERTEX_POINT ( 'NONE', #416 ) ;
#1427 = CARTESIAN_POINT ( 'NONE',  ( -6.000000000000000900, 0.0000000000000000000, 14.00000000000000000 ) ) ;
#1428 = ORIENTED_EDGE ( 'NONE', *, *, #445, .T. ) ;
#1429 = CARTESIAN_POINT ( 'NONE',  ( -8.000000000000000000, 10.50000000000000400, 7.000000000000000000 ) ) ;
#1430 = CARTESIAN_POINT ( 'NONE',  ( 0.0000000000000000000, 0.0000000000000000000, 13.50000000000000000 ) ) ;
#1431 = DIRECTION ( 'NONE',  ( 1.000000000000000000, 1.101411730778925300E-016, -0.0000000000000000000 ) ) ;
#1432 = EDGE_LOOP ( 'NONE', ( #831, #1792, #1769, #1412 ) ) ;
#1433 = CARTESIAN_POINT ( 'NONE',  ( 9.499999999999996400, -16.49999999999999600, 0.0000000000000000000 ) ) ;
#1434 = DIRECTION ( 'NONE',  ( 0.0000000000000000000, 1.000000000000000000, 0.0000000000000000000 ) ) ;
#1435 = EDGE_LOOP ( 'NONE', ( #804, #52, #941, #782 ) ) ;
#1436 = ORIENTED_EDGE ( 'NONE', *, *, #569, .T. ) ;
#1437 = CARTESIAN_POINT ( 'NONE',  ( 8.000000000000000000, 12.50000000000000400, 7.000000000000000000 ) ) ;
#1438 = DIRECTION ( 'NONE',  ( -0.0000000000000000000, -0.0000000000000000000, -1.000000000000000000 ) ) ;
#1439 = PRESENTATION_STYLE_ASSIGNMENT (( #1690 ) ) ;
#1440 = EDGE_LOOP ( 'NONE', ( #2343, #1521, #1594 ) ) ;
#1441 = DIRECTION ( 'NONE',  ( 0.0000000000000000000, 1.000000000000000000, 0.0000000000000000000 ) ) ;
#1442 = EDGE_LOOP ( 'NONE', ( #465, #436, #2127, #1547 ) ) ;
#1443 = DIRECTION ( 'NONE',  ( 1.000000000000000000, -1.101411730778925400E-016, -0.0000000000000000000 ) ) ;
#1444 = ORIENTED_EDGE ( 'NONE', *, *, #1194, .F. ) ;
#1445 = DIRECTION ( 'NONE',  ( -0.0000000000000000000, -0.0000000000000000000, -1.000000000000000000 ) ) ;
#1446 = CARTESIAN_POINT ( 'NONE',  ( 21.00000000000000000, -23.00000000000000000, 13.50000000000000000 ) ) ;
#1447 = VERTEX_POINT ( 'NONE', #298 ) ;
#1448 = CARTESIAN_POINT ( 'NONE',  ( 21.00000000000000000, -23.00000000000000000, 0.5000000000000004400 ) ) ;
#1449 = DIRECTION ( 'NONE',  ( 0.0000000000000000000, 0.0000000000000000000, 1.000000000000000000 ) ) ;
#1450 = DIRECTION ( 'NONE',  ( 0.0000000000000000000, 1.000000000000000000, -0.0000000000000000000 ) ) ;
#1451 = ORIENTED_EDGE ( 'NONE', *, *, #779, .F. ) ;
#1452 = FACE_OUTER_BOUND ( 'NONE', #1356, .T. ) ;
#1453 = CARTESIAN_POINT ( 'NONE',  ( 10.49999999999999600, -16.49999999999999600, 0.5000000000000004400 ) ) ;
#1454 = DIRECTION ( 'NONE',  ( -0.0000000000000000000, -1.000000000000000000, 0.0000000000000000000 ) ) ;
#1455 = VERTEX_POINT ( 'NONE', #543 ) ;
#1456 = AXIS2_PLACEMENT_3D ( 'NONE', #1657, #1660, #1661 ) ;
#1457 = ORIENTED_EDGE ( 'NONE', *, *, #1096, .T. ) ;
#1458 = DIRECTION ( 'NONE',  ( 0.0000000000000000000, 0.0000000000000000000, 1.000000000000000000 ) ) ;
#1459 = ORIENTED_EDGE ( 'NONE', *, *, #798, .F. ) ;
#1460 = DIRECTION ( 'NONE',  ( -0.0000000000000000000, -1.000000000000000000, -0.0000000000000000000 ) ) ;
#1461 = DIRECTION ( 'NONE',  ( 1.000000000000000000, 0.0000000000000000000, 0.0000000000000000000 ) ) ;
#1462 = ORIENTED_EDGE ( 'NONE', *, *, #1293, .F. ) ;
#1463 = DIRECTION ( 'NONE',  ( 0.0000000000000000000, 0.0000000000000000000, 1.000000000000000000 ) ) ;
#1464 = ADVANCED_FACE ( 'NONE', ( #2351 ), #2303, .F. ) ;
#1465 = EDGE_LOOP ( 'NONE', ( #1950, #309, #1985, #1332 ) ) ;
#1466 = CARTESIAN_POINT ( 'NONE',  ( 0.0000000000000000000, 0.0000000000000000000, 14.00000000000000000 ) ) ;
#1467 = ORIENTED_EDGE ( 'NONE', *, *, #999, .T. ) ;
#1468 = DIRECTION ( 'NONE',  ( -0.0000000000000000000, -1.000000000000000000, -0.0000000000000000000 ) ) ;
#1469 = FACE_BOUND ( 'NONE', #1348, .T. ) ;
#1470 = EDGE_LOOP ( 'NONE', ( #2178, #1485, #496, #1481 ) ) ;
#1471 = DIRECTION ( 'NONE',  ( 1.000000000000000000, 0.0000000000000000000, 0.0000000000000000000 ) ) ;
#1472 = EDGE_LOOP ( 'NONE', ( #498, #1689, #921, #474 ) ) ;
#1473 = EDGE_LOOP ( 'NONE', ( #1633, #812, #694 ) ) ;
#1474 = CIRCLE ( 'NONE', #151, 0.5000000000000004400 ) ;
#1475 = ORIENTED_EDGE ( 'NONE', *, *, #458, .T. ) ;
#1476 = DIRECTION ( 'NONE',  ( -1.000000000000000000, 0.0000000000000000000, 0.0000000000000000000 ) ) ;
#1477 = PLANE ( 'NONE',  #113 ) ;
#1478 = CARTESIAN_POINT ( 'NONE',  ( 9.499999999999998200, -1.046341144239978800E-015, 0.0000000000000000000 ) ) ;
#1479 = ADVANCED_FACE ( 'NONE', ( #2329 ), #2011, .F. ) ;
#1480 = ORIENTED_EDGE ( 'NONE', *, *, #1259, .T. ) ;
#1481 = ORIENTED_EDGE ( 'NONE', *, *, #1123, .T. ) ;
#1482 = DIRECTION ( 'NONE',  ( 0.0000000000000000000, 0.0000000000000000000, 1.000000000000000000 ) ) ;
#1483 = DIRECTION ( 'NONE',  ( 1.000000000000000000, 0.0000000000000000000, -0.0000000000000000000 ) ) ;
#1484 = CYLINDRICAL_SURFACE ( 'NONE', #2184, 2.000000000000000000 ) ;
#1485 = ORIENTED_EDGE ( 'NONE', *, *, #1113, .T. ) ;
#1486 = CARTESIAN_POINT ( 'NONE',  ( -10.49999999999999600, -16.49999999999999600, 0.5000000000000004400 ) ) ;
#1487 = DIRECTION ( 'NONE',  ( 0.0000000000000000000, 0.0000000000000000000, -1.000000000000000000 ) ) ;
#1488 = VERTEX_POINT ( 'NONE', #600 ) ;
#1489 = DIRECTION ( 'NONE',  ( -3.154042683594193100E-016, 1.000000000000000000, -0.0000000000000000000 ) ) ;
#1490 = ADVANCED_FACE ( 'NONE', ( #2288 ), #2371, .T. ) ;
#1491 = ORIENTED_EDGE ( 'NONE', *, *, #854, .F. ) ;
#1492 = CARTESIAN_POINT ( 'NONE',  ( -1.000000000000000700, 8.500000000000005300, 7.000000000000000000 ) ) ;
#1493 = VERTEX_POINT ( 'NONE', #915 ) ;
#1494 = ADVANCED_FACE ( 'NONE', ( #2180 ), #2160, .T. ) ;
#1495 = ORIENTED_EDGE ( 'NONE', *, *, #930, .F. ) ;
#1496 = DIRECTION ( 'NONE',  ( -0.0000000000000000000, -0.0000000000000000000, -1.000000000000000000 ) ) ;
#1497 = ORIENTED_EDGE ( 'NONE', *, *, #265, .T. ) ;
#1498 = CARTESIAN_POINT ( 'NONE',  ( 18.75000000000000000, -16.99999999999999600, 7.000000000000000000 ) ) ;
#1499 = CARTESIAN_POINT ( 'NONE',  ( -18.74999999999999600, -23.00000000000002100, 7.000000000000000000 ) ) ;
#1500 = EDGE_LOOP ( 'NONE', ( #2148, #1724, #1444, #2106 ) ) ;
#1501 = FACE_OUTER_BOUND ( 'NONE', #1654, .T. ) ;
#1502 = EDGE_LOOP ( 'NONE', ( #2254, #2234, #2216, #1977 ) ) ;
#1503 = CARTESIAN_POINT ( 'NONE',  ( -16.00000000000000000, -16.99999999999999600, 7.000000000000000000 ) ) ;
#1504 = DIRECTION ( 'NONE',  ( 1.000000000000000000, -1.101411730778925300E-016, -0.0000000000000000000 ) ) ;
#1505 = FACE_OUTER_BOUND ( 'NONE', #1606, .T. ) ;
#1506 = AXIS2_PLACEMENT_3D ( 'NONE', #980, #994, #1171 ) ;
#1507 = DIRECTION ( 'NONE',  ( 3.154042683594193600E-016, -1.000000000000000000, -0.0000000000000000000 ) ) ;
#1508 = EDGE_LOOP ( 'NONE', ( #279, #2044, #370 ) ) ;
#1509 = CARTESIAN_POINT ( 'NONE',  ( 1.000000000000000700, 8.500000000000005300, 7.000000000000000000 ) ) ;
#1510 = DIRECTION ( 'NONE',  ( 1.000000000000000000, 0.0000000000000000000, 0.0000000000000000000 ) ) ;
#1511 = CARTESIAN_POINT ( 'NONE',  ( 10.00000000000000000, 14.00000000000000200, 0.5000000000000004400 ) ) ;
#1512 = ORIENTED_EDGE ( 'NONE', *, *, #837, .T. ) ;
#1513 = VERTEX_POINT ( 'NONE', #769 ) ;
#1514 = PRODUCT_DEFINITION_SHAPE ( 'NONE', 'NONE',  #2137 ) ;
#1515 = FACE_OUTER_BOUND ( 'NONE', #1355, .T. ) ;
#1516 = VERTEX_POINT ( 'NONE', #1006 ) ;
#1517 = DIRECTION ( 'NONE',  ( -3.154042683594193100E-016, 1.000000000000000000, -0.0000000000000000000 ) ) ;
#1518 = CARTESIAN_POINT ( 'NONE',  ( 20.50000000000000000, 0.0000000000000000000, 0.0000000000000000000 ) ) ;
#1519 = ORIENTED_EDGE ( 'NONE', *, *, #418, .T. ) ;
#1520 = ORIENTED_EDGE ( 'NONE', *, *, #461, .F. ) ;
#1521 = ORIENTED_EDGE ( 'NONE', *, *, #1279, .T. ) ;
#1522 = DIRECTION ( 'NONE',  ( 1.000000000000000000, 0.0000000000000000000, 0.0000000000000000000 ) ) ;
#1523 = DIRECTION ( 'NONE',  ( 0.0000000000000000000, 0.0000000000000000000, 1.000000000000000000 ) ) ;
#1524 = EDGE_LOOP ( 'NONE', ( #36, #2188, #1195, #560 ) ) ;
#1525 = ADVANCED_FACE ( 'NONE', ( #2306, #1469, #1709 ), #1008, .F. ) ;
#1526 = CARTESIAN_POINT ( 'NONE',  ( -6.000000000000000900, 0.0000000000000000000, 0.5000000000000004400 ) ) ;
#1527 = ORIENTED_EDGE ( 'NONE', *, *, #299, .T. ) ;
#1528 = DIRECTION ( 'NONE',  ( 0.0000000000000000000, 0.0000000000000000000, -1.000000000000000000 ) ) ;
#1529 = DIRECTION ( 'NONE',  ( -1.000000000000000000, 0.0000000000000000000, 0.0000000000000000000 ) ) ;
#1530 = EDGE_LOOP ( 'NONE', ( #197, #1480, #1462, #246 ) ) ;
#1531 = EDGE_LOOP ( 'NONE', ( #834, #1607, #34, #2258 ) ) ;
#1532 = CIRCLE ( 'NONE', #1456, 0.5000000000000000000 ) ;
#1533 = EDGE_LOOP ( 'NONE', ( #1240, #339, #2090, #333 ) ) ;
#1534 = DIRECTION ( 'NONE',  ( -1.000000000000000000, 0.0000000000000000000, 0.0000000000000000000 ) ) ;
#1535 = DIRECTION ( 'NONE',  ( 1.000000000000000000, 3.154042683594193600E-016, -0.0000000000000000000 ) ) ;
#1536 = SURFACE_STYLE_FILL_AREA ( #1685 ) ;
#1537 = ORIENTED_EDGE ( 'NONE', *, *, #653, .T. ) ;
#1538 = CARTESIAN_POINT ( 'NONE',  ( 5.519574696289837100E-015, -17.49999999999999600, 0.0000000000000000000 ) ) ;
#1539 = CARTESIAN_POINT ( 'NONE',  ( -15.99999999999999600, -23.00000000000002100, 7.000000000000000000 ) ) ;
#1540 = ORIENTED_EDGE ( 'NONE', *, *, #409, .T. ) ;
#1541 = DIRECTION ( 'NONE',  ( -1.000000000000000000, 0.0000000000000000000, 0.0000000000000000000 ) ) ;
#1542 = FACE_OUTER_BOUND ( 'NONE', #1677, .T. ) ;
#1543 = CARTESIAN_POINT ( 'NONE',  ( -20.50000000000000000, 0.0000000000000000000, 0.0000000000000000000 ) ) ;
#1544 = DIRECTION ( 'NONE',  ( 3.154042683594193600E-016, 1.000000000000000000, 0.0000000000000000000 ) ) ;
#1545 = VERTEX_POINT ( 'NONE', #1013 ) ;
#1546 = DIRECTION ( 'NONE',  ( -0.0000000000000000000, 1.000000000000000000, -0.0000000000000000000 ) ) ;
#1547 = ORIENTED_EDGE ( 'NONE', *, *, #1172, .T. ) ;
#1548 = DIRECTION ( 'NONE',  ( -1.000000000000000000, 0.0000000000000000000, 0.0000000000000000000 ) ) ;
#1549 = ORIENTED_EDGE ( 'NONE', *, *, #1044, .F. ) ;
#1550 = VERTEX_POINT ( 'NONE', #1156 ) ;
#1551 = CARTESIAN_POINT ( 'NONE',  ( 1.500000000000000400, 6.324555320336759900, 14.00000000000000000 ) ) ;
#1552 = EDGE_LOOP ( 'NONE', ( #1237, #2124, #302, #2093 ) ) ;
#1553 = DIRECTION ( 'NONE',  ( 1.101411730778925300E-016, 1.000000000000000000, 0.0000000000000000000 ) ) ;
#1554 = COLOUR_RGB ( '',0.8980392156862745400, 0.9215686274509803400, 0.9294117647058823800 ) ;
#1555 = CARTESIAN_POINT ( 'NONE',  ( 1.500000000000000400, 6.324555320336759900, 0.5000000000000004400 ) ) ;
#1556 = FACE_OUTER_BOUND ( 'NONE', #1177, .T. ) ;
#1557 = EDGE_LOOP ( 'NONE', ( #1422, #1182, #297 ) ) ;
#1558 = CIRCLE ( 'NONE', #1632, 0.5000000000000000000 ) ;
#1559 = DIRECTION ( 'NONE',  ( -0.0000000000000000000, 0.0000000000000000000, 1.000000000000000000 ) ) ;
#1560 = EDGE_LOOP ( 'NONE', ( #2071, #2052, #345 ) ) ;
#1561 = DIRECTION ( 'NONE',  ( 1.000000000000000000, -1.101411730778925300E-016, 0.0000000000000000000 ) ) ;
#1562 = CARTESIAN_POINT ( 'NONE',  ( 8.000000000000000000, 10.50000000000000400, 7.000000000000000000 ) ) ;
#1563 = ORIENTED_EDGE ( 'NONE', *, *, #306, .F. ) ;
#1564 = VERTEX_POINT ( 'NONE', #1433 ) ;
#1565 = ORIENTED_EDGE ( 'NONE', *, *, #842, .T. ) ;
#1566 = DIRECTION ( 'NONE',  ( -0.0000000000000000000, -0.0000000000000000000, -1.000000000000000000 ) ) ;
#1567 = DIRECTION ( 'NONE',  ( 0.0000000000000000000, 1.000000000000000000, 0.0000000000000000000 ) ) ;
#1568 = ORIENTED_EDGE ( 'NONE', *, *, #428, .T. ) ;
#1569 = ORIENTED_EDGE ( 'NONE', *, *, #767, .F. ) ;
#1570 = ORIENTED_EDGE ( 'NONE', *, *, #306, .T. ) ;
#1571 = CARTESIAN_POINT ( 'NONE',  ( -8.000000000000000000, 8.500000000000003600, 7.000000000000000000 ) ) ;
#1572 = CARTESIAN_POINT ( 'NONE',  ( -9.499999999999998200, -1.046341144239978800E-015, 0.0000000000000000000 ) ) ;
#1573 = ORIENTED_EDGE ( 'NONE', *, *, #631, .T. ) ;
#1574 = AXIS2_PLACEMENT_3D ( 'NONE', #1609, #1624, #1637 ) ;
#1575 = EDGE_LOOP ( 'NONE', ( #2317, #192, #100, #1603 ) ) ;
#1576 = DIRECTION ( 'NONE',  ( 4.336808689942013800E-016, -1.000000000000000000, 0.0000000000000000000 ) ) ;
#1577 = ORIENTED_EDGE ( 'NONE', *, *, #975, .F. ) ;
#1578 = DIRECTION ( 'NONE',  ( -1.101411730778925300E-016, 1.000000000000000000, -0.0000000000000000000 ) ) ;
#1579 = EDGE_LOOP ( 'NONE', ( #242, #215, #1746, #148 ) ) ;
#1580 = FACE_OUTER_BOUND ( 'NONE', #1440, .T. ) ;
#1581 = EDGE_LOOP ( 'NONE', ( #2020, #1764, #1573, #1569 ) ) ;
#1582 = CARTESIAN_POINT ( 'NONE',  ( -10.49999999999999600, -16.49999999999999600, 0.0000000000000000000 ) ) ;
#1583 = SPHERICAL_SURFACE ( 'NONE', #1574, 0.5000000000000000000 ) ;
#1584 = ORIENTED_EDGE ( 'NONE', *, *, #395, .T. ) ;
#1585 = EDGE_LOOP ( 'NONE', ( #195, #2358, #2379, #2341 ) ) ;
#1586 = DIRECTION ( 'NONE',  ( -1.000000000000000000, 0.0000000000000000000, 0.0000000000000000000 ) ) ;
#1587 = DIRECTION ( 'NONE',  ( -0.0000000000000000000, -0.0000000000000000000, -1.000000000000000000 ) ) ;
#1588 = LINE ( 'NONE', #1326, #2162 ) ;
#1589 = ORIENTED_EDGE ( 'NONE', *, *, #499, .T. ) ;
#1590 = DIRECTION ( 'NONE',  ( 1.000000000000000000, 0.0000000000000000000, 0.0000000000000000000 ) ) ;
#1591 = CARTESIAN_POINT ( 'NONE',  ( -21.00000000000000000, -17.50000000000000000, 0.5000000000000004400 ) ) ;
#1592 = ORIENTED_EDGE ( 'NONE', *, *, #565, .T. ) ;
#1593 = PLANE ( 'NONE',  #2225 ) ;
#1594 = ORIENTED_EDGE ( 'NONE', *, *, #1302, .F. ) ;
#1595 = DIRECTION ( 'NONE',  ( 0.0000000000000000000, -1.000000000000000000, 0.0000000000000000000 ) ) ;
#1596 = ORIENTED_EDGE ( 'NONE', *, *, #1257, .T. ) ;
#1597 = CARTESIAN_POINT ( 'NONE',  ( 8.000000000000000000, 10.50000000000000400, 7.000000000000000000 ) ) ;
#1598 = ORIENTED_EDGE ( 'NONE', *, *, #896, .F. ) ;
#1599 = ORIENTED_EDGE ( 'NONE', *, *, #798, .T. ) ;
#1600 = CARTESIAN_POINT ( 'NONE',  ( 13.24999999999999800, -23.00000000000001100, 7.000000000000000000 ) ) ;
#1601 = AXIS2_PLACEMENT_3D ( 'NONE', #1662, #1672, #1665 ) ;
#1602 = DIRECTION ( 'NONE',  ( 1.000000000000000000, -1.101411730778925300E-016, 0.0000000000000000000 ) ) ;
#1603 = ORIENTED_EDGE ( 'NONE', *, *, #565, .F. ) ;
#1604 = DIRECTION ( 'NONE',  ( 0.0000000000000000000, 1.000000000000000000, 0.0000000000000000000 ) ) ;
#1605 = ADVANCED_FACE ( 'NONE', ( #2135 ), #2084, .T. ) ;
#1606 = EDGE_LOOP ( 'NONE', ( #1644, #1160, #469, #1185 ) ) ;
#1607 = ORIENTED_EDGE ( 'NONE', *, *, #538, .F. ) ;
#1608 = CARTESIAN_POINT ( 'NONE',  ( -13.25000000000000200, -16.99999999999999600, 7.000000000000000000 ) ) ;
#1609 = CARTESIAN_POINT ( 'NONE',  ( -1.500000000000001300, 13.99999999999999600, 0.5000000000000000000 ) ) ;
#1610 = CARTESIAN_POINT ( 'NONE',  ( 1.500000000000001300, 13.99999999999999600, 13.50000000000000000 ) ) ;
#1611 = CARTESIAN_POINT ( 'NONE',  ( 1.500000000000000700, 6.324555320336759900, 0.5000000000000004400 ) ) ;
#1612 = EDGE_LOOP ( 'NONE', ( #987, #1652, #1720 ) ) ;
#1613 = DIRECTION ( 'NONE',  ( 0.9730085108210399000, -0.2307692307692308400, -0.0000000000000000000 ) ) ;
#1614 = EDGE_LOOP ( 'NONE', ( #1702, #1295, #1549, #1577 ) ) ;
#1615 = FACE_OUTER_BOUND ( 'NONE', #1659, .T. ) ;
#1616 = EDGE_LOOP ( 'NONE', ( #1199, #689, #670 ) ) ;
#1617 = DIRECTION ( 'NONE',  ( 0.0000000000000000000, -1.000000000000000000, 0.0000000000000000000 ) ) ;
#1618 = DIRECTION ( 'NONE',  ( 1.000000000000000000, 0.0000000000000000000, 0.0000000000000000000 ) ) ;
#1619 = EDGE_LOOP ( 'NONE', ( #57, #80, #1188, #2024 ) ) ;
#1620 = CARTESIAN_POINT ( 'NONE',  ( -21.00000000000000000, -23.00000000000000000, 13.50000000000000000 ) ) ;
#1621 = DIRECTION ( 'NONE',  ( -0.2307692307692311400, -0.9730085108210396700, 0.0000000000000000000 ) ) ;
#1622 = DIRECTION ( 'NONE',  ( 0.0000000000000000000, 1.000000000000000000, 0.0000000000000000000 ) ) ;
#1623 = FILL_AREA_STYLE_COLOUR ( '', #1554 ) ;
#1624 = DIRECTION ( 'NONE',  ( 0.0000000000000000000, 1.000000000000000000, 0.0000000000000000000 ) ) ;
#1625 = DIRECTION ( 'NONE',  ( -0.0000000000000000000, -0.0000000000000000000, -1.000000000000000000 ) ) ;
#1626 = VERTEX_POINT ( 'NONE', #1608 ) ;
#1627 = CARTESIAN_POINT ( 'NONE',  ( -8.000000000000000000, 10.50000000000000400, 7.000000000000000000 ) ) ;
#1628 = CARTESIAN_POINT ( 'NONE',  ( 1.500000000000000700, 6.324555320336759900, 13.50000000000000000 ) ) ;
#1629 = ORIENTED_EDGE ( 'NONE', *, *, #847, .T. ) ;
#1630 = CARTESIAN_POINT ( 'NONE',  ( -9.499999999999996400, -16.49999999999999600, 0.0000000000000000000 ) ) ;
#1631 = DIRECTION ( 'NONE',  ( 0.9730085108210399000, -0.2307692307692308400, -0.0000000000000000000 ) ) ;
#1632 = AXIS2_PLACEMENT_3D ( 'NONE', #1230, #1747, #1735 ) ;
#1633 = ORIENTED_EDGE ( 'NONE', *, *, #1158, .T. ) ;
#1634 = DIRECTION ( 'NONE',  ( 3.154042683594193600E-016, -1.000000000000000000, 0.0000000000000000000 ) ) ;
#1635 = DIRECTION ( 'NONE',  ( -0.2307692307692311400, -0.9730085108210396700, 0.0000000000000000000 ) ) ;
#1636 = ORIENTED_EDGE ( 'NONE', *, *, #1302, .T. ) ;
#1637 = DIRECTION ( 'NONE',  ( 1.000000000000000000, 0.0000000000000000000, 0.0000000000000000000 ) ) ;
#1638 = CARTESIAN_POINT ( 'NONE',  ( 20.50000000000000000, -17.50000000000000000, 13.50000000000000000 ) ) ;
#1639 = ADVANCED_FACE ( 'NONE', ( #2065 ), #2036, .F. ) ;
#1640 = VERTEX_POINT ( 'NONE', #1630 ) ;
#1641 = DIRECTION ( 'NONE',  ( -0.0000000000000000000, -0.0000000000000000000, -1.000000000000000000 ) ) ;
#1642 = ORIENTED_EDGE ( 'NONE', *, *, #1330, .F. ) ;
#1643 = DIRECTION ( 'NONE',  ( 1.000000000000000000, 0.0000000000000000000, 0.0000000000000000000 ) ) ;
#1644 = ORIENTED_EDGE ( 'NONE', *, *, #1017, .T. ) ;
#1645 = CARTESIAN_POINT ( 'NONE',  ( 0.0000000000000000000, 0.0000000000000000000, 14.00000000000000000 ) ) ;
#1646 = ORIENTED_EDGE ( 'NONE', *, *, #313, .T. ) ;
#1647 = DIRECTION ( 'NONE',  ( -0.0000000000000000000, -0.0000000000000000000, -1.000000000000000000 ) ) ;
#1648 = EDGE_LOOP ( 'NONE', ( #1384, #1598, #2168, #161 ) ) ;
#1649 = DIRECTION ( 'NONE',  ( 1.000000000000000000, 0.0000000000000000000, 0.0000000000000000000 ) ) ;
#1650 = EDGE_LOOP ( 'NONE', ( #2131, #2077, #1568, #1459 ) ) ;
#1651 = FACE_OUTER_BOUND ( 'NONE', #1472, .T. ) ;
#1652 = ORIENTED_EDGE ( 'NONE', *, *, #1031, .T. ) ;
#1653 = AXIS2_PLACEMENT_3D ( 'NONE', #2075, #2019, #2028 ) ;
#1654 = EDGE_LOOP ( 'NONE', ( #2146, #2192, #2108 ) ) ;
#1655 = CYLINDRICAL_SURFACE ( 'NONE', #316, 0.5000000000000004400 ) ;
#1656 = EDGE_LOOP ( 'NONE', ( #1414, #14, #1670, #2218 ) ) ;
#1657 = CARTESIAN_POINT ( 'NONE',  ( -1.500000000000000400, 6.324555320336759900, 0.5000000000000004400 ) ) ;
#1658 = FACE_OUTER_BOUND ( 'NONE', #1612, .T. ) ;
#1659 = EDGE_LOOP ( 'NONE', ( #1299, #2362, #12, #83 ) ) ;
#1660 = DIRECTION ( 'NONE',  ( 0.0000000000000000000, 1.000000000000000000, -4.163336342344337000E-014 ) ) ;
#1661 = DIRECTION ( 'NONE',  ( 0.0000000000000000000, 4.163336342344337000E-014, 1.000000000000000000 ) ) ;
#1662 = CARTESIAN_POINT ( 'NONE',  ( 1.500000000000001300, 13.99999999999999600, 13.50000000000000000 ) ) ;
#1663 = DIRECTION ( 'NONE',  ( -1.000000000000000000, 0.0000000000000000000, 0.0000000000000000000 ) ) ;
#1664 = ORIENTED_EDGE ( 'NONE', *, *, #1330, .T. ) ;
#1665 = DIRECTION ( 'NONE',  ( 1.000000000000000000, 0.0000000000000000000, 0.0000000000000000000 ) ) ;
#1666 = CARTESIAN_POINT ( 'NONE',  ( -1.500000000000001300, 13.99999999999999600, 0.5000000000000004400 ) ) ;
#1667 = VERTEX_POINT ( 'NONE', #1688 ) ;
#1668 = CARTESIAN_POINT ( 'NONE',  ( 15.99999999999999600, -23.00000000000001100, 7.000000000000000000 ) ) ;
#1669 = ADVANCED_FACE ( 'NONE', ( #2083 ), #1966, .F. ) ;
#1670 = ORIENTED_EDGE ( 'NONE', *, *, #1284, .F. ) ;
#1671 = DIRECTION ( 'NONE',  ( -0.0000000000000000000, 1.000000000000000000, 0.0000000000000000000 ) ) ;
#1672 = DIRECTION ( 'NONE',  ( -0.0000000000000000000, -0.0000000000000000000, -1.000000000000000000 ) ) ;
#1673 = VERTEX_POINT ( 'NONE', #1791 ) ;
#1674 = DIRECTION ( 'NONE',  ( 3.154042683594193600E-016, 1.000000000000000000, 0.0000000000000000000 ) ) ;
#1675 = ORIENTED_EDGE ( 'NONE', *, *, #1017, .F. ) ;
#1676 = DIRECTION ( 'NONE',  ( -1.000000000000000000, 0.0000000000000000000, 0.0000000000000000000 ) ) ;
#1677 = EDGE_LOOP ( 'NONE', ( #1596, #1191, #2073 ) ) ;
#1678 = DIRECTION ( 'NONE',  ( 0.0000000000000000000, 0.0000000000000000000, 1.000000000000000000 ) ) ;
#1679 = EDGE_LOOP ( 'NONE', ( #1954, #625 ) ) ;
#1680 = CARTESIAN_POINT ( 'NONE',  ( 9.500000000000000000, 14.00000000000000200, 13.50000000000000000 ) ) ;
#1681 = LINE ( 'NONE', #1285, #1806 ) ;
#1682 = SPHERICAL_SURFACE ( 'NONE', #2287, 0.5000000000000000000 ) ;
#1683 = ORIENTED_EDGE ( 'NONE', *, *, #729, .T. ) ;
#1684 = CARTESIAN_POINT ( 'NONE',  ( 0.0000000000000000000, 0.0000000000000000000, 14.00000000000000000 ) ) ;
#1685 = FILL_AREA_STYLE ('',( #1623 ) ) ;
#1686 = EDGE_LOOP ( 'NONE', ( #438, #2360, #1974 ) ) ;
#1687 = SURFACE_SIDE_STYLE ('',( #1536 ) ) ;
#1688 = CARTESIAN_POINT ( 'NONE',  ( -10.49999999999999600, -17.49999999999999600, 0.0000000000000000000 ) ) ;
#1689 = ORIENTED_EDGE ( 'NONE', *, *, #822, .F. ) ;
#1690 = SURFACE_STYLE_USAGE ( .BOTH. , #1687 ) ;
#1691 = ADVANCED_FACE ( 'NONE', ( #2039 ), #2348, .T. ) ;
#1692 = ORIENTED_EDGE ( 'NONE', *, *, #280, .F. ) ;
#1693 = CARTESIAN_POINT ( 'NONE',  ( -21.00099999999999800, 12.50000000000000700, 7.000000000000000000 ) ) ;
#1694 = VERTEX_POINT ( 'NONE', #1970 ) ;
#1695 =( LENGTH_UNIT ( ) NAMED_UNIT ( * ) SI_UNIT ( .MILLI., .METRE. ) );
#1696 = DIRECTION ( 'NONE',  ( -1.000000000000000000, -1.101411730778925300E-016, -0.0000000000000000000 ) ) ;
#1697 =( NAMED_UNIT ( * ) PLANE_ANGLE_UNIT ( ) SI_UNIT ( $, .RADIAN. ) );
#1698 = VERTEX_POINT ( 'NONE', #1967 ) ;
#1699 =( NAMED_UNIT ( * ) SI_UNIT ( $, .STERADIAN. ) SOLID_ANGLE_UNIT ( ) );
#1700 = ADVANCED_FACE ( 'NONE', ( #1883 ), #1204, .F. ) ;
#1701 = CARTESIAN_POINT ( 'NONE',  ( -9.999999999999996400, -16.49999999999999600, 13.50000000000000000 ) ) ;
#1702 = ORIENTED_EDGE ( 'NONE', *, *, #433, .F. ) ;
#1703 = ADVANCED_FACE ( 'NONE', ( #1910 ), #190, .T. ) ;
#1704 = CARTESIAN_POINT ( 'NONE',  ( -1.500000000000000400, 6.324555320336759900, 14.00000000000000000 ) ) ;
#1705 = CARTESIAN_POINT ( 'NONE',  ( 1.500000000000001100, 14.49999999999999600, 0.5000000000000004400 ) ) ;
#1706 = ADVANCED_FACE ( 'NONE', ( #1830 ), #1777, .T. ) ;
#1707 = CARTESIAN_POINT ( 'NONE',  ( -10.49999999999999600, -16.49999999999999600, 14.00000000000000000 ) ) ;
#1708 = ORIENTED_EDGE ( 'NONE', *, *, #287, .T. ) ;
#1709 = FACE_OUTER_BOUND ( 'NONE', #1090, .T. ) ;
#1710 = DIRECTION ( 'NONE',  ( 1.000000000000000000, 0.0000000000000000000, 0.0000000000000000000 ) ) ;
#1711 = CIRCLE ( 'NONE', #27, 0.4999999999999997200 ) ;
#1712 = CYLINDRICAL_SURFACE ( 'NONE', #2297, 2.000000000000000000 ) ;
#1713 = AXIS2_PLACEMENT_3D ( 'NONE', #1597, #1602, #1604 ) ;
#1714 = VECTOR ( 'NONE', #1578, 1000.000000000000000 ) ;
#1715 = CARTESIAN_POINT ( 'NONE',  ( 21.00000000000000000, -17.50000000000000000, 13.50000000000000000 ) ) ;
#1716 = DIRECTION ( 'NONE',  ( 0.0000000000000000000, 1.000000000000000000, 0.0000000000000000000 ) ) ;
#1717 = CARTESIAN_POINT ( 'NONE',  ( -1.500000000000000700, 6.324555320336759900, 13.50000000000000000 ) ) ;
#1718 = VERTEX_POINT ( 'NONE', #2248 ) ;
#1719 = DIRECTION ( 'NONE',  ( -0.0000000000000000000, 0.0000000000000000000, 1.000000000000000000 ) ) ;
#1720 = ORIENTED_EDGE ( 'NONE', *, *, #1057, .F. ) ;
#1721 = CARTESIAN_POINT ( 'NONE',  ( 1.000000000000000200, 6.324555320336759000, 0.5000000000000004400 ) ) ;
#1722 = DIRECTION ( 'NONE',  ( 1.000000000000000000, 0.0000000000000000000, 0.0000000000000000000 ) ) ;
#1723 = ORIENTED_EDGE ( 'NONE', *, *, #1085, .F. ) ;
#1724 = ORIENTED_EDGE ( 'NONE', *, *, #418, .F. ) ;
#1725 = ORIENTED_EDGE ( 'NONE', *, *, #810, .T. ) ;
#1726 = VERTEX_POINT ( 'NONE', #2179 ) ;
#1727 = CARTESIAN_POINT ( 'NONE',  ( -20.50000000000000000, -17.50000000000000000, 0.5000000000000000000 ) ) ;
#1728 = CARTESIAN_POINT ( 'NONE',  ( 10.00000000000000000, 14.00000000000000200, 13.50000000000000000 ) ) ;
#1729 = DIRECTION ( 'NONE',  ( 0.0000000000000000000, 1.000000000000000000, 0.0000000000000000000 ) ) ;
#1730 = CIRCLE ( 'NONE', #1601, 0.5000000000000000000 ) ;
#1731 = DIRECTION ( 'NONE',  ( 0.0000000000000000000, 0.0000000000000000000, 1.000000000000000000 ) ) ;
#1732 = CARTESIAN_POINT ( 'NONE',  ( -1.000000000000001300, 13.99999999999999600, 13.50000000000000000 ) ) ;
#1733 = ORIENTED_EDGE ( 'NONE', *, *, #1044, .T. ) ;
#1734 = CARTESIAN_POINT ( 'NONE',  ( -9.999999999999996400, -16.99999999999999600, 14.00000000000000000 ) ) ;
#1735 = DIRECTION ( 'NONE',  ( 1.000000000000000000, 0.0000000000000000000, 0.0000000000000000000 ) ) ;
#1736 = ORIENTED_EDGE ( 'NONE', *, *, #1074, .F. ) ;
#1737 = ADVANCED_FACE ( 'NONE', ( #1991 ), #1752, .T. ) ;
#1738 = DIRECTION ( 'NONE',  ( -1.000000000000000000, -3.154042683594193600E-016, 0.0000000000000000000 ) ) ;
#1739 = VERTEX_POINT ( 'NONE', #568 ) ;
#1740 = CARTESIAN_POINT ( 'NONE',  ( -1.500000000000001300, 13.99999999999999600, 0.5000000000000004400 ) ) ;
#1741 = DIRECTION ( 'NONE',  ( -0.0000000000000000000, -0.0000000000000000000, 1.000000000000000000 ) ) ;
#1742 = ORIENTED_EDGE ( 'NONE', *, *, #725, .F. ) ;
#1743 = ORIENTED_EDGE ( 'NONE', *, *, #742, .F. ) ;
#1744 = AXIS2_PLACEMENT_3D ( 'NONE', #1376, #1487, #1529 ) ;
#1745 = DIRECTION ( 'NONE',  ( 0.0000000000000000000, -1.000000000000000000, 0.0000000000000000000 ) ) ;
#1746 = ORIENTED_EDGE ( 'NONE', *, *, #1257, .F. ) ;
#1747 = DIRECTION ( 'NONE',  ( -0.0000000000000000000, 0.0000000000000000000, 1.000000000000000000 ) ) ;
#1748 = CARTESIAN_POINT ( 'NONE',  ( 1.384615384615385200, 5.838051064926240500, 13.50000000000000000 ) ) ;
#1749 = DIRECTION ( 'NONE',  ( -1.000000000000000000, 0.0000000000000000000, 0.0000000000000000000 ) ) ;
#1750 = ADVANCED_FACE ( 'NONE', ( #1833 ), #1655, .F. ) ;
#1751 = DIRECTION ( 'NONE',  ( 1.263061800540599500E-016, 1.000000000000000000, 0.0000000000000000000 ) ) ;
#1752 = CYLINDRICAL_SURFACE ( 'NONE', #323, 0.5000000000000000000 ) ;
#1753 = CIRCLE ( 'NONE', #46, 0.4999999999999997200 ) ;
#1754 = FACE_OUTER_BOUND ( 'NONE', #1055, .T. ) ;
#1755 = DIRECTION ( 'NONE',  ( 1.000000000000000000, 4.336808689942013300E-016, -0.0000000000000000000 ) ) ;
#1756 = DIRECTION ( 'NONE',  ( 4.336808689942013800E-016, -1.000000000000000000, 0.0000000000000000000 ) ) ;
#1757 = ADVANCED_FACE ( 'NONE', ( #1754 ), #1712, .F. ) ;
#1758 = CARTESIAN_POINT ( 'NONE',  ( -1.500000000000001100, 13.99999999999999600, 0.5000000000000000000 ) ) ;
#1759 = ORIENTED_EDGE ( 'NONE', *, *, #729, .F. ) ;
#1760 = AXIS2_PLACEMENT_3D ( 'NONE', #1935, #1937, #1940 ) ;
#1761 = CARTESIAN_POINT ( 'NONE',  ( -8.000000000000000000, 7.500000000000003600, 7.000000000000000000 ) ) ;
#1762 = DIRECTION ( 'NONE',  ( -1.000000000000000000, 0.0000000000000000000, -0.0000000000000000000 ) ) ;
#1763 = TOROIDAL_SURFACE ( 'NONE', #2181, 6.500000000000000900, 0.5000000000000000000 ) ;
#1764 = ORIENTED_EDGE ( 'NONE', *, *, #1338, .T. ) ;
#1765 = DIRECTION ( 'NONE',  ( 0.0000000000000000000, 0.0000000000000000000, 1.000000000000000000 ) ) ;
#1766 = VERTEX_POINT ( 'NONE', #2092 ) ;
#1767 = CARTESIAN_POINT ( 'NONE',  ( -1.500000000000000400, 6.324555320336759900, 13.50000000000000000 ) ) ;
#1768 = DIRECTION ( 'NONE',  ( 0.0000000000000000000, 1.000000000000000000, 0.0000000000000000000 ) ) ;
#1769 = ORIENTED_EDGE ( 'NONE', *, *, #1107, .F. ) ;
#1770 = CARTESIAN_POINT ( 'NONE',  ( -10.00000000000000000, 14.50000000000000200, 14.00000000000000000 ) ) ;
#1771 = DIRECTION ( 'NONE',  ( 0.0000000000000000000, 0.0000000000000000000, 1.000000000000000000 ) ) ;
#1772 = VERTEX_POINT ( 'NONE', #1253 ) ;
#1773 = CARTESIAN_POINT ( 'NONE',  ( 20.49999999999998600, -23.00000000000000000, 0.0000000000000000000 ) ) ;
#1774 = CARTESIAN_POINT ( 'NONE',  ( -20.50000000000000000, -17.50000000000000000, 0.5000000000000004400 ) ) ;
#1775 = CARTESIAN_POINT ( 'NONE',  ( 20.50000000000000000, -17.00000000000000000, 0.5000000000000004400 ) ) ;
#1776 = DIRECTION ( 'NONE',  ( 1.000000000000000000, -0.0000000000000000000, -0.0000000000000000000 ) ) ;
#1777 = CYLINDRICAL_SURFACE ( 'NONE', #1408, 0.5000000000000004400 ) ;
#1778 = CARTESIAN_POINT ( 'NONE',  ( -9.500000000000000000, 14.00000000000000200, 13.50000000000000000 ) ) ;
#1779 = DIRECTION ( 'NONE',  ( 0.0000000000000000000, 0.0000000000000000000, 1.000000000000000000 ) ) ;
#1780 = CIRCLE ( 'NONE', #1713, 3.000000000000000900 ) ;
#1781 = SPHERICAL_SURFACE ( 'NONE', #2289, 0.5000000000000000000 ) ;
#1782 = ADVANCED_FACE ( 'NONE', ( #1651 ), #437, .F. ) ;
#1783 = FACE_OUTER_BOUND ( 'NONE', #1560, .T. ) ;
#1784 = DIRECTION ( 'NONE',  ( 1.000000000000000000, 0.0000000000000000000, 0.0000000000000000000 ) ) ;
#1785 = CARTESIAN_POINT ( 'NONE',  ( -20.50000000000000000, -17.50000000000000000, 0.5000000000000004400 ) ) ;
#1786 = AXIS2_PLACEMENT_3D ( 'NONE', #1879, #1880, #1882 ) ;
#1787 = ORIENTED_EDGE ( 'NONE', *, *, #409, .F. ) ;
#1788 = CARTESIAN_POINT ( 'NONE',  ( 20.49999999999998600, -23.00000000000000000, 14.00000000000000000 ) ) ;
#1789 = DIRECTION ( 'NONE',  ( -0.0000000000000000000, -0.0000000000000000000, 1.000000000000000000 ) ) ;
#1790 = DIRECTION ( 'NONE',  ( -1.000000000000000000, 0.0000000000000000000, 0.0000000000000000000 ) ) ;
#1791 = CARTESIAN_POINT ( 'NONE',  ( 9.499999999999996400, -16.49999999999999600, 14.00000000000000000 ) ) ;
#1792 = ORIENTED_EDGE ( 'NONE', *, *, #534, .F. ) ;
#1793 = AXIS2_PLACEMENT_3D ( 'NONE', #2045, #2047, #2051 ) ;
#1794 = DIRECTION ( 'NONE',  ( 0.0000000000000000000, 0.0000000000000000000, -1.000000000000000000 ) ) ;
#1795 = VERTEX_POINT ( 'NONE', #2085 ) ;
#1796 = ORIENTED_EDGE ( 'NONE', *, *, #553, .T. ) ;
#1797 = CARTESIAN_POINT ( 'NONE',  ( -9.500000000000000000, 14.00000000000000200, 0.5000000000000004400 ) ) ;
#1798 = DIRECTION ( 'NONE',  ( -1.000000000000000000, 0.0000000000000000000, 0.0000000000000000000 ) ) ;
#1799 = DIRECTION ( 'NONE',  ( 0.0000000000000000000, 0.0000000000000000000, 1.000000000000000000 ) ) ;
#1800 = VERTEX_POINT ( 'NONE', #1715 ) ;
#1801 = PLANE ( 'NONE',  #2264 ) ;
#1802 = CARTESIAN_POINT ( 'NONE',  ( -1.500000000000001300, 13.99999999999999600, 13.50000000000000000 ) ) ;
#1803 = DIRECTION ( 'NONE',  ( 0.0000000000000000000, 0.0000000000000000000, 1.000000000000000000 ) ) ;
#1804 = DIRECTION ( 'NONE',  ( 0.0000000000000000000, 1.000000000000000000, 0.0000000000000000000 ) ) ;
#1805 = DIRECTION ( 'NONE',  ( 1.000000000000000000, 0.0000000000000000000, 0.0000000000000000000 ) ) ;
#1806 = VECTOR ( 'NONE', #1248, 1000.000000000000000 ) ;
#1807 = CARTESIAN_POINT ( 'NONE',  ( 20.50000000000000000, -17.50000000000000000, 14.00000000000000000 ) ) ;
#1808 = CARTESIAN_POINT ( 'NONE',  ( -1.500000000000001300, 13.99999999999999600, 13.50000000000000000 ) ) ;
#1809 = ORIENTED_EDGE ( 'NONE', *, *, #673, .T. ) ;
#1810 = DIRECTION ( 'NONE',  ( 5.782411586589357600E-016, -1.000000000000000000, 0.0000000000000000000 ) ) ;
#1811 = ORIENTED_EDGE ( 'NONE', *, *, #690, .T. ) ;
#1812 = CARTESIAN_POINT ( 'NONE',  ( -20.50000000000000000, -17.00000000000000000, 0.5000000000000004400 ) ) ;
#1813 = DIRECTION ( 'NONE',  ( 0.0000000000000000000, 1.000000000000000000, 0.0000000000000000000 ) ) ;
#1814 = VERTEX_POINT ( 'NONE', #1721 ) ;
#1815 = DIRECTION ( 'NONE',  ( -1.000000000000000000, 0.0000000000000000000, 0.0000000000000000000 ) ) ;
#1816 = DIRECTION ( 'NONE',  ( 0.0000000000000000000, 0.0000000000000000000, 1.000000000000000000 ) ) ;
#1817 = CYLINDRICAL_SURFACE ( 'NONE', #906, 2.749999999999999100 ) ;
#1818 = VERTEX_POINT ( 'NONE', #1748 ) ;
#1819 = DIRECTION ( 'NONE',  ( 0.0000000000000000000, 1.000000000000000000, 0.0000000000000000000 ) ) ;
#1820 = VERTEX_POINT ( 'NONE', #2079 ) ;
#1821 = CARTESIAN_POINT ( 'NONE',  ( -20.50000000000000000, -17.50000000000000000, 13.50000000000000000 ) ) ;
#1822 = VERTEX_POINT ( 'NONE', #1728 ) ;
#1823 = ADVANCED_FACE ( 'NONE', ( #1556 ), #2133, .F. ) ;
#1824 = DIRECTION ( 'NONE',  ( 1.000000000000000000, 1.101411730778925300E-016, -0.0000000000000000000 ) ) ;
#1825 = VERTEX_POINT ( 'NONE', #1732 ) ;
#1826 = DIRECTION ( 'NONE',  ( 0.0000000000000000000, -0.0000000000000000000, 1.000000000000000000 ) ) ;
#1827 = VERTEX_POINT ( 'NONE', #1701 ) ;
#1828 = AXIS2_PLACEMENT_3D ( 'NONE', #1582, #1587, #1590 ) ;
#1829 = DIRECTION ( 'NONE',  ( 1.000000000000000000, 0.0000000000000000000, 0.0000000000000000000 ) ) ;
#1830 = FACE_OUTER_BOUND ( 'NONE', #1405, .T. ) ;
#1831 = CARTESIAN_POINT ( 'NONE',  ( -20.50000000000000000, -17.50000000000000000, 14.00000000000000000 ) ) ;
#1832 = SPHERICAL_SURFACE ( 'NONE', #1899, 0.5000000000000000000 ) ;
#1833 = FACE_OUTER_BOUND ( 'NONE', #1531, .T. ) ;
#1834 = CARTESIAN_POINT ( 'NONE',  ( 9.500000000000000000, 14.00000000000000200, 0.5000000000000000000 ) ) ;
#1835 = VECTOR ( 'NONE', #1535, 1000.000000000000000 ) ;
#1836 = CARTESIAN_POINT ( 'NONE',  ( -10.49999999999999600, -17.49999999999999600, 0.5000000000000000000 ) ) ;
#1837 = DIRECTION ( 'NONE',  ( 0.0000000000000000000, -1.000000000000000000, 0.0000000000000000000 ) ) ;
#1838 = DIRECTION ( 'NONE',  ( 1.000000000000000000, -0.0000000000000000000, 0.0000000000000000000 ) ) ;
#1839 = ADVANCED_FACE ( 'NONE', ( #1501 ), #1781, .T. ) ;
#1840 = ORIENTED_EDGE ( 'NONE', *, *, #861, .F. ) ;
#1841 = CARTESIAN_POINT ( 'NONE',  ( -15.99999999999999600, -23.00000000000002100, 7.000000000000000000 ) ) ;
#1842 = DIRECTION ( 'NONE',  ( -1.101411730778925300E-016, 1.000000000000000000, 0.0000000000000000000 ) ) ;
#1843 = DIRECTION ( 'NONE',  ( 0.0000000000000000000, 0.0000000000000000000, -1.000000000000000000 ) ) ;
#1844 = VERTEX_POINT ( 'NONE', #1891 ) ;
#1845 = ADVANCED_FACE ( 'NONE', ( #1580 ), #1682, .T. ) ;
#1846 = VERTEX_POINT ( 'NONE', #1705 ) ;
#1847 = CARTESIAN_POINT ( 'NONE',  ( 9.999999999999996400, -16.49999999999999600, 0.5000000000000004400 ) ) ;
#1848 = ADVANCED_FACE ( 'NONE', ( #918 ), #1346, .T. ) ;
#1849 = DIRECTION ( 'NONE',  ( 3.154042683594193600E-016, -1.000000000000000000, -0.0000000000000000000 ) ) ;
#1850 = CARTESIAN_POINT ( 'NONE',  ( 0.0000000000000000000, 0.0000000000000000000, 13.50000000000000000 ) ) ;
#1851 = DIRECTION ( 'NONE',  ( 1.000000000000000000, 0.0000000000000000000, 0.0000000000000000000 ) ) ;
#1852 = VERTEX_POINT ( 'NONE', #1947 ) ;
#1853 = ADVANCED_FACE ( 'NONE', ( #1342 ), #1283, .F. ) ;
#1854 = CARTESIAN_POINT ( 'NONE',  ( -21.00000000000000000, -23.00000000000000000, 0.5000000000000004400 ) ) ;
#1855 = DIRECTION ( 'NONE',  ( -0.0000000000000000000, -0.0000000000000000000, 1.000000000000000000 ) ) ;
#1856 = ADVANCED_FACE ( 'NONE', ( #1368 ), #1139, .T. ) ;
#1857 = CARTESIAN_POINT ( 'NONE',  ( -9.500000000000000000, 14.00000000000000200, 0.5000000000000000000 ) ) ;
#1858 = DIRECTION ( 'NONE',  ( 0.0000000000000000000, 1.000000000000000000, 0.0000000000000000000 ) ) ;
#1859 = ADVANCED_FACE ( 'NONE', ( #1615 ), #1094, .T. ) ;
#1860 = LINE ( 'NONE', #1572, #1714 ) ;
#1861 = DIRECTION ( 'NONE',  ( 1.000000000000000000, -1.101411730778925400E-016, -0.0000000000000000000 ) ) ;
#1862 = DIRECTION ( 'NONE',  ( 0.0000000000000000000, 0.0000000000000000000, 1.000000000000000000 ) ) ;
#1863 = DIRECTION ( 'NONE',  ( 1.000000000000000000, 5.782411586589357600E-016, 0.0000000000000000000 ) ) ;
#1864 = VERTEX_POINT ( 'NONE', #1996 ) ;
#1865 = ORIENTED_EDGE ( 'NONE', *, *, #676, .T. ) ;
#1866 = DIRECTION ( 'NONE',  ( 0.0000000000000000000, 0.0000000000000000000, 1.000000000000000000 ) ) ;
#1867 = ORIENTED_EDGE ( 'NONE', *, *, #592, .F. ) ;
#1868 = ADVANCED_FACE ( 'NONE', ( #1101 ), #1252, .T. ) ;
#1869 = CARTESIAN_POINT ( 'NONE',  ( -9.499999999999996400, -16.49999999999999600, 0.5000000000000004400 ) ) ;
#1870 = PLANE ( 'NONE',  #2253 ) ;
#1871 = DIRECTION ( 'NONE',  ( -0.0000000000000000000, -1.000000000000000000, -0.0000000000000000000 ) ) ;
#1872 = VERTEX_POINT ( 'NONE', #2012 ) ;
#1873 = DIRECTION ( 'NONE',  ( 0.0000000000000000000, 0.0000000000000000000, -1.000000000000000000 ) ) ;
#1874 = ORIENTED_EDGE ( 'NONE', *, *, #558, .T. ) ;
#1875 = DIRECTION ( 'NONE',  ( 1.000000000000000000, 0.0000000000000000000, 0.0000000000000000000 ) ) ;
#1876 = VERTEX_POINT ( 'NONE', #2149 ) ;
#1877 = VERTEX_POINT ( 'NONE', #2136 ) ;
#1878 = CARTESIAN_POINT ( 'NONE',  ( 9.500000000000000000, 14.00000000000000200, 0.5000000000000000000 ) ) ;
#1879 = CARTESIAN_POINT ( 'NONE',  ( -9.500000000000000000, 14.00000000000000200, 0.5000000000000004400 ) ) ;
#1880 = DIRECTION ( 'NONE',  ( -0.0000000000000000000, -0.0000000000000000000, 1.000000000000000000 ) ) ;
#1881 = ADVANCED_FACE ( 'NONE', ( #2061 ), #947, .T. ) ;
#1882 = DIRECTION ( 'NONE',  ( -1.000000000000000000, 0.0000000000000000000, 0.0000000000000000000 ) ) ;
#1883 = FACE_OUTER_BOUND ( 'NONE', #1361, .T. ) ;
#1884 = DIRECTION ( 'NONE',  ( 1.000000000000000000, 0.0000000000000000000, 0.0000000000000000000 ) ) ;
#1885 = CYLINDRICAL_SURFACE ( 'NONE', #1744, 0.5000000000000004400 ) ;
#1886 = CIRCLE ( 'NONE', #2363, 0.5000000000000004400 ) ;
#1887 = CARTESIAN_POINT ( 'NONE',  ( -1.500000000000001300, 13.99999999999999600, 13.50000000000000000 ) ) ;
#1888 = DIRECTION ( 'NONE',  ( -4.336808689942013800E-016, -1.000000000000000000, 0.0000000000000000000 ) ) ;
#1889 = ADVANCED_FACE ( 'NONE', ( #952, #873 ), #1801, .F. ) ;
#1890 = DIRECTION ( 'NONE',  ( -1.000000000000000000, 4.336808689942013300E-016, -0.0000000000000000000 ) ) ;
#1891 = CARTESIAN_POINT ( 'NONE',  ( -1.500000000000001100, 14.49999999999999600, 0.5000000000000004400 ) ) ;
#1892 = DIRECTION ( 'NONE',  ( 4.336808689942013800E-016, 1.000000000000000000, 0.0000000000000000000 ) ) ;
#1893 = ADVANCED_FACE ( 'NONE', ( #1024 ), #2245, .T. ) ;
#1894 = DIRECTION ( 'NONE',  ( 0.0000000000000000000, 0.0000000000000000000, -1.000000000000000000 ) ) ;
#1895 = VERTEX_POINT ( 'NONE', #1847 ) ;
#1896 = VERTEX_POINT ( 'NONE', #1775 ) ;
#1897 = DIRECTION ( 'NONE',  ( 0.0000000000000000000, 1.000000000000000000, 0.0000000000000000000 ) ) ;
#1898 = ORIENTED_EDGE ( 'NONE', *, *, #1023, .T. ) ;
#1899 = AXIS2_PLACEMENT_3D ( 'NONE', #1555, #1559, #1567 ) ;
#1900 = CARTESIAN_POINT ( 'NONE',  ( 1.500000000000001300, 13.99999999999999600, 0.5000000000000000000 ) ) ;
#1901 = CARTESIAN_POINT ( 'NONE',  ( -20.50000000000000000, -17.50000000000000000, 13.50000000000000000 ) ) ;
#1902 = ORIENTED_EDGE ( 'NONE', *, *, #528, .F. ) ;
#1903 = DIRECTION ( 'NONE',  ( 1.000000000000000000, -0.0000000000000000000, -0.0000000000000000000 ) ) ;
#1904 = VERTEX_POINT ( 'NONE', #1788 ) ;
#1905 = DIRECTION ( 'NONE',  ( -0.0000000000000000000, -0.0000000000000000000, -1.000000000000000000 ) ) ;
#1906 = DIRECTION ( 'NONE',  ( 0.0000000000000000000, 0.0000000000000000000, 1.000000000000000000 ) ) ;
#1907 = ADVANCED_FACE ( 'NONE', ( #1030, #1400 ), #2031, .F. ) ;
#1908 = VERTEX_POINT ( 'NONE', #1773 ) ;
#1909 = DIRECTION ( 'NONE',  ( 1.000000000000000000, 0.0000000000000000000, 0.0000000000000000000 ) ) ;
#1910 = FACE_OUTER_BOUND ( 'NONE', #1616, .T. ) ;
#1911 = DIRECTION ( 'NONE',  ( 0.0000000000000000000, 0.0000000000000000000, 1.000000000000000000 ) ) ;
#1912 = CIRCLE ( 'NONE', #1828, 0.9999999999999991100 ) ;
#1913 = CARTESIAN_POINT ( 'NONE',  ( -10.49999999999999600, -16.49999999999999600, 0.5000000000000004400 ) ) ;
#1914 = DIRECTION ( 'NONE',  ( -0.0000000000000000000, -0.0000000000000000000, -1.000000000000000000 ) ) ;
#1915 = DIRECTION ( 'NONE',  ( 1.000000000000000000, 0.0000000000000000000, 0.0000000000000000000 ) ) ;
#1916 = ORIENTED_EDGE ( 'NONE', *, *, #547, .T. ) ;
#1917 = CARTESIAN_POINT ( 'NONE',  ( 20.50000000000000000, -17.50000000000000000, 14.00000000000000000 ) ) ;
#1918 = VERTEX_POINT ( 'NONE', #1807 ) ;
#1919 = DIRECTION ( 'NONE',  ( -1.000000000000000000, 0.0000000000000000000, 0.0000000000000000000 ) ) ;
#1920 = CARTESIAN_POINT ( 'NONE',  ( -9.500000000000000000, 14.00000000000000200, 13.50000000000000000 ) ) ;
#1921 = ORIENTED_EDGE ( 'NONE', *, *, #617, .T. ) ;
#1922 = CARTESIAN_POINT ( 'NONE',  ( -1.000000000000001600, 13.99999999999999600, 0.5000000000000004400 ) ) ;
#1923 = DIRECTION ( 'NONE',  ( 0.0000000000000000000, 1.000000000000000000, -0.0000000000000000000 ) ) ;
#1924 = ORIENTED_EDGE ( 'NONE', *, *, #599, .T. ) ;
#1925 = ADVANCED_FACE ( 'NONE', ( #663 ), #732, .T. ) ;
#1926 = ORIENTED_EDGE ( 'NONE', *, *, #506, .T. ) ;
#1927 = DIRECTION ( 'NONE',  ( 1.000000000000000000, 0.0000000000000000000, 0.0000000000000000000 ) ) ;
#1928 = DIRECTION ( 'NONE',  ( 0.0000000000000000000, -0.0000000000000000000, 1.000000000000000000 ) ) ;
#1929 = ORIENTED_EDGE ( 'NONE', *, *, #379, .F. ) ;
#1930 = DIRECTION ( 'NONE',  ( 1.000000000000000000, 0.0000000000000000000, 0.0000000000000000000 ) ) ;
#1931 = CARTESIAN_POINT ( 'NONE',  ( -20.50000000000000000, -17.50000000000000000, 13.50000000000000000 ) ) ;
#1932 = DIRECTION ( 'NONE',  ( -1.000000000000000000, 5.782411586589357600E-016, 0.0000000000000000000 ) ) ;
#1933 = PLANE ( 'NONE',  #413 ) ;
#1934 = ADVANCED_FACE ( 'NONE', ( #695 ), #1870, .F. ) ;
#1935 = CARTESIAN_POINT ( 'NONE',  ( -9.500000000000000000, 14.00000000000000200, 13.50000000000000000 ) ) ;
#1936 = FACE_BOUND ( 'NONE', #1134, .T. ) ;
#1937 = DIRECTION ( 'NONE',  ( -1.000000000000000000, 0.0000000000000000000, 0.0000000000000000000 ) ) ;
#1938 = ADVANCED_FACE ( 'NONE', ( #628 ), #529, .T. ) ;
#1939 = FACE_OUTER_BOUND ( 'NONE', #1502, .T. ) ;
#1940 = DIRECTION ( 'NONE',  ( 0.0000000000000000000, 0.0000000000000000000, 1.000000000000000000 ) ) ;
#1941 = DIRECTION ( 'NONE',  ( 0.0000000000000000000, 0.0000000000000000000, 1.000000000000000000 ) ) ;
#1942 = LINE ( 'NONE', #1543, #2013 ) ;
#1943 = CARTESIAN_POINT ( 'NONE',  ( -21.00099999999999800, 10.50000000000000700, 7.000000000000000000 ) ) ;
#1944 = DIRECTION ( 'NONE',  ( 1.000000000000000000, 0.0000000000000000000, -0.0000000000000000000 ) ) ;
#1945 = AXIS2_PLACEMENT_3D ( 'NONE', #1380, #1383, #1649 ) ;
#1946 = DIRECTION ( 'NONE',  ( 1.101411730778925300E-016, -1.000000000000000000, 0.0000000000000000000 ) ) ;
#1947 = CARTESIAN_POINT ( 'NONE',  ( 1.000000000000001300, 13.99999999999999600, 13.50000000000000000 ) ) ;
#1948 = ORIENTED_EDGE ( 'NONE', *, *, #294, .T. ) ;
#1949 = DIRECTION ( 'NONE',  ( 1.000000000000000000, 0.0000000000000000000, 0.0000000000000000000 ) ) ;
#1950 = ORIENTED_EDGE ( 'NONE', *, *, #599, .F. ) ;
#1951 = DIRECTION ( 'NONE',  ( 1.000000000000000000, -1.101411730778925400E-016, -0.0000000000000000000 ) ) ;
#1952 = VERTEX_POINT ( 'NONE', #317 ) ;
#1953 = DIRECTION ( 'NONE',  ( 0.0000000000000000000, 1.000000000000000000, 0.0000000000000000000 ) ) ;
#1954 = ORIENTED_EDGE ( 'NONE', *, *, #395, .F. ) ;
#1955 = CARTESIAN_POINT ( 'NONE',  ( -9.500000000000000000, 14.50000000000000200, 0.5000000000000004400 ) ) ;
#1956 = ORIENTED_EDGE ( 'NONE', *, *, #701, .T. ) ;
#1957 = CARTESIAN_POINT ( 'NONE',  ( 1.500000000000001300, 14.49999999999999600, 0.5000000000000004400 ) ) ;
#1958 = DIRECTION ( 'NONE',  ( 1.000000000000000000, 0.0000000000000000000, 0.0000000000000000000 ) ) ;
#1959 = VERTEX_POINT ( 'NONE', #1854 ) ;
#1960 = CARTESIAN_POINT ( 'NONE',  ( -10.49999999999999600, -17.49999999999999600, 13.50000000000000000 ) ) ;
#1961 = ADVANCED_FACE ( 'NONE', ( #2119 ), #443, .T. ) ;
#1962 = DIRECTION ( 'NONE',  ( -1.000000000000000000, 0.0000000000000000000, 0.0000000000000000000 ) ) ;
#1963 = DIRECTION ( 'NONE',  ( -1.263061800540599500E-016, -1.000000000000000000, 0.0000000000000000000 ) ) ;
#1964 = DIRECTION ( 'NONE',  ( 1.000000000000000000, 0.0000000000000000000, 0.0000000000000000000 ) ) ;
#1965 = CIRCLE ( 'NONE', #1130, 0.5000000000000000000 ) ;
#1966 = CYLINDRICAL_SURFACE ( 'NONE', #2307, 3.000000000000000900 ) ;
#1967 = CARTESIAN_POINT ( 'NONE',  ( 1.500000000000001300, 13.99999999999999600, 14.00000000000000000 ) ) ;
#1968 = DIRECTION ( 'NONE',  ( 0.0000000000000000000, 0.0000000000000000000, -1.000000000000000000 ) ) ;
#1969 = VECTOR ( 'NONE', #1454, 1000.000000000000000 ) ;
#1970 = CARTESIAN_POINT ( 'NONE',  ( 1.000000000000000200, 6.324555320336759000, 13.50000000000000000 ) ) ;
#1971 = CARTESIAN_POINT ( 'NONE',  ( -21.00000000000000000, -17.00000000000000000, 14.00000000000000000 ) ) ;
#1972 = ADVANCED_FACE ( 'NONE', ( #1936, #407 ), #2166, .F. ) ;
#1973 = AXIS2_PLACEMENT_3D ( 'NONE', #1869, #1871, #1873 ) ;
#1974 = ORIENTED_EDGE ( 'NONE', *, *, #1296, .F. ) ;
#1975 = VERTEX_POINT ( 'NONE', #2167 ) ;
#1976 = CARTESIAN_POINT ( 'NONE',  ( 1.500000000000001300, 13.99999999999999600, 14.00000000000000000 ) ) ;
#1977 = ORIENTED_EDGE ( 'NONE', *, *, #657, .F. ) ;
#1978 = SPHERICAL_SURFACE ( 'NONE', #910, 0.5000000000000000000 ) ;
#1979 = CARTESIAN_POINT ( 'NONE',  ( 20.50000000000000000, -17.50000000000000000, 13.50000000000000000 ) ) ;
#1980 = ORIENTED_EDGE ( 'NONE', *, *, #433, .T. ) ;
#1981 = VERTEX_POINT ( 'NONE', #2144 ) ;
#1982 = CARTESIAN_POINT ( 'NONE',  ( 0.0000000000000000000, 0.0000000000000000000, 14.00000000000000000 ) ) ;
#1983 = VERTEX_POINT ( 'NONE', #2175 ) ;
#1984 = DIRECTION ( 'NONE',  ( 0.0000000000000000000, 0.0000000000000000000, -1.000000000000000000 ) ) ;
#1985 = ORIENTED_EDGE ( 'NONE', *, *, #1247, .F. ) ;
#1986 = CARTESIAN_POINT ( 'NONE',  ( -10.49999999999999600, -16.49999999999999600, 13.50000000000000000 ) ) ;
#1987 = DIRECTION ( 'NONE',  ( -0.0000000000000000000, -0.0000000000000000000, -1.000000000000000000 ) ) ;
#1988 = CARTESIAN_POINT ( 'NONE',  ( -1.500000000000000400, 6.324555320336759900, 13.50000000000000000 ) ) ;
#1989 = ADVANCED_FACE ( 'NONE', ( #464 ), #308, .T. ) ;
#1990 = VECTOR ( 'NONE', #1366, 1000.000000000000000 ) ;
#1991 = FACE_OUTER_BOUND ( 'NONE', #1403, .T. ) ;
#1992 = DIRECTION ( 'NONE',  ( 1.000000000000000000, 0.0000000000000000000, 0.0000000000000000000 ) ) ;
#1993 = CIRCLE ( 'NONE', #702, 0.5000000000000000000 ) ;
#1994 = DIRECTION ( 'NONE',  ( 0.0000000000000000000, 1.000000000000000000, 0.0000000000000000000 ) ) ;
#1995 = CARTESIAN_POINT ( 'NONE',  ( -20.50000000000000000, -23.00000000000000000, 13.50000000000000000 ) ) ;
#1996 = CARTESIAN_POINT ( 'NONE',  ( -10.00000000000000000, 14.00000000000000200, 13.50000000000000000 ) ) ;
#1997 = ORIENTED_EDGE ( 'NONE', *, *, #779, .T. ) ;
#1998 = ADVANCED_FACE ( 'NONE', ( #470 ), #247, .T. ) ;
#1999 = TOROIDAL_SURFACE ( 'NONE', #2183, 6.500000000000000900, 0.5000000000000000000 ) ;
#2000 = VERTEX_POINT ( 'NONE', #1591 ) ;
#2001 = CARTESIAN_POINT ( 'NONE',  ( -9.500000000000000000, 14.00000000000000200, 13.50000000000000000 ) ) ;
#2002 = ORIENTED_EDGE ( 'NONE', *, *, #753, .T. ) ;
#2003 = DIRECTION ( 'NONE',  ( 0.0000000000000000000, 1.000000000000000000, 0.0000000000000000000 ) ) ;
#2004 = DIRECTION ( 'NONE',  ( -0.0000000000000000000, 0.0000000000000000000, -1.000000000000000000 ) ) ;
#2005 = ORIENTED_EDGE ( 'NONE', *, *, #577, .T. ) ;
#2006 = VERTEX_POINT ( 'NONE', #1571 ) ;
#2007 = ADVANCED_FACE ( 'NONE', ( #377, #591 ), #1593, .T. ) ;
#2008 = DIRECTION ( 'NONE',  ( -0.0000000000000000000, -1.000000000000000000, 0.0000000000000000000 ) ) ;
#2009 = DIRECTION ( 'NONE',  ( 0.0000000000000000000, 0.0000000000000000000, 1.000000000000000000 ) ) ;
#2010 = ADVANCED_FACE ( 'NONE', ( #340 ), #126, .T. ) ;
#2011 = CYLINDRICAL_SURFACE ( 'NONE', #2319, 6.000000000000000900 ) ;
#2012 = CARTESIAN_POINT ( 'NONE',  ( -10.49999999999999600, -16.99999999999999600, 0.5000000000000004400 ) ) ;
#2013 = VECTOR ( 'NONE', #1546, 1000.000000000000000 ) ;
#2014 = DIRECTION ( 'NONE',  ( 0.0000000000000000000, -1.000000000000000000, 0.0000000000000000000 ) ) ;
#2015 = CIRCLE ( 'NONE', #937, 0.5000000000000004400 ) ;
#2016 = ADVANCED_FACE ( 'NONE', ( #193 ), #78, .F. ) ;
#2017 = VERTEX_POINT ( 'NONE', #1498 ) ;
#2018 = PRODUCT ( 'LineatShaftBracket_SH12', 'LineatShaftBracket_SH12', '', ( #727 ) ) ;
#2019 = DIRECTION ( 'NONE',  ( -0.0000000000000000000, 0.0000000000000000000, -1.000000000000000000 ) ) ;
#2020 = ORIENTED_EDGE ( 'NONE', *, *, #299, .F. ) ;
#2021 = DIRECTION ( 'NONE',  ( 1.000000000000000000, 0.0000000000000000000, 0.0000000000000000000 ) ) ;
#2022 = VERTEX_POINT ( 'NONE', #1492 ) ;
#2023 = FACE_OUTER_BOUND ( 'NONE', #1032, .T. ) ;
#2024 = ORIENTED_EDGE ( 'NONE', *, *, #788, .F. ) ;
#2025 = DIRECTION ( 'NONE',  ( -0.0000000000000000000, -0.0000000000000000000, -1.000000000000000000 ) ) ;
#2026 = VERTEX_POINT ( 'NONE', #1511 ) ;
#2027 = CARTESIAN_POINT ( 'NONE',  ( 0.0000000000000000000, 0.0000000000000000000, 14.00000000000000000 ) ) ;
#2028 = DIRECTION ( 'NONE',  ( -1.000000000000000000, 0.0000000000000000000, 0.0000000000000000000 ) ) ;
#2029 = VERTEX_POINT ( 'NONE', #1509 ) ;
#2030 = ORIENTED_EDGE ( 'NONE', *, *, #476, .T. ) ;
#2031 = PLANE ( 'NONE',  #1076 ) ;
#2032 = ORIENTED_EDGE ( 'NONE', *, *, #614, .F. ) ;
#2033 = ADVANCED_FACE ( 'NONE', ( #153 ), #105, .T. ) ;
#2034 = CARTESIAN_POINT ( 'NONE',  ( 1.500000000000000400, 6.324555320336759900, 13.50000000000000000 ) ) ;
#2035 = AXIS2_PLACEMENT_3D ( 'NONE', #1836, #1838, #1843 ) ;
#2036 = CYLINDRICAL_SURFACE ( 'NONE', #2311, 3.000000000000000900 ) ;
#2037 = DIRECTION ( 'NONE',  ( 0.0000000000000000000, 1.000000000000000000, 1.734723475976805300E-015 ) ) ;
#2038 = VECTOR ( 'NONE', #1358, 1000.000000000000000 ) ;
#2039 = FACE_OUTER_BOUND ( 'NONE', #1686, .T. ) ;
#2040 = DIRECTION ( 'NONE',  ( 0.0000000000000000000, 0.0000000000000000000, -1.000000000000000000 ) ) ;
#2041 = DIRECTION ( 'NONE',  ( 0.0000000000000000000, -1.734723475976805500E-015, 1.000000000000000000 ) ) ;
#2042 = DIRECTION ( 'NONE',  ( -1.000000000000000000, -0.0000000000000000000, -0.0000000000000000000 ) ) ;
#2043 = ADVANCED_FACE ( 'NONE', ( #37 ), #11, .F. ) ;
#2044 = ORIENTED_EDGE ( 'NONE', *, *, #1201, .T. ) ;
#2045 = CARTESIAN_POINT ( 'NONE',  ( 20.50000000000000000, -17.50000000000000000, 13.50000000000000000 ) ) ;
#2046 = VERTEX_POINT ( 'NONE', #1437 ) ;
#2047 = DIRECTION ( 'NONE',  ( 0.0000000000000000000, 1.000000000000000000, 0.0000000000000000000 ) ) ;
#2048 = AXIS2_PLACEMENT_3D ( 'NONE', #1350, #1225, #1200 ) ;
#2049 = DIRECTION ( 'NONE',  ( -0.0000000000000000000, 0.0000000000000000000, -1.000000000000000000 ) ) ;
#2050 = CYLINDRICAL_SURFACE ( 'NONE', #2195, 3.000000000000000900 ) ;
#2051 = DIRECTION ( 'NONE',  ( 0.0000000000000000000, 0.0000000000000000000, 1.000000000000000000 ) ) ;
#2052 = ORIENTED_EDGE ( 'NONE', *, *, #1211, .T. ) ;
#2053 = ADVANCED_FACE ( 'NONE', ( #33 ), #2273, .F. ) ;
#2054 = CARTESIAN_POINT ( 'NONE',  ( 20.50000000000000000, -17.50000000000000000, 13.50000000000000000 ) ) ;
#2055 = VERTEX_POINT ( 'NONE', #1620 ) ;
#2056 = CARTESIAN_POINT ( 'NONE',  ( 1.500000000000001300, 13.99999999999999600, 13.50000000000000000 ) ) ;
#2057 = DIRECTION ( 'NONE',  ( 1.000000000000000000, 0.0000000000000000000, 0.0000000000000000000 ) ) ;
#2058 = CARTESIAN_POINT ( 'NONE',  ( -1.384615384615385200, 5.838051064926240500, 14.00000000000000000 ) ) ;
#2059 = CARTESIAN_POINT ( 'NONE',  ( -9.999999999999996400, -17.49999999999999600, 0.5000000000000004400 ) ) ;
#2060 = DIRECTION ( 'NONE',  ( 0.0000000000000000000, 0.0000000000000000000, -1.000000000000000000 ) ) ;
#2061 = FACE_OUTER_BOUND ( 'NONE', #1500, .T. ) ;
#2062 = ADVANCED_FACE ( 'NONE', ( #2256 ), #54, .T. ) ;
#2063 = DIRECTION ( 'NONE',  ( -1.000000000000000000, 0.0000000000000000000, 0.0000000000000000000 ) ) ;
#2064 = CIRCLE ( 'NONE', #1945, 0.9999999999999991100 ) ;
#2065 = FACE_OUTER_BOUND ( 'NONE', #1390, .T. ) ;
#2066 = VECTOR ( 'NONE', #1360, 1000.000000000000000 ) ;
#2067 = DIRECTION ( 'NONE',  ( -0.0000000000000000000, 1.000000000000000000, -0.0000000000000000000 ) ) ;
#2068 = CARTESIAN_POINT ( 'NONE',  ( -9.499999999999996400, -16.49999999999999600, 13.50000000000000000 ) ) ;
#2069 = CARTESIAN_POINT ( 'NONE',  ( -1.500000000000001300, 13.99999999999999600, 13.50000000000000000 ) ) ;
#2070 = DIRECTION ( 'NONE',  ( 1.000000000000000000, -1.263061800540599500E-016, 0.0000000000000000000 ) ) ;
#2071 = ORIENTED_EDGE ( 'NONE', *, *, #1003, .F. ) ;
#2072 = ORIENTED_EDGE ( 'NONE', *, *, #706, .T. ) ;
#2073 = ORIENTED_EDGE ( 'NONE', *, *, #1288, .F. ) ;
#2074 = CARTESIAN_POINT ( 'NONE',  ( 20.50000000000000000, 0.0000000000000000000, 13.50000000000000000 ) ) ;
#2075 = CARTESIAN_POINT ( 'NONE',  ( 1.500000000000000700, 6.324555320336759900, 13.50000000000000000 ) ) ;
#2076 = TOROIDAL_SURFACE ( 'NONE', #630, 1.000000000000000000, 0.5000000000000000000 ) ;
#2077 = ORIENTED_EDGE ( 'NONE', *, *, #479, .T. ) ;
#2078 = AXIS2_PLACEMENT_3D ( 'NONE', #1287, #1289, #1291 ) ;
#2079 = CARTESIAN_POINT ( 'NONE',  ( 9.999999999999996400, -16.49999999999999600, 13.50000000000000000 ) ) ;
#2080 = ORIENTED_EDGE ( 'NONE', *, *, #479, .F. ) ;
#2081 = DIRECTION ( 'NONE',  ( 1.000000000000000000, 0.0000000000000000000, 0.0000000000000000000 ) ) ;
#2082 = DIRECTION ( 'NONE',  ( 0.0000000000000000000, 1.000000000000000000, -0.0000000000000000000 ) ) ;
#2083 = FACE_OUTER_BOUND ( 'NONE', #1581, .T. ) ;
#2084 = TOROIDAL_SURFACE ( 'NONE', #327, 6.500000000000000900, 0.5000000000000000000 ) ;
#2085 = CARTESIAN_POINT ( 'NONE',  ( 9.500000000000000000, 14.50000000000000200, 0.5000000000000004400 ) ) ;
#2086 = LINE ( 'NONE', #1377, #1990 ) ;
#2087 = ADVANCED_FACE ( 'NONE', ( #2339 ), #2050, .F. ) ;
#2088 = DIRECTION ( 'NONE',  ( 0.0000000000000000000, 0.0000000000000000000, 1.000000000000000000 ) ) ;
#2089 = ADVANCED_FACE ( 'NONE', ( #2123 ), #2208, .T. ) ;
#2090 = ORIENTED_EDGE ( 'NONE', *, *, #1201, .F. ) ;
#2091 = FACE_OUTER_BOUND ( 'NONE', #1363, .T. ) ;
#2092 = CARTESIAN_POINT ( 'NONE',  ( 1.500000000000001100, 14.49999999999999600, 13.50000000000000000 ) ) ;
#2093 = ORIENTED_EDGE ( 'NONE', *, *, #690, .F. ) ;
#2094 = CARTESIAN_POINT ( 'NONE',  ( 1.500000000000000700, 6.324555320336759900, 0.5000000000000004400 ) ) ;
#2095 = ORIENTED_EDGE ( 'NONE', *, *, #319, .F. ) ;
#2096 = ORIENTED_EDGE ( 'NONE', *, *, #682, .T. ) ;
#2097 = ADVANCED_FACE ( 'NONE', ( #2023 ), #1396, .F. ) ;
#2098 = DIRECTION ( 'NONE',  ( 0.0000000000000000000, 0.0000000000000000000, 1.000000000000000000 ) ) ;
#2099 = CARTESIAN_POINT ( 'NONE',  ( 6.500000000000000900, 0.0000000000000000000, 14.00000000000000000 ) ) ;
#2100 = VECTOR ( 'NONE', #1316, 1000.000000000000000 ) ;
#2101 = CARTESIAN_POINT ( 'NONE',  ( 10.00000000000000000, 14.50000000000000200, 14.00000000000000000 ) ) ;
#2102 = CARTESIAN_POINT ( 'NONE',  ( 1.000000000000001300, 14.49999999999999600, 14.00000000000000000 ) ) ;
#2103 = ADVANCED_FACE ( 'NONE', ( #2091 ), #1817, .F. ) ;
#2104 = AXIS2_PLACEMENT_3D ( 'NONE', #1181, #1184, #1198 ) ;
#2105 = DIRECTION ( 'NONE',  ( 0.0000000000000000000, 0.0000000000000000000, -1.000000000000000000 ) ) ;
#2106 = ORIENTED_EDGE ( 'NONE', *, *, #876, .F. ) ;
#2107 = CARTESIAN_POINT ( 'NONE',  ( -20.50000000000000000, 0.0000000000000000000, 13.50000000000000000 ) ) ;
#2108 = ORIENTED_EDGE ( 'NONE', *, *, #1333, .F. ) ;
#2109 = VERTEX_POINT ( 'NONE', #1276 ) ;
#2110 = DIRECTION ( 'NONE',  ( -0.0000000000000000000, 1.000000000000000000, 0.0000000000000000000 ) ) ;
#2111 = VERTEX_POINT ( 'NONE', #1271 ) ;
#2112 = ORIENTED_EDGE ( 'NONE', *, *, #1189, .F. ) ;
#2113 = DIRECTION ( 'NONE',  ( 0.0000000000000000000, 0.0000000000000000000, -1.000000000000000000 ) ) ;
#2114 = EDGE_LOOP ( 'NONE', ( #1584, #1527, #281, #1344 ) ) ;
#2115 = DIRECTION ( 'NONE',  ( -1.000000000000000000, 0.0000000000000000000, 0.0000000000000000000 ) ) ;
#2116 = DIRECTION ( 'NONE',  ( 1.263061800540599500E-016, -1.000000000000000000, 0.0000000000000000000 ) ) ;
#2117 = CARTESIAN_POINT ( 'NONE',  ( 9.499999999999996400, -16.99999999999999600, 0.5000000000000004400 ) ) ;
#2118 = LINE ( 'NONE', #1478, #2038 ) ;
#2119 = FACE_OUTER_BOUND ( 'NONE', #1435, .T. ) ;
#2120 = AXIS2_PLACEMENT_3D ( 'NONE', #1774, #1776, #1779 ) ;
#2121 = ADVANCED_FACE ( 'NONE', ( #1515 ), #1484, .F. ) ;
#2122 = ORIENTED_EDGE ( 'NONE', *, *, #524, .T. ) ;
#2123 = FACE_OUTER_BOUND ( 'NONE', #1387, .T. ) ;
#2124 = ORIENTED_EDGE ( 'NONE', *, *, #673, .F. ) ;
#2125 = ORIENTED_EDGE ( 'NONE', *, *, #284, .T. ) ;
#2126 = PRODUCT_RELATED_PRODUCT_CATEGORY ( 'part', '', ( #2018 ) ) ;
#2127 = ORIENTED_EDGE ( 'NONE', *, *, #1179, .F. ) ;
#2128 = DIRECTION ( 'NONE',  ( 0.0000000000000000000, -1.000000000000000000, 0.0000000000000000000 ) ) ;
#2129 = VERTEX_POINT ( 'NONE', #1263 ) ;
#2130 = AXIS2_PLACEMENT_3D ( 'NONE', #1310, #1294, #1180 ) ;
#2131 = ORIENTED_EDGE ( 'NONE', *, *, #398, .F. ) ;
#2132 = PRODUCT_DEFINITION_FORMATION_WITH_SPECIFIED_SOURCE ( 'ANY', '', #2018, .NOT_KNOWN. ) ;
#2133 = PLANE ( 'NONE',  #2293 ) ;
#2134 = ADVANCED_FACE ( 'NONE', ( #1542 ), #1978, .T. ) ;
#2135 = FACE_OUTER_BOUND ( 'NONE', #1341, .T. ) ;
#2136 = CARTESIAN_POINT ( 'NONE',  ( 10.49999999999999600, -16.99999999999999600, 0.5000000000000004400 ) ) ;
#2137 = PRODUCT_DEFINITION ( 'UNKNOWN', '', #2132, #1163 ) ;
#2138 = CIRCLE ( 'NONE', #1416, 0.5000000000000000000 ) ;
#2139 = CARTESIAN_POINT ( 'NONE',  ( 1.000000000000001300, 14.49999999999999600, 0.5000000000000004400 ) ) ;
#2140 = AXIS2_PLACEMENT_3D ( 'NONE', #794, #750, #741 ) ;
#2141 = LINE ( 'NONE', #1265, #2100 ) ;
#2142 = EDGE_LOOP ( 'NONE', ( #249, #2308, #1642, #1389 ) ) ;
#2143 = DIRECTION ( 'NONE',  ( 1.101411730778925300E-016, 1.000000000000000000, -0.0000000000000000000 ) ) ;
#2144 = CARTESIAN_POINT ( 'NONE',  ( 8.000000000000000000, 8.500000000000003600, 7.000000000000000000 ) ) ;
#2145 = ADVANCED_FACE ( 'NONE', ( #1452 ), #1999, .T. ) ;
#2146 = ORIENTED_EDGE ( 'NONE', *, *, #1324, .T. ) ;
#2147 = ORIENTED_EDGE ( 'NONE', *, *, #495, .T. ) ;
#2148 = ORIENTED_EDGE ( 'NONE', *, *, #558, .F. ) ;
#2149 = CARTESIAN_POINT ( 'NONE',  ( 1.000000000000001300, 13.99999999999999600, 0.5000000000000004400 ) ) ;
#2150 = ORIENTED_EDGE ( 'NONE', *, *, #276, .T. ) ;
#2151 = CYLINDRICAL_SURFACE ( 'NONE', #2165, 0.5000000000000004400 ) ;
#2152 =( GEOMETRIC_REPRESENTATION_CONTEXT ( 3 ) GLOBAL_UNCERTAINTY_ASSIGNED_CONTEXT ( ( #2310 ) ) GLOBAL_UNIT_ASSIGNED_CONTEXT ( ( #771, #760, #757 ) ) REPRESENTATION_CONTEXT ( 'NONE', 'WORKASPACE' ) );
#2153 = ADVANCED_FACE ( 'NONE', ( #1417 ), #2076, .T. ) ;
#2154 = ORIENTED_EDGE ( 'NONE', *, *, #646, .F. ) ;
#2155 = VERTEX_POINT ( 'NONE', #1187 ) ;
#2156 = MECHANICAL_DESIGN_GEOMETRIC_PRESENTATION_REPRESENTATION (  '', ( #2163 ), #2152 ) ;
#2157 = VERTEX_POINT ( 'NONE', #1178 ) ;
#2158 = PRESENTATION_LAYER_ASSIGNMENT (  '', '', ( #2163 ) ) ;
#2159 = DIRECTION ( 'NONE',  ( 0.0000000000000000000, 0.0000000000000000000, 1.000000000000000000 ) ) ;
#2160 = CYLINDRICAL_SURFACE ( 'NONE', #303, 0.5000000000000004400 ) ;
#2161 = DIRECTION ( 'NONE',  ( 1.000000000000000000, 0.0000000000000000000, -0.0000000000000000000 ) ) ;
#2162 = VECTOR ( 'NONE', #1335, 1000.000000000000000 ) ;
#2163 = STYLED_ITEM ( 'NONE', ( #1331 ), #2320 ) ;
#2164 = ADVANCED_FACE ( 'NONE', ( #1081 ), #1328, .T. ) ;
#2165 = AXIS2_PLACEMENT_3D ( 'NONE', #852, #839, #859 ) ;
#2166 = PLANE ( 'NONE',  #2238 ) ;
#2167 = CARTESIAN_POINT ( 'NONE',  ( 13.25000000000000200, -16.99999999999999600, 7.000000000000000000 ) ) ;
#2168 = ORIENTED_EDGE ( 'NONE', *, *, #1270, .F. ) ;
#2169 = VERTEX_POINT ( 'NONE', #1145 ) ;
#2170 = AXIS2_PLACEMENT_3D ( 'NONE', #976, #970, #996 ) ;
#2171 = VERTEX_POINT ( 'NONE', #1141 ) ;
#2172 = FACE_OUTER_BOUND ( 'NONE', #1585, .T. ) ;
#2173 = AXIS2_PLACEMENT_3D ( 'NONE', #983, #1192, #990 ) ;
#2174 = ORIENTED_EDGE ( 'NONE', *, *, #508, .T. ) ;
#2175 = CARTESIAN_POINT ( 'NONE',  ( 21.00000000000000000, -23.00000000000000000, 13.50000000000000000 ) ) ;
#2176 = ORIENTED_EDGE ( 'NONE', *, *, #534, .T. ) ;
#2177 = AXIS2_PLACEMENT_3D ( 'NONE', #1086, #1077, #1089 ) ;
#2178 = ORIENTED_EDGE ( 'NONE', *, *, #985, .T. ) ;
#2179 = CARTESIAN_POINT ( 'NONE',  ( -1.500000000000001100, 14.49999999999999600, 13.50000000000000000 ) ) ;
#2180 = FACE_OUTER_BOUND ( 'NONE', #2275, .T. ) ;
#2181 = AXIS2_PLACEMENT_3D ( 'NONE', #1197, #1132, #1091 ) ;
#2182 = ORIENTED_EDGE ( 'NONE', *, *, #1012, .T. ) ;
#2183 = AXIS2_PLACEMENT_3D ( 'NONE', #1222, #1241, #1215 ) ;
#2184 = AXIS2_PLACEMENT_3D ( 'NONE', #1266, #1286, #1290 ) ;
#2185 = DIRECTION ( 'NONE',  ( 1.000000000000000000, 3.154042683594193600E-016, 0.0000000000000000000 ) ) ;
#2186 = ORIENTED_EDGE ( 'NONE', *, *, #287, .F. ) ;
#2187 = DIRECTION ( 'NONE',  ( 1.000000000000000000, 0.0000000000000000000, 0.0000000000000000000 ) ) ;
#2188 = ORIENTED_EDGE ( 'NONE', *, *, #772, .F. ) ;
#2189 = AXIS2_PLACEMENT_3D ( 'NONE', #1327, #1343, #1317 ) ;
#2190 = DIRECTION ( 'NONE',  ( 0.0000000000000000000, 0.0000000000000000000, 1.000000000000000000 ) ) ;
#2191 = VERTEX_POINT ( 'NONE', #1127 ) ;
#2192 = ORIENTED_EDGE ( 'NONE', *, *, #1320, .T. ) ;
#2193 = ADVANCED_FACE ( 'NONE', ( #1115 ), #1763, .T. ) ;
#2194 = VERTEX_POINT ( 'NONE', #1121 ) ;
#2195 = AXIS2_PLACEMENT_3D ( 'NONE', #1388, #1382, #1373 ) ;
#2196 = CARTESIAN_POINT ( 'NONE',  ( -10.00000000000000000, 7.500000000000003600, 7.000000000000000000 ) ) ;
#2197 = ORIENTED_EDGE ( 'NONE', *, *, #319, .T. ) ;
#2198 = CIRCLE ( 'NONE', #660, 6.500000000000000900 ) ;
#2199 = AXIS2_PLACEMENT_3D ( 'NONE', #1423, #1443, #1441 ) ;
#2200 = CARTESIAN_POINT ( 'NONE',  ( -1.500000000000001300, 13.99999999999999600, 14.00000000000000000 ) ) ;
#2201 = ADVANCED_FACE ( 'NONE', ( #857 ), #511, .F. ) ;
#2202 = CARTESIAN_POINT ( 'NONE',  ( 10.49999999999999600, -17.49999999999999600, 13.50000000000000000 ) ) ;
#2203 = ORIENTED_EDGE ( 'NONE', *, *, #585, .T. ) ;
#2204 = AXIS2_PLACEMENT_3D ( 'NONE', #1466, #1445, #1476 ) ;
#2205 = VERTEX_POINT ( 'NONE', #1062 ) ;
#2206 = VERTEX_POINT ( 'NONE', #1058 ) ;
#2207 = CARTESIAN_POINT ( 'NONE',  ( -1.499999999999999600, -1.894592700810898600E-016, 13.50000000000000000 ) ) ;
#2208 = TOROIDAL_SURFACE ( 'NONE', #2235, 6.500000000000000900, 0.5000000000000000000 ) ;
#2209 = ORIENTED_EDGE ( 'NONE', *, *, #291, .T. ) ;
#2210 = AXIS2_PLACEMENT_3D ( 'NONE', #1398, #1449, #1391 ) ;
#2211 = MECHANICAL_DESIGN_GEOMETRIC_PRESENTATION_REPRESENTATION (  '', ( #1364 ), #1319 ) ;
#2212 = CARTESIAN_POINT ( 'NONE',  ( -10.49999999999999600, -17.49999999999999600, 14.00000000000000000 ) ) ;
#2213 = ADVANCED_FACE ( 'NONE', ( #709, #357 ), #1069, .F. ) ;
#2214 = AXIS2_PLACEMENT_3D ( 'NONE', #1539, #1517, #1541 ) ;
#2215 = VERTEX_POINT ( 'NONE', #1049 ) ;
#2216 = ORIENTED_EDGE ( 'NONE', *, *, #1320, .F. ) ;
#2217 = AXIS2_PLACEMENT_3D ( 'NONE', #1551, #1566, #1586 ) ;
#2218 = ORIENTED_EDGE ( 'NONE', *, *, #939, .F. ) ;
#2219 = AXIS2_PLACEMENT_3D ( 'NONE', #1486, #1482, #1471 ) ;
#2220 = ADVANCED_FACE ( 'NONE', ( #482 ), #111, .T. ) ;
#2221 = ADVANCED_FACE ( 'NONE', ( #390 ), #64, .T. ) ;
#2222 = CIRCLE ( 'NONE', #2375, 0.5000000000000004400 ) ;
#2223 = DIRECTION ( 'NONE',  ( 0.0000000000000000000, -1.000000000000000000, 0.0000000000000000000 ) ) ;
#2224 = LINE ( 'NONE', #1538, #1835 ) ;
#2225 = AXIS2_PLACEMENT_3D ( 'NONE', #1562, #1561, #1553 ) ;
#2226 = DIRECTION ( 'NONE',  ( 0.0000000000000000000, 0.0000000000000000000, -1.000000000000000000 ) ) ;
#2227 = AXIS2_PLACEMENT_3D ( 'NONE', #1812, #1595, #2113 ) ;
#2228 = ORIENTED_EDGE ( 'NONE', *, *, #517, .T. ) ;
#2229 = AXIS2_PLACEMENT_3D ( 'NONE', #2117, #2143, #2115 ) ;
#2230 = ORIENTED_EDGE ( 'NONE', *, *, #484, .F. ) ;
#2231 = CARTESIAN_POINT ( 'NONE',  ( 9.500000000000000000, 14.00000000000000200, 13.50000000000000000 ) ) ;
#2232 = VERTEX_POINT ( 'NONE', #938 ) ;
#2233 = VERTEX_POINT ( 'NONE', #934 ) ;
#2234 = ORIENTED_EDGE ( 'NONE', *, *, #499, .F. ) ;
#2235 = AXIS2_PLACEMENT_3D ( 'NONE', #1349, #1379, #1340 ) ;
#2236 = VERTEX_POINT ( 'NONE', #960 ) ;
#2237 = CARTESIAN_POINT ( 'NONE',  ( 1.500000000000001300, 13.99999999999999600, 0.5000000000000004400 ) ) ;
#2238 = AXIS2_PLACEMENT_3D ( 'NONE', #1734, #1634, #2185 ) ;
#2239 = ORIENTED_EDGE ( 'NONE', *, *, #842, .F. ) ;
#2240 = DIRECTION ( 'NONE',  ( 0.0000000000000000000, 0.0000000000000000000, -1.000000000000000000 ) ) ;
#2241 = ADVANCED_FACE ( 'NONE', ( #173 ), #2, .F. ) ;
#2242 = AXIS2_PLACEMENT_3D ( 'NONE', #2059, #1738, #1837 ) ;
#2243 = DIRECTION ( 'NONE',  ( -1.000000000000000000, 0.0000000000000000000, 0.0000000000000000000 ) ) ;
#2244 = ORIENTED_EDGE ( 'NONE', *, *, #347, .F. ) ;
#2245 = TOROIDAL_SURFACE ( 'NONE', #2262, 6.500000000000000900, 0.5000000000000000000 ) ;
#2246 = DIRECTION ( 'NONE',  ( 0.0000000000000000000, 1.000000000000000000, 0.0000000000000000000 ) ) ;
#2247 = LINE ( 'NONE', #1518, #1969 ) ;
#2248 = CARTESIAN_POINT ( 'NONE',  ( -1.000000000000000200, 6.324555320336759900, 13.50000000000000000 ) ) ;
#2249 = AXIS2_PLACEMENT_3D ( 'NONE', #1038, #1041, #1045 ) ;
#2250 = AXIS2_PLACEMENT_3D ( 'NONE', #1988, #1866, #1745 ) ;
#2251 = ORIENTED_EDGE ( 'NONE', *, *, #424, .T. ) ;
#2252 = VERTEX_POINT ( 'NONE', #884 ) ;
#2253 = AXIS2_PLACEMENT_3D ( 'NONE', #2101, #1810, #1863 ) ;
#2254 = ORIENTED_EDGE ( 'NONE', *, *, #1296, .T. ) ;
#2255 = DIRECTION ( 'NONE',  ( 0.0000000000000000000, 0.0000000000000000000, 1.000000000000000000 ) ) ;
#2256 = FACE_OUTER_BOUND ( 'NONE', #1442, .T. ) ;
#2257 = VERTEX_POINT ( 'NONE', #924 ) ;
#2258 = ORIENTED_EDGE ( 'NONE', *, *, #636, .F. ) ;
#2259 = EDGE_LOOP ( 'NONE', ( #1021, #1840, #530, #15 ) ) ;
#2260 = EDGE_LOOP ( 'NONE', ( #2323, #2270, #2278, #2239 ) ) ;
#2261 = CARTESIAN_POINT ( 'NONE',  ( 20.50000000000000000, -17.50000000000000000, 0.5000000000000000000 ) ) ;
#2262 = AXIS2_PLACEMENT_3D ( 'NONE', #1850, #1765, #1784 ) ;
#2263 = ORIENTED_EDGE ( 'NONE', *, *, #926, .T. ) ;
#2264 = AXIS2_PLACEMENT_3D ( 'NONE', #2102, #2070, #1751 ) ;
#2265 = VECTOR ( 'NONE', #1306, 1000.000000000000000 ) ;
#2266 = DIRECTION ( 'NONE',  ( -1.000000000000000000, 0.0000000000000000000, -0.0000000000000000000 ) ) ;
#2267 = LINE ( 'NONE', #1345, #2066 ) ;
#2268 = AXIS2_PLACEMENT_3D ( 'NONE', #1976, #1984, #1962 ) ;
#2269 = DIRECTION ( 'NONE',  ( 0.0000000000000000000, 0.0000000000000000000, -1.000000000000000000 ) ) ;
#2270 = ORIENTED_EDGE ( 'NONE', *, *, #753, .F. ) ;
#2271 = AXIS2_PLACEMENT_3D ( 'NONE', #1957, #1963, #1949 ) ;
#2272 = VERTEX_POINT ( 'NONE', #871 ) ;
#2273 = CYLINDRICAL_SURFACE ( 'NONE', #2199, 2.000000000000000000 ) ;
#2274 = AXIS2_PLACEMENT_3D ( 'NONE', #1943, #1951, #1953 ) ;
#2275 = EDGE_LOOP ( 'NONE', ( #627, #1451, #533, #586 ) ) ;
#2276 = DIRECTION ( 'NONE',  ( 1.734723475976807900E-015, 1.000000000000000000, 0.0000000000000000000 ) ) ;
#2277 = AXIS2_PLACEMENT_3D ( 'NONE', #1922, #1932, #1888 ) ;
#2278 = ORIENTED_EDGE ( 'NONE', *, *, #1158, .F. ) ;
#2279 = DIRECTION ( 'NONE',  ( 0.0000000000000000000, 0.0000000000000000000, 1.000000000000000000 ) ) ;
#2280 = VERTEX_POINT ( 'NONE', #927 ) ;
#2281 = AXIS2_PLACEMENT_3D ( 'NONE', #1901, #1903, #1906 ) ;
#2282 = ORIENTED_EDGE ( 'NONE', *, *, #528, .T. ) ;
#2283 = ADVANCED_FACE ( 'NONE', ( #60 ), #1420, .T. ) ;
#2284 = AXIS2_PLACEMENT_3D ( 'NONE', #1979, #1994, #2081 ) ;
#2285 = DIRECTION ( 'NONE',  ( 1.000000000000000000, 0.0000000000000000000, 0.0000000000000000000 ) ) ;
#2286 = EDGE_LOOP ( 'NONE', ( #2364, #497 ) ) ;
#2287 = AXIS2_PLACEMENT_3D ( 'NONE', #1900, #1897, #1927 ) ;
#2288 = FACE_OUTER_BOUND ( 'NONE', #1168, .T. ) ;
#2289 = AXIS2_PLACEMENT_3D ( 'NONE', #1878, #1716, #1884 ) ;
#2290 = VECTOR ( 'NONE', #1314, 1000.000000000000000 ) ;
#2291 = VERTEX_POINT ( 'NONE', #848 ) ;
#2292 = ADVANCED_FACE ( 'NONE', ( #2172 ), #2151, .T. ) ;
#2293 = AXIS2_PLACEMENT_3D ( 'NONE', #314, #2159, #2161 ) ;
#2294 = ORIENTED_EDGE ( 'NONE', *, *, #861, .T. ) ;
#2295 = AXIS2_PLACEMENT_3D ( 'NONE', #1707, #1413, #1710 ) ;
#2296 = PLANE ( 'NONE',  #2342 ) ;
#2297 = AXIS2_PLACEMENT_3D ( 'NONE', #570, #1245, #2128 ) ;
#2298 = VERTEX_POINT ( 'NONE', #813 ) ;
#2299 = VERTEX_POINT ( 'NONE', #217 ) ;
#2300 = CARTESIAN_POINT ( 'NONE',  ( 9.500000000000000000, 14.00000000000000200, 13.50000000000000000 ) ) ;
#2301 = AXIS2_PLACEMENT_3D ( 'NONE', #1684, #1905, #1815 ) ;
#2302 = DIRECTION ( 'NONE',  ( -0.0000000000000000000, -0.0000000000000000000, -1.000000000000000000 ) ) ;
#2303 = CYLINDRICAL_SURFACE ( 'NONE', #2322, 3.000000000000000900 ) ;
#2304 = DIRECTION ( 'NONE',  ( 1.000000000000000000, 0.0000000000000000000, 0.0000000000000000000 ) ) ;
#2305 = VECTOR ( 'NONE', #1300, 1000.000000000000000 ) ;
#2306 = FACE_BOUND ( 'NONE', #1064, .T. ) ;
#2307 = AXIS2_PLACEMENT_3D ( 'NONE', #1627, #1696, #1617 ) ;
#2308 = ORIENTED_EDGE ( 'NONE', *, *, #959, .T. ) ;
#2309 = LINE ( 'NONE', #1303, #2290 ) ;
#2310 = UNCERTAINTY_MEASURE_WITH_UNIT (LENGTH_MEASURE( 1.000000000000000100E-005 ), #771, 'distance_accuracy_value', 'NONE');
#2311 = AXIS2_PLACEMENT_3D ( 'NONE', #1421, #1504, #1622 ) ;
#2312 = CARTESIAN_POINT ( 'NONE',  ( 21.00000000000000000, -17.00000000000000000, 14.00000000000000000 ) ) ;
#2313 = AXIS2_PLACEMENT_3D ( 'NONE', #1797, #1798, #1799 ) ;
#2314 = DIRECTION ( 'NONE',  ( -3.154042683594193600E-016, -1.000000000000000000, 0.0000000000000000000 ) ) ;
#2315 = VERTEX_POINT ( 'NONE', #828 ) ;
#2316 = VERTEX_POINT ( 'NONE', #820 ) ;
#2317 = ORIENTED_EDGE ( 'NONE', *, *, #1288, .T. ) ;
#2318 = DIRECTION ( 'NONE',  ( 1.000000000000000000, -3.154042683594193600E-016, 0.0000000000000000000 ) ) ;
#2319 = AXIS2_PLACEMENT_3D ( 'NONE', #634, #764, #626 ) ;
#2320 = ADVANCED_BREP_SHAPE_REPRESENTATION ( 'LineatShaftBracket_SH12', ( #1033, #2140 ), #748 ) ;
#2321 = ORIENTED_EDGE ( 'NONE', *, *, #868, .T. ) ;
#2322 = AXIS2_PLACEMENT_3D ( 'NONE', #494, #554, #134 ) ;
#2323 = ORIENTED_EDGE ( 'NONE', *, *, #1136, .T. ) ;
#2324 = ORIENTED_EDGE ( 'NONE', *, *, #701, .F. ) ;
#2325 = ORIENTED_EDGE ( 'NONE', *, *, #922, .F. ) ;
#2326 = CARTESIAN_POINT ( 'NONE',  ( -1.500000000000001100, 13.99999999999999600, 0.0000000000000000000 ) ) ;
#2327 = AXIS2_PLACEMENT_3D ( 'NONE', #270, #304, #397 ) ;
#2328 = LINE ( 'NONE', #1318, #2265 ) ;
#2329 = FACE_OUTER_BOUND ( 'NONE', #1095, .T. ) ;
#2330 = AXIS2_PLACEMENT_3D ( 'NONE', #156, #176, #199 ) ;
#2331 = VECTOR ( 'NONE', #1193, 1000.000000000000000 ) ;
#2332 = AXIS2_PLACEMENT_3D ( 'NONE', #97, #128, #131 ) ;
#2333 = UNCERTAINTY_MEASURE_WITH_UNIT (LENGTH_MEASURE( 1.000000000000000100E-005 ), #1695, 'distance_accuracy_value', 'NONE');
#2334 = AXIS2_PLACEMENT_3D ( 'NONE', #1453, #1458, #1461 ) ;
#2335 = DIRECTION ( 'NONE',  ( 1.000000000000000000, 1.263061800540599500E-016, 0.0000000000000000000 ) ) ;
#2336 = ORIENTED_EDGE ( 'NONE', *, *, #1183, .F. ) ;
#2337 = AXIS2_PLACEMENT_3D ( 'NONE', #1785, #1789, #1790 ) ;
#2338 = VERTEX_POINT ( 'NONE', #816 ) ;
#2339 = FACE_OUTER_BOUND ( 'NONE', #1174, .T. ) ;
#2340 = AXIS2_PLACEMENT_3D ( 'NONE', #2354, #2357, #2359 ) ;
#2341 = ORIENTED_EDGE ( 'NONE', *, *, #883, .F. ) ;
#2342 = AXIS2_PLACEMENT_3D ( 'NONE', #2312, #2314, #2318 ) ;
#2343 = ORIENTED_EDGE ( 'NONE', *, *, #1284, .T. ) ;
#2344 = VERTEX_POINT ( 'NONE', #799 ) ;
#2345 = AXIS2_PLACEMENT_3D ( 'NONE', #2346, #2347, #1576 ) ;
#2346 = CARTESIAN_POINT ( 'NONE',  ( 1.500000000000001300, 13.99999999999999600, 0.5000000000000004400 ) ) ;
#2347 = DIRECTION ( 'NONE',  ( 1.000000000000000000, 4.336808689942013300E-016, 0.0000000000000000000 ) ) ;
#2348 = SPHERICAL_SURFACE ( 'NONE', #311, 0.5000000000000000000 ) ;
#2349 = AXIS2_PLACEMENT_3D ( 'NONE', #1370, #2279, #2285 ) ;
#2350 = CIRCLE ( 'NONE', #699, 0.5000000000000000000 ) ;
#2351 = FACE_OUTER_BOUND ( 'NONE', #2114, .T. ) ;
#2352 = CIRCLE ( 'NONE', #66, 0.5000000000000004400 ) ;
#2353 = AXIS2_PLACEMENT_3D ( 'NONE', #2261, #2266, #2269 ) ;
#2354 = CARTESIAN_POINT ( 'NONE',  ( 10.49999999999999600, -17.49999999999999600, 0.5000000000000004400 ) ) ;
#2355 = AXIS2_PLACEMENT_3D ( 'NONE', #1110, #2246, #2255 ) ;
#2356 = VERTEX_POINT ( 'NONE', #213 ) ;
#2357 = DIRECTION ( 'NONE',  ( -1.000000000000000000, 0.0000000000000000000, 0.0000000000000000000 ) ) ;
#2358 = ORIENTED_EDGE ( 'NONE', *, *, #553, .F. ) ;
#2359 = DIRECTION ( 'NONE',  ( 0.0000000000000000000, 0.0000000000000000000, 1.000000000000000000 ) ) ;
#2360 = ORIENTED_EDGE ( 'NONE', *, *, #1262, .T. ) ;
#2361 = AXIS2_PLACEMENT_3D ( 'NONE', #2237, #2240, #2243 ) ;
#2362 = ORIENTED_EDGE ( 'NONE', *, *, #650, .F. ) ;
#2363 = AXIS2_PLACEMENT_3D ( 'NONE', #2231, #1020, #1035 ) ;
#2364 = ORIENTED_EDGE ( 'NONE', *, *, #639, .F. ) ;
#2365 = AXIS2_PLACEMENT_3D ( 'NONE', #1190, #2223, #2226 ) ;
#2366 = CARTESIAN_POINT ( 'NONE',  ( 9.500000000000000000, 14.00000000000000200, 14.00000000000000000 ) ) ;
#2367 = VERTEX_POINT ( 'NONE', #353 ) ;
#2368 = AXIS2_PLACEMENT_3D ( 'NONE', #734, #738, #746 ) ;
#2369 = CARTESIAN_POINT ( 'NONE',  ( 9.500000000000000000, 14.00000000000000200, 0.5000000000000004400 ) ) ;
#2370 = DIRECTION ( 'NONE',  ( 0.0000000000000000000, 0.0000000000000000000, 1.000000000000000000 ) ) ;
#2371 = SPHERICAL_SURFACE ( 'NONE', #87, 0.5000000000000000000 ) ;
#2372 = ORIENTED_EDGE ( 'NONE', *, *, #398, .T. ) ;
#2373 = DIRECTION ( 'NONE',  ( -1.000000000000000000, 1.734723475976807100E-015, 0.0000000000000000000 ) ) ;
#2374 = CIRCLE ( 'NONE', #2078, 0.9999999999999991100 ) ;
#2375 = AXIS2_PLACEMENT_3D ( 'NONE', #2202, #893, #899 ) ;
#2376 = UNCERTAINTY_MEASURE_WITH_UNIT (LENGTH_MEASURE( 1.000000000000000100E-005 ), #806, 'distance_accuracy_value', 'NONE');
#2377 = DIRECTION ( 'NONE',  ( 1.000000000000000000, -0.0000000000000000000, 0.0000000000000000000 ) ) ;
#2378 = AXIS2_PLACEMENT_3D ( 'NONE', #505, #509, #514 ) ;
#2379 = ORIENTED_EDGE ( 'NONE', *, *, #1259, .F. ) ;
#2380 = AXIS2_PLACEMENT_3D ( 'NONE', #434, #440, #2190 ) ;
ENDSEC;
END-ISO-10303-21;
