ISO-10303-21;
HEADER;
FILE_DESCRIPTION (( 'STEP AP214' ),
    '1' );
FILE_NAME ('UVX320_Peroxidetank_V5.STEP',
    '2017-12-05T13:48:51',
    ( '' ),
    ( '' ),
    'SwSTEP 2.0',
    'SolidWorks 2016',
    '' );
FILE_SCHEMA (( 'AUTOMOTIVE_DESIGN' ));
ENDSEC;

DATA;
#1 = CARTESIAN_POINT ( 'NONE',  ( 54.44429639721141700, 418.6402724346251000, 92.32554993915155700 ) ) ;
#2 = ORIENTED_EDGE ( 'NONE', *, *, #2067, .F. ) ;
#3 = DIRECTION ( 'NONE',  ( 1.000000000000000000, 0.0000000000000000000, -9.570888143320316900E-017 ) ) ;
#4 = CARTESIAN_POINT ( 'NONE',  ( 42.66160990483663100, 412.7346196208958400, 113.7306362681572800 ) ) ;
#5 = ORIENTED_EDGE ( 'NONE', *, *, #113, .T. ) ;
#6 = CARTESIAN_POINT ( 'NONE',  ( -22.33863029431159600, 390.1033478747023700, 127.3637025706437800 ) ) ;
#7 = CARTESIAN_POINT ( 'NONE',  ( 29.74503911365026100, 392.5324643131733100, 125.5891711818295000 ) ) ;
#8 = DIRECTION ( 'NONE',  ( -1.000000000000000000, -0.0000000000000000000, -0.0000000000000000000 ) ) ;
#9 = EDGE_CURVE ( 'NONE', #1573, #2764, #3215, .T. ) ;
#10 = DIRECTION ( 'NONE',  ( 0.0000000000000000000, -1.000000000000000000, 0.0000000000000000000 ) ) ;
#11 = CARTESIAN_POINT ( 'NONE',  ( -62.13254131602570100, 419.9948280070455000, 87.25668803955312600 ) ) ;
#12 = CARTESIAN_POINT ( 'NONE',  ( -58.94456483176259800, 419.7120972068327700, -88.86598153812495600 ) ) ;
#13 = CARTESIAN_POINT ( 'NONE',  ( 60.00000000000001400, 419.5016164111897300, 92.71735994078588300 ) ) ;
#14 = CARTESIAN_POINT ( 'NONE',  ( 22.77526055488722500, 390.1408383531862100, -137.9360556958440900 ) ) ;
#15 = CARTESIAN_POINT ( 'NONE',  ( 58.16795961138549800, 419.6243612903925300, 91.77098465509281800 ) ) ;
#16 = CARTESIAN_POINT ( 'NONE',  ( 41.17348147237736100, 408.1401849657568200, -105.2132423020301000 ) ) ;
#17 = CARTESIAN_POINT ( 'NONE',  ( 33.55217207797656400, 395.2890428327470400, 122.9050798704879700 ) ) ;
#18 = AXIS2_PLACEMENT_3D ( 'NONE', #531, #806, #2910 ) ;
#19 = CARTESIAN_POINT ( 'NONE',  ( -9.968413821343439500, 415.7614147971783000, -35.26494430988175600 ) ) ;
#20 = CARTESIAN_POINT ( 'NONE',  ( -57.66591296923118600, 419.5003929635631200, -89.82712312438093200 ) ) ;
#21 = SPHERICAL_SURFACE ( 'NONE', #2264, 60.00000000000000700 ) ;
#22 = CARTESIAN_POINT ( 'NONE',  ( -32.96543960446078400, 383.2991750680885700, -140.2937435443298900 ) ) ;
#23 = TOROIDAL_SURFACE ( 'NONE', #2505, 41.99999999999999300, 12.00000000000000000 ) ;
#24 = PLANE ( 'NONE',  #2182 ) ;
#25 = PLANE ( 'NONE',  #2129 ) ;
#26 = LINE ( 'NONE', #2209, #2052 ) ;
#27 = CARTESIAN_POINT ( 'NONE',  ( -38.35697717427326100, 402.0219220018670400, 112.0206555263796300 ) ) ;
#28 = CARTESIAN_POINT ( 'NONE',  ( 30.81117288773607400, 393.0463847932001000, 135.8616213083029400 ) ) ;
#29 = CARTESIAN_POINT ( 'NONE',  ( -19.99999999999985100, 390.0000000000000000, -145.0000000000000300 ) ) ;
#30 = EDGE_LOOP ( 'NONE', ( #2392, #1976, #121, #2559 ) ) ;
#31 = CARTESIAN_POINT ( 'NONE',  ( -38.67929623126259000, 402.8359844794582000, 109.9774981429617100 ) ) ;
#32 = ADVANCED_FACE ( 'NONE', ( #2099 ), #515, .F. ) ;
#33 = ORIENTED_EDGE ( 'NONE', *, *, #2850, .F. ) ;
#34 = ORIENTED_EDGE ( 'NONE', *, *, #2136, .F. ) ;
#35 = CARTESIAN_POINT ( 'NONE',  ( 19.99999999999984400, 389.9999999999998900, -138.0330085889910700 ) ) ;
#36 = CARTESIAN_POINT ( 'NONE',  ( 53.73210997012991900, 413.2391908899045900, 112.6915041933002900 ) ) ;
#37 = ORIENTED_EDGE ( 'NONE', *, *, #2744, .T. ) ;
#38 = DIRECTION ( 'NONE',  ( 0.0000000000000000000, -1.000000000000000000, 0.0000000000000000000 ) ) ;
#39 = ORIENTED_EDGE ( 'NONE', *, *, #1918, .F. ) ;
#40 = CARTESIAN_POINT ( 'NONE',  ( -14.99576762549208600, 421.9879756356083400, -41.72058241772921900 ) ) ;
#41 = AXIS2_PLACEMENT_3D ( 'NONE', #1353, #2115, #3185 ) ;
#42 = CARTESIAN_POINT ( 'NONE',  ( 14.99999999999997000, 421.9999999999998900, -41.71780864905293400 ) ) ;
#43 = CARTESIAN_POINT ( 'NONE',  ( 14.99999999999999300, 422.0000000000000600, 75.60612308660186900 ) ) ;
#44 = EDGE_LOOP ( 'NONE', ( #3167, #1076, #2396, #1771 ) ) ;
#45 =( BOUNDED_SURFACE ( )  B_SPLINE_SURFACE ( 3, 2, ( 
 ( #1556, #1831, #1873 ),
 ( #1896, #1605, #1316 ),
 ( #2382, #11, #1583 ),
 ( #1365, #3163, #2908 ) ),
 .UNSPECIFIED., .F., .F., .F. ) 
 B_SPLINE_SURFACE_WITH_KNOTS ( ( 4, 4 ),
 ( 3, 3 ),
 ( -1.734723475976807100E-018, 0.006563110498405603700 ),
 ( 0.0000000000000000000, 1.000000000000000000 ),
 .UNSPECIFIED. ) 
 GEOMETRIC_REPRESENTATION_ITEM ( )  RATIONAL_B_SPLINE_SURFACE ( (
 ( 1.000000000000000000, 0.9906504106432259000, 1.000000000000000000),
 ( 1.000000000000000000, 0.9969058896704063900, 1.000000000000000000),
 ( 1.000000000000000000, 0.9999933592842824600, 1.000000000000000000),
 ( 1.000000000000000000, 1.000000000000000000, 1.000000000000000000) ) ) 
 REPRESENTATION_ITEM ( '' )  SURFACE ( )  );
#46 = ORIENTED_EDGE ( 'NONE', *, *, #1615, .T. ) ;
#47 = DIRECTION ( 'NONE',  ( -1.000000000000000000, 0.0000000000000000000, 0.0000000000000000000 ) ) ;
#48 = AXIS2_PLACEMENT_3D ( 'NONE', #1214, #1456, #2759 ) ;
#49 = CARTESIAN_POINT ( 'NONE',  ( 56.10917739335049200, 416.9383582961286800, -103.9512180612436700 ) ) ;
#50 = CARTESIAN_POINT ( 'NONE',  ( -41.70356069666952700, 409.6741678552350500, 118.8345619161344200 ) ) ;
#51 = MECHANICAL_DESIGN_GEOMETRIC_PRESENTATION_REPRESENTATION (  '', ( #593 ), #218 ) ;
#52 = DIRECTION ( 'NONE',  ( 1.000000000000000000, 0.0000000000000000000, 0.0000000000000000000 ) ) ;
#53 = DIRECTION ( 'NONE',  ( -1.000000000000000000, 0.0000000000000000000, 8.673617379884041600E-017 ) ) ;
#54 = CARTESIAN_POINT ( 'NONE',  ( 15.00000000000003700, 411.1428571428571100, 88.38365438660062500 ) ) ;
#55 = CIRCLE ( 'NONE', #1797, 4.000000000000003600 ) ;
#56 = EDGE_CURVE ( 'NONE', #3379, #2408, #3005, .T. ) ;
#57 = VECTOR ( 'NONE', #1998, 1000.000000000000000 ) ;
#58 = CARTESIAN_POINT ( 'NONE',  ( 47.34983603747168200, 414.9080037659954300, -98.56686570839013900 ) ) ;
#59 = LINE ( 'NONE', #414, #1719 ) ;
#60 = CARTESIAN_POINT ( 'NONE',  ( -11.00000000000000700, 396.0000000000000000, 125.0000000000000000 ) ) ;
#61 = CARTESIAN_POINT ( 'NONE',  ( 15.00000000000026600, 422.0000000000008500, 77.14326044729692500 ) ) ;
#62 = LINE ( 'NONE', #3136, #1013 ) ;
#63 = FACE_OUTER_BOUND ( 'NONE', #191, .T. ) ;
#64 = CARTESIAN_POINT ( 'NONE',  ( 26.30365407716488900, 391.0105248067578100, -126.7607626598032600 ) ) ;
#65 = DIRECTION ( 'NONE',  ( 0.0000000000000000000, 0.0000000000000000000, -1.000000000000000000 ) ) ;
#66 = EDGE_CURVE ( 'NONE', #2646, #993, #3045, .T. ) ;
#67 = ORIENTED_EDGE ( 'NONE', *, *, #1901, .F. ) ;
#68 = EDGE_LOOP ( 'NONE', ( #3129, #444, #2890 ) ) ;
#69 = CARTESIAN_POINT ( 'NONE',  ( -15.00000000000004800, 390.0000000000000600, -54.99999999999999300 ) ) ;
#70 = EDGE_CURVE ( 'NONE', #1945, #921, #1479, .T. ) ;
#71 = CARTESIAN_POINT ( 'NONE',  ( 29.33299960405677700, 381.6634909318633500, -140.9547671929136900 ) ) ;
#72 = ORIENTED_EDGE ( 'NONE', *, *, #2331, .T. ) ;
#73 = CARTESIAN_POINT ( 'NONE',  ( -59.99999999999999300, 60.00000000000000000, -145.0000000000000300 ) ) ;
#74 = VERTEX_POINT ( 'NONE', #2869 ) ;
#75 = DIRECTION ( 'NONE',  ( 0.8853035964740512100, 0.0000000000000000000, 0.4650134859013343400 ) ) ;
#76 = ORIENTED_EDGE ( 'NONE', *, *, #1347, .T. ) ;
#77 = CARTESIAN_POINT ( 'NONE',  ( 32.60847809320968300, 394.2532180124361500, -134.9555091264641600 ) ) ;
#78 = CARTESIAN_POINT ( 'NONE',  ( 57.08090121944498200, 417.8624653576350700, -100.9078105466917900 ) ) ;
#79 = ADVANCED_FACE ( 'NONE', ( #2267 ), #1840, .F. ) ;
#80 = EDGE_CURVE ( 'NONE', #185, #2925, #1439, .T. ) ;
#81 = ORIENTED_EDGE ( 'NONE', *, *, #2872, .F. ) ;
#82 = DIRECTION ( 'NONE',  ( -9.570888143320316900E-017, 0.0000000000000000000, -1.000000000000000000 ) ) ;
#83 = DIRECTION ( 'NONE',  ( 0.0000000000000000000, 0.0000000000000000000, 1.000000000000000000 ) ) ;
#84 = ORIENTED_EDGE ( 'NONE', *, *, #2835, .F. ) ;
#85 = CARTESIAN_POINT ( 'NONE',  ( 56.40411422908338300, 419.1888221542443500, 90.78801995558947600 ) ) ;
#86 = CARTESIAN_POINT ( 'NONE',  ( 52.64246616717440500, 409.7770847164324600, 118.5838717501485000 ) ) ;
#87 =( BOUNDED_SURFACE ( )  B_SPLINE_SURFACE ( 3, 2, ( 
 ( #2234, #3290, #933 ),
 ( #1979, #1991, #672 ),
 ( #1960, #681, #2530 ),
 ( #2252, #3041, #3304 ),
 ( #692, #3268, #1694 ),
 ( #139, #3025, #403 ),
 ( #1759, #995, #957 ),
 ( #724, #2819, #985 ),
 ( #2295, #2059, #1770 ),
 ( #3366, #437, #159 ),
 ( #3347, #3080, #2305 ),
 ( #1525, #2287, #176 ),
 ( #973, #2829, #450 ),
 ( #1252, #717, #1749 ),
 ( #474, #3089, #2800 ),
 ( #2014, #2319, #2558 ) ),
 .UNSPECIFIED., .F., .F., .F. ) 
 B_SPLINE_SURFACE_WITH_KNOTS ( ( 4, 2, 2, 2, 2, 2, 2, 4 ),
 ( 3, 3 ),
 ( -2.168404344971008900E-019, 0.002538908363034695500, 0.005077816726069391000, 0.01015563345213878200, 0.01269454181517347700, 0.01523345017820817300, 0.01777235854124286800, 0.02031126690427756400 ),
 ( 0.0000000000000000000, 1.000000000000000000 ),
 .UNSPECIFIED. ) 
 GEOMETRIC_REPRESENTATION_ITEM ( )  RATIONAL_B_SPLINE_SURFACE ( (
 ( 1.000000000000000000, 0.8015704635013014600, 1.000000000000000000),
 ( 1.000000000000000000, 0.8143886778243828500, 1.000000000000000000),
 ( 1.000000000000000000, 0.8265549508389905500, 1.000000000000000000),
 ( 1.000000000000000000, 0.8496315461476212600, 1.000000000000000000),
 ( 1.000000000000000000, 0.8605420272065141800, 1.000000000000000000),
 ( 1.000000000000000000, 0.8914410475720924200, 1.000000000000000000),
 ( 1.000000000000000000, 0.9096028340323150100, 1.000000000000000000),
 ( 1.000000000000000000, 0.9332796642927244600, 1.000000000000000000),
 ( 1.000000000000000000, 0.9405837857817094200, 1.000000000000000000),
 ( 1.000000000000000000, 0.9539650897655185300, 1.000000000000000000),
 ( 1.000000000000000000, 0.9600169794257325000, 1.000000000000000000),
 ( 1.000000000000000000, 0.9708788776259824600, 1.000000000000000000),
 ( 1.000000000000000000, 0.9756888606575441200, 1.000000000000000000),
 ( 1.000000000000000000, 0.9840861790432357000, 1.000000000000000000),
 ( 1.000000000000000000, 0.9876734081011211400, 1.000000000000000000),
 ( 1.000000000000000000, 0.9906504106432226800, 1.000000000000000000) ) ) 
 REPRESENTATION_ITEM ( '' )  SURFACE ( )  );
#88 = CARTESIAN_POINT ( 'NONE',  ( 0.0000000000000000000, 398.0000000000000000, -100.0000000000000000 ) ) ;
#89 = CARTESIAN_POINT ( 'NONE',  ( 41.50059107262971700, 389.8376821536675200, -137.0568315448953200 ) ) ;
#90 = DIRECTION ( 'NONE',  ( -4.336808689942013800E-016, 0.0000000000000000000, -1.000000000000000000 ) ) ;
#91 = CARTESIAN_POINT ( 'NONE',  ( 47.55551923954264700, 415.0597616097556400, -98.37198583733314200 ) ) ;
#92 = VECTOR ( 'NONE', #898, 1000.000000000000000 ) ;
#93 = DIRECTION ( 'NONE',  ( 0.0000000000000000000, 0.8504312103986758600, 0.5260862632495199000 ) ) ;
#94 = LINE ( 'NONE', #2915, #1675 ) ;
#95 = ADVANCED_FACE ( 'NONE', ( #63 ), #780, .F. ) ;
#96 = CARTESIAN_POINT ( 'NONE',  ( 25.95079013791809400, 380.6726170748651200, 141.3263671990874900 ) ) ;
#97 = CARTESIAN_POINT ( 'NONE',  ( 3.686291501015223700, 414.0000000000000600, 75.60612308660186900 ) ) ;
#98 = VECTOR ( 'NONE', #2245, 1000.000000000000000 ) ;
#99 = CARTESIAN_POINT ( 'NONE',  ( 34.73576820201930100, 396.4685353527974600, -121.5091842596636700 ) ) ;
#100 = CARTESIAN_POINT ( 'NONE',  ( 35.63894534687582200, 397.5305720625485700, -120.0878901283740600 ) ) ;
#101 = CARTESIAN_POINT ( 'NONE',  ( -15.00000000000000900, 390.0000000000000600, 125.0000000000000000 ) ) ;
#102 = CIRCLE ( 'NONE', #2679, 4.000000000000003600 ) ;
#103 = DIRECTION ( 'NONE',  ( -1.000000000000000000, 0.0000000000000000000, 0.0000000000000000000 ) ) ;
#104 = CIRCLE ( 'NONE', #18, 60.00000000000000000 ) ;
#105 = DIRECTION ( 'NONE',  ( 8.673617379884041600E-017, 0.0000000000000000000, 1.000000000000000000 ) ) ;
#106 = CARTESIAN_POINT ( 'NONE',  ( 49.70908725068388600, 401.9911489024111700, 127.8610371779680400 ) ) ;
#107 = EDGE_LOOP ( 'NONE', ( #744, #76, #3368, #1445 ) ) ;
#108 = AXIS2_PLACEMENT_3D ( 'NONE', #2433, #2468, #2720 ) ;
#109 = PLANE ( 'NONE',  #1383 ) ;
#110 = CARTESIAN_POINT ( 'NONE',  ( 21.40213026371647200, 390.0000000000001100, -127.4264068711929400 ) ) ;
#111 = CARTESIAN_POINT ( 'NONE',  ( 36.44278530310438700, 397.8776798864519200, -132.0278261947224800 ) ) ;
#112 = ORIENTED_EDGE ( 'NONE', *, *, #3254, .T. ) ;
#113 = EDGE_CURVE ( 'NONE', #777, #501, #3117, .T. ) ;
#114 = ORIENTED_EDGE ( 'NONE', *, *, #955, .T. ) ;
#115 = AXIS2_PLACEMENT_3D ( 'NONE', #3247, #1940, #3223 ) ;
#116 = CARTESIAN_POINT ( 'NONE',  ( 39.23840977709689800, 404.4076974805184900, -107.9555664035438700 ) ) ;
#117 = DIRECTION ( 'NONE',  ( 1.000000000000000000, -0.0000000000000000000, -8.673617379884041600E-017 ) ) ;
#118 = ORIENTED_EDGE ( 'NONE', *, *, #677, .T. ) ;
#119 = CARTESIAN_POINT ( 'NONE',  ( 22.78458845244159600, 390.1917289394749000, 127.3064058612071400 ) ) ;
#120 = DIRECTION ( 'NONE',  ( -0.0000000000000000000, -1.000000000000000000, -0.0000000000000000000 ) ) ;
#121 = ORIENTED_EDGE ( 'NONE', *, *, #1538, .F. ) ;
#122 = CARTESIAN_POINT ( 'NONE',  ( -56.40411422907971000, 419.1888221542434400, 90.78801995559224700 ) ) ;
#123 = CARTESIAN_POINT ( 'NONE',  ( 38.48124575085324800, 402.3312002737487800, -111.2570361687190300 ) ) ;
#124 = ORIENTED_EDGE ( 'NONE', *, *, #2362, .F. ) ;
#125 = CARTESIAN_POINT ( 'NONE',  ( 40.68236013747675600, 405.6809750401744200, -124.1094234977815500 ) ) ;
#126 = AXIS2_PLACEMENT_3D ( 'NONE', #1856, #1589, #2638 ) ;
#127 = CARTESIAN_POINT ( 'NONE',  ( 53.42630063172949000, 418.5849215251824400, -98.10468292900618800 ) ) ;
#128 = CARTESIAN_POINT ( 'NONE',  ( 2.999999999999985300, 384.0000000000000000, 75.60612308660186900 ) ) ;
#129 = AXIS2_PLACEMENT_3D ( 'NONE', #1651, #321, #1409 ) ;
#130 = CARTESIAN_POINT ( 'NONE',  ( 34.79345056885257700, 396.4978657831781000, 121.4976093644146100 ) ) ;
#131 = CARTESIAN_POINT ( 'NONE',  ( -59.99999999999997200, 420.0000000000000600, 84.99999999999997200 ) ) ;
#132 = DIRECTION ( 'NONE',  ( 0.0000000000000000000, 9.251858538542971800E-016, -1.000000000000000000 ) ) ;
#133 = CARTESIAN_POINT ( 'NONE',  ( -12.17157287525384200, 413.9999999999998900, 75.60612308660186900 ) ) ;
#134 = CARTESIAN_POINT ( 'NONE',  ( 37.54550865978329500, 400.3978810652415100, -115.3847610413321300 ) ) ;
#135 = VECTOR ( 'NONE', #1414, 1000.000000000000000 ) ;
#136 = DIRECTION ( 'NONE',  ( 0.0000000000000000000, -1.000000000000000000, 0.0000000000000000000 ) ) ;
#137 = CARTESIAN_POINT ( 'NONE',  ( 52.64887624854213000, 417.9595830314361800, -93.81697911640114300 ) ) ;
#138 = EDGE_CURVE ( 'NONE', #405, #2696, #147, .T. ) ;
#139 = CARTESIAN_POINT ( 'NONE',  ( -43.10871298235769400, 410.9633508821403900, 102.8595530559633900 ) ) ;
#140 = SPHERICAL_SURFACE ( 'NONE', #2400, 60.00000000000000700 ) ;
#141 = CARTESIAN_POINT ( 'NONE',  ( 21.39947526158291400, 390.0368542906937300, 127.4037659773107800 ) ) ;
#142 = CARTESIAN_POINT ( 'NONE',  ( -19.99999999999985100, 390.0000000000000000, 127.4264068711928400 ) ) ;
#143 = DIRECTION ( 'NONE',  ( -8.673617379884041600E-017, 0.0000000000000000000, -1.000000000000000000 ) ) ;
#144 = EDGE_CURVE ( 'NONE', #1812, #2198, #858, .T. ) ;
#145 = CARTESIAN_POINT ( 'NONE',  ( -57.41931251161164300, 418.1328824789571300, 99.88860133025897900 ) ) ;
#146 = FACE_OUTER_BOUND ( 'NONE', #709, .T. ) ;
#147 = CIRCLE ( 'NONE', #2852, 11.99999999999998600 ) ;
#148 = CARTESIAN_POINT ( 'NONE',  ( -59.59525776613725900, 419.3683612822397900, -93.74477030241742200 ) ) ;
#149 = VERTEX_POINT ( 'NONE', #2880 ) ;
#150 = ORIENTED_EDGE ( 'NONE', *, *, #1738, .F. ) ;
#151 = CARTESIAN_POINT ( 'NONE',  ( -21.40213026371654300, 389.9999999999999400, 127.4264068711928100 ) ) ;
#152 = CARTESIAN_POINT ( 'NONE',  ( -25.90803674498311800, 380.6432530602191400, 141.3379844951606700 ) ) ;
#153 = EDGE_LOOP ( 'NONE', ( #2599, #570, #372, #786, #3308, #634 ) ) ;
#154 = ORIENTED_EDGE ( 'NONE', *, *, #710, .F. ) ;
#155 = CARTESIAN_POINT ( 'NONE',  ( -57.08090121944571400, 417.8624653576358700, 100.9078105466892800 ) ) ;
#156 = EDGE_CURVE ( 'NONE', #2941, #3166, #2304, .T. ) ;
#157 = VERTEX_POINT ( 'NONE', #2112 ) ;
#158 = DIRECTION ( 'NONE',  ( 9.570888143320316900E-017, -0.0000000000000000000, 1.000000000000000000 ) ) ;
#159 = CARTESIAN_POINT ( 'NONE',  ( -57.11469550494217600, 417.8904573481274800, 100.8052669169830200 ) ) ;
#160 = ORIENTED_EDGE ( 'NONE', *, *, #574, .T. ) ;
#161 = DIRECTION ( 'NONE',  ( 0.0000000000000000000, 0.0000000000000000000, 1.000000000000000000 ) ) ;
#162 = ORIENTED_EDGE ( 'NONE', *, *, #1567, .T. ) ;
#163 = CARTESIAN_POINT ( 'NONE',  ( -3.053890103720250600, 412.0300426779259100, 86.35411564121709200 ) ) ;
#164 = CARTESIAN_POINT ( 'NONE',  ( 64.10958373819470100, 419.8590955619843000, -85.00000000000001400 ) ) ;
#165 = CARTESIAN_POINT ( 'NONE',  ( -31.86795481643817900, 393.8903288108186900, -124.3684923297626900 ) ) ;
#166 = CARTESIAN_POINT ( 'NONE',  ( 58.47607412532614300, 418.8339067261036300, 96.81746815798416600 ) ) ;
#167 = CARTESIAN_POINT ( 'NONE',  ( 10.01449807120074600, 390.0000000000000600, 107.2989084779944600 ) ) ;
#168 = CARTESIAN_POINT ( 'NONE',  ( -22.39725921221958400, 380.0829478335683700, 141.5394055961435200 ) ) ;
#169 = EDGE_CURVE ( 'NONE', #2483, #2941, #1645, .T. ) ;
#170 = DIRECTION ( 'NONE',  ( -0.8853035964740452200, 0.0000000000000000000, -0.4650134859013455000 ) ) ;
#171 = CIRCLE ( 'NONE', #698, 3.000000000000002700 ) ;
#172 = CARTESIAN_POINT ( 'NONE',  ( -53.69447440944966800, 413.2199572424555100, 112.7890888515978000 ) ) ;
#173 = CARTESIAN_POINT ( 'NONE',  ( 49.01442173825391500, 416.0581954795407600, 97.01458391446222200 ) ) ;
#174 = AXIS2_PLACEMENT_3D ( 'NONE', #596, #1123, #872 ) ;
#175 = CARTESIAN_POINT ( 'NONE',  ( -59.99999999999997200, 420.0000000000000600, 144.9999999999999700 ) ) ;
#176 = CARTESIAN_POINT ( 'NONE',  ( -58.14305693793623700, 418.6348582612080800, 97.76852452716119000 ) ) ;
#177 = LINE ( 'NONE', #175, #2226 ) ;
#178 = CARTESIAN_POINT ( 'NONE',  ( -3.678617504584082100, 413.9846338489173300, 76.71437657646919200 ) ) ;
#179 = DIRECTION ( 'NONE',  ( 0.0000000000000000000, 0.0000000000000000000, -1.000000000000000000 ) ) ;
#180 = VECTOR ( 'NONE', #1298, 1000.000000000000000 ) ;
#181 = DIRECTION ( 'NONE',  ( 0.0000000000000000000, 1.000000000000000000, 0.0000000000000000000 ) ) ;
#182 = CARTESIAN_POINT ( 'NONE',  ( -14.41453093286824800, 411.4876822855696900, 87.65115455399002500 ) ) ;
#183 = CARTESIAN_POINT ( 'NONE',  ( -37.84927494521490100, 400.9691452089567700, -114.2673923987864300 ) ) ;
#184 = B_SPLINE_CURVE_WITH_KNOTS ( 'NONE', 3,
 ( #1394, #2743, #875, #1678, #1634, #49, #3242, #78, #2208, #884, #1145, #2167, #2997, #1419 ),
 .UNSPECIFIED., .F., .F.,
 ( 4, 2, 2, 2, 2, 2, 4 ),
 ( 0.0000000000000000000, 0.006589154163162651600, 0.01317830832632530300, 0.01647288540790662800, 0.01976746248948796000, 0.02306203957106928900, 0.02635661665265061700 ),
 .UNSPECIFIED. ) ;
#185 = VERTEX_POINT ( 'NONE', #541 ) ;
#186 = CARTESIAN_POINT ( 'NONE',  ( 57.45710284481084100, 419.5252947532634400, -92.66035325681694700 ) ) ;
#187 = EDGE_CURVE ( 'NONE', #1483, #956, #1513, .T. ) ;
#188 = EDGE_LOOP ( 'NONE', ( #2445, #3214, #1453, #150 ) ) ;
#189 = CARTESIAN_POINT ( 'NONE',  ( 62.73182621987815800, 419.9001359948433100, 87.57675726360078300 ) ) ;
#190 = AXIS2_PLACEMENT_3D ( 'NONE', #2818, #704, #2036 ) ;
#191 = EDGE_LOOP ( 'NONE', ( #2775, #1020, #2602, #3120 ) ) ;
#192 = CARTESIAN_POINT ( 'NONE',  ( -3.000000000000010200, 411.1428571428571700, 88.38365438660063900 ) ) ;
#193 = CARTESIAN_POINT ( 'NONE',  ( 14.92284822898067800, 389.9999999999998900, 115.5891629229283700 ) ) ;
#194 = EDGE_CURVE ( 'NONE', #490, #1780, #3148, .T. ) ;
#195 = ORIENTED_EDGE ( 'NONE', *, *, #2835, .T. ) ;
#196 = CARTESIAN_POINT ( 'NONE',  ( -10.35940589868429900, 390.0000000000000000, 107.5363484116397900 ) ) ;
#197 = ORIENTED_EDGE ( 'NONE', *, *, #1879, .F. ) ;
#198 = ADVANCED_FACE ( 'NONE', ( #2797, #1399, #1102 ), #1955, .F. ) ;
#199 = CARTESIAN_POINT ( 'NONE',  ( -34.32187082133614800, 396.0297793739555900, -122.0499194003803000 ) ) ;
#200 = ORIENTED_EDGE ( 'NONE', *, *, #710, .T. ) ;
#201 = CARTESIAN_POINT ( 'NONE',  ( 38.84322541360605600, 403.2968025531070600, 108.6738818462333700 ) ) ;
#202 = CARTESIAN_POINT ( 'NONE',  ( -25.50563933463426400, 390.7231546704638300, -126.9609379859292500 ) ) ;
#203 = CARTESIAN_POINT ( 'NONE',  ( -56.40411422907950400, 419.1888221542434400, -90.78801995559244600 ) ) ;
#204 = CARTESIAN_POINT ( 'NONE',  ( -3.686291501015264100, 414.0000000000000600, -41.99999999999997900 ) ) ;
#205 = CARTESIAN_POINT ( 'NONE',  ( -35.94367158369643500, 397.3633948342802000, -132.4514243415422900 ) ) ;
#206 = FACE_OUTER_BOUND ( 'NONE', #107, .T. ) ;
#207 = EDGE_CURVE ( 'NONE', #956, #3023, #1143, .T. ) ;
#208 = CARTESIAN_POINT ( 'NONE',  ( -34.05600788481827800, 395.4555830686633700, 134.0166189709210900 ) ) ;
#209 = CARTESIAN_POINT ( 'NONE',  ( 14.99999999999995000, 390.0000000000000600, -55.00000000000000700 ) ) ;
#210 = CARTESIAN_POINT ( 'NONE',  ( -50.24566516079355000, 403.1646647813877800, 126.6903783624793200 ) ) ;
#211 = FACE_OUTER_BOUND ( 'NONE', #1122, .T. ) ;
#212 = CARTESIAN_POINT ( 'NONE',  ( -52.97564447381052600, 411.0258726239164300, -116.5651757949779200 ) ) ;
#213 = EDGE_CURVE ( 'NONE', #2933, #2733, #2189, .T. ) ;
#214 = DIRECTION ( 'NONE',  ( -9.570888143320316900E-017, 0.0000000000000000000, -1.000000000000000000 ) ) ;
#215 = CARTESIAN_POINT ( 'NONE',  ( 0.0000000000000000000, 401.0000000000000000, -100.0000000000000000 ) ) ;
#216 = CYLINDRICAL_SURFACE ( 'NONE', #1425, 4.000000000000003600 ) ;
#217 = CARTESIAN_POINT ( 'NONE',  ( -40.68694996260758500, 405.7164332676695700, -124.0564054787503200 ) ) ;
#218 =( GEOMETRIC_REPRESENTATION_CONTEXT ( 3 ) GLOBAL_UNCERTAINTY_ASSIGNED_CONTEXT ( ( #3067 ) ) GLOBAL_UNIT_ASSIGNED_CONTEXT ( ( #945, #3280, #1992 ) ) REPRESENTATION_CONTEXT ( 'NONE', 'WORKASPACE' ) );
#219 = LINE ( 'NONE', #614, #2716 ) ;
#220 = CARTESIAN_POINT ( 'NONE',  ( 0.0000000000000000000, 415.0000000000000600, -100.0000000000000000 ) ) ;
#221 = EDGE_CURVE ( 'NONE', #619, #2483, #697, .T. ) ;
#222 = VECTOR ( 'NONE', #916, 1000.000000000000000 ) ;
#223 = CARTESIAN_POINT ( 'NONE',  ( -21.17840115998677300, 390.0000000000000000, 127.4264068710783700 ) ) ;
#224 = CARTESIAN_POINT ( 'NONE',  ( 14.99999999999998800, 389.9999999999998900, 116.3777425995305100 ) ) ;
#225 = CARTESIAN_POINT ( 'NONE',  ( -11.00000000000002300, 422.0000000000000600, -55.00000000000000000 ) ) ;
#226 = B_SPLINE_CURVE_WITH_KNOTS ( 'NONE', 3,
 ( #1147, #312, #1938, #2951, #2735, #343, #601, #2999 ),
 .UNSPECIFIED., .F., .F.,
 ( 4, 2, 2, 4 ),
 ( 0.0000000000000000000, 0.004839761304573785200, 0.007259641956860676500, 0.009679522609147566900 ),
 .UNSPECIFIED. ) ;
#227 = ORIENTED_EDGE ( 'NONE', *, *, #468, .T. ) ;
#228 = CARTESIAN_POINT ( 'NONE',  ( -9.379296790282182900, 390.0000000000001100, 106.8639866082907300 ) ) ;
#229 = ORIENTED_EDGE ( 'NONE', *, *, #1492, .T. ) ;
#230 = EDGE_CURVE ( 'NONE', #157, #1573, #3157, .T. ) ;
#231 = DIRECTION ( 'NONE',  ( 6.938893903907228400E-016, 0.0000000000000000000, -1.000000000000000000 ) ) ;
#232 = ADVANCED_FACE ( 'NONE', ( #2471 ), #942, .T. ) ;
#233 = CARTESIAN_POINT ( 'NONE',  ( -19.99999999999974400, 380.0000000000000000, -141.5685424949238300 ) ) ;
#234 = ORIENTED_EDGE ( 'NONE', *, *, #612, .F. ) ;
#235 = ORIENTED_EDGE ( 'NONE', *, *, #2780, .T. ) ;
#236 = AXIS2_PLACEMENT_3D ( 'NONE', #2974, #610, #1370 ) ;
#237 = ORIENTED_EDGE ( 'NONE', *, *, #144, .F. ) ;
#238 = CARTESIAN_POINT ( 'NONE',  ( -45.04339749605614400, 393.9788917174225800, 134.5013804303053700 ) ) ;
#239 = CARTESIAN_POINT ( 'NONE',  ( 19.99999999999984700, 389.9999999999998900, 138.0330085889910400 ) ) ;
#240 = CARTESIAN_POINT ( 'NONE',  ( -15.00000000000004800, 420.0000000000000600, -54.99999999999999300 ) ) ;
#241 = CARTESIAN_POINT ( 'NONE',  ( -57.45584742682047600, 419.5251197956146100, -92.66192393683763800 ) ) ;
#242 = ORIENTED_EDGE ( 'NONE', *, *, #1363, .T. ) ;
#243 = CARTESIAN_POINT ( 'NONE',  ( -120.0000000000000000, 420.0000000000000600, -85.00000000000001400 ) ) ;
#244 = CARTESIAN_POINT ( 'NONE',  ( -54.44115603285770500, 418.6392201100830400, 92.32810519960345600 ) ) ;
#245 = CARTESIAN_POINT ( 'NONE',  ( 120.0000000000000000, 360.0000000000000600, -145.0000000000000300 ) ) ;
#246 = ORIENTED_EDGE ( 'NONE', *, *, #2221, .T. ) ;
#247 = CARTESIAN_POINT ( 'NONE',  ( -62.81806794117974800, 419.9226090168409700, 85.96746842978636500 ) ) ;
#248 = DIRECTION ( 'NONE',  ( 0.0000000000000000000, 0.0000000000000000000, -1.000000000000000000 ) ) ;
#249 = ADVANCED_FACE ( 'NONE', ( #2093 ), #401, .T. ) ;
#250 = CARTESIAN_POINT ( 'NONE',  ( -33.55422818020534900, 395.2530647748121200, 122.9696694267699300 ) ) ;
#251 = CARTESIAN_POINT ( 'NONE',  ( 36.26226054854696900, 398.3216653343261000, 118.9775629516587500 ) ) ;
#252 = CARTESIAN_POINT ( 'NONE',  ( -49.14783334803940600, 400.7650043064417100, 129.0830824543941700 ) ) ;
#253 = CARTESIAN_POINT ( 'NONE',  ( -46.27946721899402900, 395.7694857637949900, -133.2196368286278400 ) ) ;
#254 = DIRECTION ( 'NONE',  ( 0.0000000000000000000, -1.000000000000000000, 0.0000000000000000000 ) ) ;
#255 = FACE_OUTER_BOUND ( 'NONE', #1568, .T. ) ;
#256 = CARTESIAN_POINT ( 'NONE',  ( -15.00000000000002300, 422.0000000000000600, -47.99999999999998600 ) ) ;
#257 = CARTESIAN_POINT ( 'NONE',  ( -8.000000000000028400, 420.0000000000000600, -54.99999999999999300 ) ) ;
#258 = CIRCLE ( 'NONE', #1868, 11.99999999999998600 ) ;
#259 = CARTESIAN_POINT ( 'NONE',  ( -36.47869178554940100, 398.6589099957525900, -118.4135115235588000 ) ) ;
#260 = CARTESIAN_POINT ( 'NONE',  ( 55.42913065258575500, 419.1231877312510500, 95.35847028747799900 ) ) ;
#261 = CYLINDRICAL_SURFACE ( 'NONE', #1406, 27.99999999999999600 ) ;
#262 = CARTESIAN_POINT ( 'NONE',  ( -39.11281548850072200, 387.5504095369889800, 138.3075413854566000 ) ) ;
#263 = CARTESIAN_POINT ( 'NONE',  ( 27.40882263111551600, 391.4139321720230700, 126.4703076581425700 ) ) ;
#264 = DIRECTION ( 'NONE',  ( 0.0000000000000000000, 0.0000000000000000000, -1.000000000000000000 ) ) ;
#265 = DIRECTION ( 'NONE',  ( 8.260587980841940000E-017, 0.0000000000000000000, 1.000000000000000000 ) ) ;
#266 = CYLINDRICAL_SURFACE ( 'NONE', #1358, 12.00000000000000000 ) ;
#267 = EDGE_CURVE ( 'NONE', #2764, #2027, #3016, .T. ) ;
#268 = CARTESIAN_POINT ( 'NONE',  ( -12.35686532672892600, 417.6894718580474500, -36.50400859524754800 ) ) ;
#269 = ADVANCED_FACE ( 'NONE', ( #1599 ), #1847, .T. ) ;
#270 = CARTESIAN_POINT ( 'NONE',  ( -30.81117288773850800, 393.0463847932136900, -135.8616213083035100 ) ) ;
#271 = ORIENTED_EDGE ( 'NONE', *, *, #1999, .F. ) ;
#272 = CARTESIAN_POINT ( 'NONE',  ( -8.000000000000024900, 390.0000000000000000, -47.99999999999998600 ) ) ;
#273 = CARTESIAN_POINT ( 'NONE',  ( 52.65368081708327000, 417.9614873612877100, 93.81295578318705000 ) ) ;
#274 = EDGE_CURVE ( 'NONE', #1621, #2065, #2079, .T. ) ;
#275 = CARTESIAN_POINT ( 'NONE',  ( -41.97791330326816700, 412.1086615165609700, 114.8148212753790600 ) ) ;
#276 = ORIENTED_EDGE ( 'NONE', *, *, #2031, .F. ) ;
#277 = CARTESIAN_POINT ( 'NONE',  ( 34.67902523496060500, 396.4065171006686200, 121.5875737524715600 ) ) ;
#278 = ORIENTED_EDGE ( 'NONE', *, *, #468, .F. ) ;
#279 = CARTESIAN_POINT ( 'NONE',  ( -48.25851090852295800, 399.1137875607713600, -130.5119525620396000 ) ) ;
#280 = CARTESIAN_POINT ( 'NONE',  ( 14.99999999999998800, 422.0000000000000600, 95.00000000000000000 ) ) ;
#281 = CARTESIAN_POINT ( 'NONE',  ( 14.91744005793656300, 421.7732941560184400, -40.92059096750036000 ) ) ;
#282 = VERTEX_POINT ( 'NONE', #1776 ) ;
#283 = CARTESIAN_POINT ( 'NONE',  ( 2.449293598294707700E-015, 398.0000000000000000, -80.00000000000000000 ) ) ;
#284 = EDGE_LOOP ( 'NONE', ( #2695, #534 ) ) ;
#285 = CARTESIAN_POINT ( 'NONE',  ( 44.73662622137849400, 414.3454633021252100, 110.5675559235527500 ) ) ;
#286 = ADVANCED_FACE ( 'NONE', ( #2718 ), #1725, .T. ) ;
#287 = ORIENTED_EDGE ( 'NONE', *, *, #2018, .T. ) ;
#288 = DIRECTION ( 'NONE',  ( -1.000000000000000000, 0.0000000000000000000, 8.673617379884041600E-017 ) ) ;
#289 = CARTESIAN_POINT ( 'NONE',  ( 35.94367158368181200, 397.3633948342676900, 132.4514243415264900 ) ) ;
#290 = DIRECTION ( 'NONE',  ( 0.0000000000000000000, 0.0000000000000000000, -1.000000000000000000 ) ) ;
#291 = ORIENTED_EDGE ( 'NONE', *, *, #702, .T. ) ;
#292 = CARTESIAN_POINT ( 'NONE',  ( -40.63304022979032500, 407.2303533322966600, 105.9214679508273500 ) ) ;
#293 = CARTESIAN_POINT ( 'NONE',  ( 12.52871841723811400, 413.4241246581680100, 81.58196535430478500 ) ) ;
#294 = EDGE_CURVE ( 'NONE', #3014, #2408, #3246, .T. ) ;
#295 = B_SPLINE_CURVE_WITH_KNOTS ( 'NONE', 3,
 ( #97, #1426, #1985, #1460, #374, #2476, #381, #1944, #1449, #2498, #1954, #642 ),
 .UNSPECIFIED., .F., .F.,
 ( 4, 2, 2, 2, 2, 4 ),
 ( 0.0000000000000000000, 0.001663415594133213700, 0.003326831188266427300, 0.006653662376532794000, 0.009980493564799162300, 0.01330732475306552900 ),
 .UNSPECIFIED. ) ;
#296 = VECTOR ( 'NONE', #1388, 1000.000000000000000 ) ;
#297 = CARTESIAN_POINT ( 'NONE',  ( 41.97791330326820300, 412.1086615165609100, 114.8148212753790000 ) ) ;
#298 = CARTESIAN_POINT ( 'NONE',  ( -11.00000000000000900, 420.0000000000000600, 121.0000000000000000 ) ) ;
#299 = LINE ( 'NONE', #2474, #1465 ) ;
#300 = CARTESIAN_POINT ( 'NONE',  ( -42.37262378819096400, 390.7558161546741100, -136.5258984370381900 ) ) ;
#301 = CARTESIAN_POINT ( 'NONE',  ( -9.019957863182963100, 415.2368363879348300, -35.05771550004027400 ) ) ;
#302 = CARTESIAN_POINT ( 'NONE',  ( -62.81806656703564300, 419.9226090364218200, -85.96746945761698600 ) ) ;
#303 = CIRCLE ( 'NONE', #2729, 4.000000000000000000 ) ;
#304 = ADVANCED_FACE ( 'NONE', ( #3413 ), #897, .T. ) ;
#305 = CARTESIAN_POINT ( 'NONE',  ( 14.99999999999998800, 422.0000000000000600, 92.08716633548118600 ) ) ;
#306 = FACE_OUTER_BOUND ( 'NONE', #2728, .T. ) ;
#307 = DIRECTION ( 'NONE',  ( -0.0000000000000000000, -0.0000000000000000000, 1.000000000000000000 ) ) ;
#308 = DIRECTION ( 'NONE',  ( 0.0000000000000000000, 0.0000000000000000000, -1.000000000000000000 ) ) ;
#309 = CIRCLE ( 'NONE', #1863, 20.00000000000000400 ) ;
#310 = AXIS2_PLACEMENT_3D ( 'NONE', #1179, #3028, #889 ) ;
#311 = CARTESIAN_POINT ( 'NONE',  ( -52.97564447381052600, 411.0258726239164300, 116.5651757949778900 ) ) ;
#312 = CARTESIAN_POINT ( 'NONE',  ( 57.66591296923468200, 419.5003929635636300, 89.82712312437850200 ) ) ;
#313 = FACE_OUTER_BOUND ( 'NONE', #188, .T. ) ;
#314 = VERTEX_POINT ( 'NONE', #1798 ) ;
#315 = ORIENTED_EDGE ( 'NONE', *, *, #2960, .T. ) ;
#316 = PLANE ( 'NONE',  #561 ) ;
#317 = CARTESIAN_POINT ( 'NONE',  ( 120.0000000000000000, 420.0000000000000600, -145.0000000000000300 ) ) ;
#318 = ORIENTED_EDGE ( 'NONE', *, *, #3232, .T. ) ;
#319 = EDGE_LOOP ( 'NONE', ( #2844, #2856, #399, #1623 ) ) ;
#320 = CARTESIAN_POINT ( 'NONE',  ( -64.10958373819464400, 419.8590955619843000, -85.00000000000001400 ) ) ;
#321 = DIRECTION ( 'NONE',  ( 0.0000000000000000000, -0.0000000000000000000, 1.000000000000000000 ) ) ;
#322 = CARTESIAN_POINT ( 'NONE',  ( -64.10958373819464400, 419.8590955619843000, 84.99999999999997200 ) ) ;
#323 = ORIENTED_EDGE ( 'NONE', *, *, #1958, .T. ) ;
#324 = CARTESIAN_POINT ( 'NONE',  ( -8.000000000000030200, 420.0000000000000600, -34.99999999999999300 ) ) ;
#325 = CARTESIAN_POINT ( 'NONE',  ( 46.24402900940656700, 395.7138757436832200, -133.2620567982418400 ) ) ;
#326 = CARTESIAN_POINT ( 'NONE',  ( 12.39044526962811000, 413.6385800285420400, 80.41982601246456900 ) ) ;
#327 = ORIENTED_EDGE ( 'NONE', *, *, #2012, .T. ) ;
#328 = CARTESIAN_POINT ( 'NONE',  ( -19.99999999999999300, 390.0000000000000000, -100.0000000000000000 ) ) ;
#329 = EDGE_LOOP ( 'NONE', ( #2354, #775, #1285 ) ) ;
#330 = CARTESIAN_POINT ( 'NONE',  ( 37.00408013823062700, 399.4610331684677900, -117.0938534566364000 ) ) ;
#331 = DIRECTION ( 'NONE',  ( -7.170190367370795800E-015, 1.000000000000000000, 0.0000000000000000000 ) ) ;
#332 = EDGE_CURVE ( 'NONE', #1686, #868, #1231, .T. ) ;
#333 = DIRECTION ( 'NONE',  ( 0.0000000000000000000, 1.000000000000000000, 0.0000000000000000000 ) ) ;
#334 = CARTESIAN_POINT ( 'NONE',  ( 2.999999999999988900, 390.0000000000000600, 105.0000000000000100 ) ) ;
#335 = CARTESIAN_POINT ( 'NONE',  ( 39.59956383030412800, 387.9973422749977200, -138.0690480979923200 ) ) ;
#336 = DIRECTION ( 'NONE',  ( -1.000000000000000000, 0.0000000000000000000, 0.0000000000000000000 ) ) ;
#337 = FACE_OUTER_BOUND ( 'NONE', #448, .T. ) ;
#338 = DIRECTION ( 'NONE',  ( -0.4619779787835586700, -0.1140743354364072300, 0.8795245267266855700 ) ) ;
#339 = PRODUCT_DEFINITION_FORMATION_WITH_SPECIFIED_SOURCE ( 'ANY', '', #907, .NOT_KNOWN. ) ;
#340 = EDGE_CURVE ( 'NONE', #157, #501, #526, .T. ) ;
#341 = CARTESIAN_POINT ( 'NONE',  ( 35.32046303328029100, 397.1412808921044800, -120.6242847644433000 ) ) ;
#342 = CIRCLE ( 'NONE', #396, 60.00000000000000700 ) ;
#343 = CARTESIAN_POINT ( 'NONE',  ( 62.81806656703727000, 419.9226090364217000, 85.96746945761759700 ) ) ;
#344 = PLANE ( 'NONE',  #2791 ) ;
#345 = AXIS2_PLACEMENT_3D ( 'NONE', #2970, #1708, #662 ) ;
#346 = VECTOR ( 'NONE', #2895, 1000.000000000000000 ) ;
#347 = DIRECTION ( 'NONE',  ( -0.0000000000000000000, -1.000000000000000000, -0.0000000000000000000 ) ) ;
#348 = CARTESIAN_POINT ( 'NONE',  ( 52.64251977312797900, 409.7772856372764600, -118.5835469567287200 ) ) ;
#349 = CARTESIAN_POINT ( 'NONE',  ( 47.79203985971901900, 398.2804171812104500, 131.2142513988409300 ) ) ;
#350 = VECTOR ( 'NONE', #449, 1000.000000000000000 ) ;
#351 = VECTOR ( 'NONE', #2853, 1000.000000000000000 ) ;
#352 = CARTESIAN_POINT ( 'NONE',  ( 32.50188592418687300, 394.3866347847533700, -123.8702421064596800 ) ) ;
#353 = ORIENTED_EDGE ( 'NONE', *, *, #525, .T. ) ;
#354 = CARTESIAN_POINT ( 'NONE',  ( 61.53101562882946500, 420.0361253261427200, 86.93416685981183900 ) ) ;
#355 = DIRECTION ( 'NONE',  ( 0.0000000000000000000, -1.000000000000000000, 0.0000000000000000000 ) ) ;
#356 = ORIENTED_EDGE ( 'NONE', *, *, #2411, .T. ) ;
#357 = DIRECTION ( 'NONE',  ( -0.0000000000000000000, -1.000000000000000000, -0.0000000000000000000 ) ) ;
#358 = VERTEX_POINT ( 'NONE', #2339 ) ;
#359 = CARTESIAN_POINT ( 'NONE',  ( 31.56497937971622400, 382.5233245310921600, 140.6259141969562400 ) ) ;
#360 = CARTESIAN_POINT ( 'NONE',  ( -15.00000000000001100, 420.0000000000000600, 105.0000000000000100 ) ) ;
#361 = ORIENTED_EDGE ( 'NONE', *, *, #1124, .F. ) ;
#362 = CARTESIAN_POINT ( 'NONE',  ( 35.38502243519275200, 397.2115487774808000, -120.5356664725235700 ) ) ;
#363 = CARTESIAN_POINT ( 'NONE',  ( 48.41049755079993800, 399.3879404022955600, -130.2767970457375700 ) ) ;
#364 = DIRECTION ( 'NONE',  ( 1.000000000000000000, 0.0000000000000000000, 0.0000000000000000000 ) ) ;
#365 = ORIENTED_EDGE ( 'NONE', *, *, #1802, .F. ) ;
#366 = DIRECTION ( 'NONE',  ( -1.000000000000000000, -0.0000000000000000000, -0.0000000000000000000 ) ) ;
#367 = CARTESIAN_POINT ( 'NONE',  ( -58.11946388722289200, 418.6200826778831500, -97.83638000393655400 ) ) ;
#368 = ORIENTED_EDGE ( 'NONE', *, *, #2162, .F. ) ;
#369 = SURFACE_SIDE_STYLE ('',( #2040 ) ) ;
#370 = CARTESIAN_POINT ( 'NONE',  ( 33.64500179271895100, 395.3677623682418700, 122.8230462936689400 ) ) ;
#371 = CARTESIAN_POINT ( 'NONE',  ( 42.37262378819100700, 390.7558161546741100, 136.5258984370381700 ) ) ;
#372 = ORIENTED_EDGE ( 'NONE', *, *, #866, .T. ) ;
#373 = EDGE_CURVE ( 'NONE', #1573, #777, #2834, .T. ) ;
#374 = CARTESIAN_POINT ( 'NONE',  ( 3.626494685581757200, 413.8769494305555600, 78.37628908037760300 ) ) ;
#375 = CARTESIAN_POINT ( 'NONE',  ( 32.32673066994854600, 394.2475121378349700, -124.0113507627830500 ) ) ;
#376 = CARTESIAN_POINT ( 'NONE',  ( 46.52352259107252800, 396.2122531424079700, -132.8433089002871000 ) ) ;
#377 = CARTESIAN_POINT ( 'NONE',  ( 40.72240837872742200, 407.4252122310760500, -105.7849232345177100 ) ) ;
#378 = CARTESIAN_POINT ( 'NONE',  ( 20.70196108121368200, 390.0000000000000600, 127.4264068711928800 ) ) ;
#379 = CIRCLE ( 'NONE', #2426, 60.00000000000000000 ) ;
#380 = CARTESIAN_POINT ( 'NONE',  ( 49.11610318370232900, 400.7647376644391700, 129.0289990653412000 ) ) ;
#381 = CARTESIAN_POINT ( 'NONE',  ( 3.462137937402870200, 413.5115614362146100, 81.10705727851733100 ) ) ;
#382 = CIRCLE ( 'NONE', #48, 3.000000000000002700 ) ;
#383 = EDGE_CURVE ( 'NONE', #827, #408, #1311, .T. ) ;
#384 = CARTESIAN_POINT ( 'NONE',  ( 0.0000000000000000000, 390.0000000000000000, -100.0000000000000000 ) ) ;
#385 = CARTESIAN_POINT ( 'NONE',  ( -58.16795961138521400, 419.6243612903925300, -91.77098465509308800 ) ) ;
#386 = CIRCLE ( 'NONE', #1488, 4.000000000000003600 ) ;
#387 = CARTESIAN_POINT ( 'NONE',  ( 53.72731765964142900, 413.2276911188799300, -112.7132309792991000 ) ) ;
#388 = PRODUCT_DEFINITION ( 'UNKNOWN', '', #339, #2664 ) ;
#389 = CARTESIAN_POINT ( 'NONE',  ( -11.00000000000001100, 422.0000000000000600, 95.00000000000000000 ) ) ;
#390 = AXIS2_PLACEMENT_3D ( 'NONE', #1215, #3027, #683 ) ;
#391 = CYLINDRICAL_SURFACE ( 'NONE', #1684, 60.00000000000000000 ) ;
#392 = DIRECTION ( 'NONE',  ( 1.000000000000000000, 0.0000000000000000000, 0.0000000000000000000 ) ) ;
#393 = CARTESIAN_POINT ( 'NONE',  ( 36.92899370114711400, 399.3427593761755900, 117.2933424504210900 ) ) ;
#394 = DIRECTION ( 'NONE',  ( 0.0000000000000000000, 0.0000000000000000000, 1.000000000000000000 ) ) ;
#395 = VECTOR ( 'NONE', #1272, 1000.000000000000000 ) ;
#396 = AXIS2_PLACEMENT_3D ( 'NONE', #3200, #1357, #47 ) ;
#397 = DIRECTION ( 'NONE',  ( 0.0000000000000000000, 0.0000000000000000000, -1.000000000000000000 ) ) ;
#398 = CARTESIAN_POINT ( 'NONE',  ( 41.97791330326818800, 412.1086615165609700, -114.8148212753791500 ) ) ;
#399 = ORIENTED_EDGE ( 'NONE', *, *, #2186, .F. ) ;
#400 = EDGE_LOOP ( 'NONE', ( #1291, #1740, #3417, #2363 ) ) ;
#401 =( BOUNDED_SURFACE ( )  B_SPLINE_SURFACE ( 3, 2, ( 
 ( #1721, #133, #1208 ),
 ( #2259, #2525, #633 ),
 ( #2477, #2741, #1156 ),
 ( #420, #2534, #2301 ),
 ( #1493, #3332, #3056 ),
 ( #1756, #961, #2044 ),
 ( #1766, #1249, #979 ),
 ( #2543, #2291, #2314 ),
 ( #2808, #3359, #3075 ),
 ( #163, #2034, #2795 ),
 ( #1500, #182, #1217 ),
 ( #2281, #1745, #712 ) ),
 .UNSPECIFIED., .F., .F., .F. ) 
 B_SPLINE_SURFACE_WITH_KNOTS ( ( 4, 2, 2, 2, 2, 4 ),
 ( 3, 3 ),
 ( 0.02110946414467450300, 0.02341374424882294900, 0.02571802435297139400, 0.03032658456126828900, 0.03493514476956518400, 0.03954370497786207500 ),
 ( 0.0000000000000000000, 1.000000000000000000 ),
 .UNSPECIFIED. ) 
 GEOMETRIC_REPRESENTATION_ITEM ( )  RATIONAL_B_SPLINE_SURFACE ( (
 ( 1.000000000000000000, 0.8164965809277247000, 1.000000000000000000),
 ( 1.000000000000000000, 0.8164964738189395300, 1.000000000000000000),
 ( 1.000000000000000000, 0.8159083973596373800, 1.000000000000000000),
 ( 1.000000000000000000, 0.8135392905677706300, 1.000000000000000000),
 ( 1.000000000000000000, 0.8117505133200001400, 1.000000000000000000),
 ( 1.000000000000000000, 0.8046208662316670600, 1.000000000000000000),
 ( 1.000000000000000000, 0.7975523070868433300, 1.000000000000000000),
 ( 1.000000000000000000, 0.7790365123576250600, 1.000000000000000000),
 ( 1.000000000000000000, 0.7675875206132536400, 1.000000000000000000),
 ( 1.000000000000000000, 0.7404681078909018900, 1.000000000000000000),
 ( 1.000000000000000000, 0.7247719351744825700, 1.000000000000000000),
 ( 1.000000000000000000, 0.7071067811865460200, 1.000000000000000000) ) ) 
 REPRESENTATION_ITEM ( '' )  SURFACE ( )  );
#402 = CARTESIAN_POINT ( 'NONE',  ( 55.42554724220761400, 419.1224018399469200, -95.36328836991656000 ) ) ;
#403 = CARTESIAN_POINT ( 'NONE',  ( -54.68183950103693300, 415.1146983995310500, 108.8127374079051700 ) ) ;
#404 = EDGE_LOOP ( 'NONE', ( #783, #713, #1523, #1491, #2235, #3288, #451 ) ) ;
#405 = VERTEX_POINT ( 'NONE', #755 ) ;
#406 = EDGE_CURVE ( 'NONE', #441, #2646, #1015, .T. ) ;
#407 = CARTESIAN_POINT ( 'NONE',  ( -32.55577235812089800, 394.4296780450324000, 123.8263956914662200 ) ) ;
#408 = VERTEX_POINT ( 'NONE', #3377 ) ;
#409 = CARTESIAN_POINT ( 'NONE',  ( -14.37610059968553800, 390.0000000000000000, 113.2925539065967100 ) ) ;
#410 = DIRECTION ( 'NONE',  ( 0.0000000000000000000, 0.0000000000000000000, -1.000000000000000000 ) ) ;
#411 = ORIENTED_EDGE ( 'NONE', *, *, #2156, .F. ) ;
#412 = CARTESIAN_POINT ( 'NONE',  ( 38.62654052428601400, 402.6876839577609500, -110.3970280787257100 ) ) ;
#413 = VERTEX_POINT ( 'NONE', #2102 ) ;
#414 = CARTESIAN_POINT ( 'NONE',  ( -8.000000000000026600, 426.0000000000000600, -50.99999999999999300 ) ) ;
#415 =( LENGTH_UNIT ( ) NAMED_UNIT ( * ) SI_UNIT ( .MILLI., .METRE. ) );
#416 = AXIS2_PLACEMENT_3D ( 'NONE', #3050, #924, #2273 ) ;
#417 = CARTESIAN_POINT ( 'NONE',  ( 37.13425915464619500, 399.6774596762164700, 116.7140540438966800 ) ) ;
#418 = CARTESIAN_POINT ( 'NONE',  ( -30.33100649785685100, 392.8303153680952300, 125.3585300626024100 ) ) ;
#419 = CARTESIAN_POINT ( 'NONE',  ( -28.19832262930805600, 381.2715251402326000, 141.1037842938749800 ) ) ;
#420 = CARTESIAN_POINT ( 'NONE',  ( -3.649328520168485700, 413.9243807978052700, 77.80507773965645400 ) ) ;
#421 = CARTESIAN_POINT ( 'NONE',  ( -59.99999999999997900, 360.0000000000000600, 5.742532885992188300E-015 ) ) ;
#422 = FACE_OUTER_BOUND ( 'NONE', #1971, .T. ) ;
#423 = CARTESIAN_POINT ( 'NONE',  ( 38.84322541360604200, 403.2968025531070600, -108.6738818462334400 ) ) ;
#424 = PLANE ( 'NONE',  #1203 ) ;
#425 = CARTESIAN_POINT ( 'NONE',  ( 60.00000000000001400, 419.5016164111897300, 92.71735994078588300 ) ) ;
#426 = CYLINDRICAL_SURFACE ( 'NONE', #977, 20.00000000000000400 ) ;
#427 = CARTESIAN_POINT ( 'NONE',  ( -3.290948391644807000, 413.0350065660890700, 83.23244546240131600 ) ) ;
#428 = CARTESIAN_POINT ( 'NONE',  ( 6.878312564704372400, 390.0000000000000000, 105.6499642221008600 ) ) ;
#429 = COLOUR_RGB ( '',1.000000000000000000, 0.0000000000000000000, 0.0000000000000000000 ) ;
#430 = CARTESIAN_POINT ( 'NONE',  ( -59.99999999999987900, 404.6262123083919300, -90.78801995559267400 ) ) ;
#431 = EDGE_CURVE ( 'NONE', #2198, #1812, #2013, .T. ) ;
#432 = CARTESIAN_POINT ( 'NONE',  ( -56.42503932029957500, 417.2645321110129000, 102.9414797539032900 ) ) ;
#433 = CIRCLE ( 'NONE', #460, 20.00000000000000400 ) ;
#434 = CARTESIAN_POINT ( 'NONE',  ( -42.64787297461867900, 391.0813346652523100, -136.3242027478719600 ) ) ;
#435 = TOROIDAL_SURFACE ( 'NONE', #1175, 3.000000000000000000, 4.000000000000000000 ) ;
#436 = CARTESIAN_POINT ( 'NONE',  ( -59.99999999999997200, 60.00000000000000700, 84.99999999999997200 ) ) ;
#437 = CARTESIAN_POINT ( 'NONE',  ( -52.76101273920367900, 418.3738296753344900, 99.02911184074706300 ) ) ;
#438 = EDGE_LOOP ( 'NONE', ( #84, #906, #2737, #1561 ) ) ;
#439 = DIRECTION ( 'NONE',  ( 0.0000000000000000000, 9.251858538542969900E-016, -1.000000000000000000 ) ) ;
#440 = CARTESIAN_POINT ( 'NONE',  ( -31.85096963397738500, 393.8865372563296900, 124.3678643551353400 ) ) ;
#441 = VERTEX_POINT ( 'NONE', #2350 ) ;
#442 = CARTESIAN_POINT ( 'NONE',  ( -15.00000000000000900, 390.0000000000000600, 117.1753424682549300 ) ) ;
#443 = ORIENTED_EDGE ( 'NONE', *, *, #3386, .F. ) ;
#444 = ORIENTED_EDGE ( 'NONE', *, *, #274, .F. ) ;
#445 = CARTESIAN_POINT ( 'NONE',  ( -59.99999999999997200, 419.5016164111892200, 92.71735994078954900 ) ) ;
#446 = CARTESIAN_POINT ( 'NONE',  ( -34.39259820280755500, 395.6982412109267700, -133.8392894295094500 ) ) ;
#447 = B_SPLINE_CURVE_WITH_KNOTS ( 'NONE', 3,
 ( #320, #1079, #575, #2412, #3191, #2434 ),
 .UNSPECIFIED., .F., .F.,
 ( 4, 2, 4 ),
 ( -4.916609177051771600E-005, 0.004332981768961869500, 0.008715129629694257100 ),
 .UNSPECIFIED. ) ;
#448 = EDGE_LOOP ( 'NONE', ( #1113, #287, #589, #1937 ) ) ;
#449 = DIRECTION ( 'NONE',  ( -0.0000000000000000000, 1.000000000000000000, -0.0000000000000000000 ) ) ;
#450 = CARTESIAN_POINT ( 'NONE',  ( -58.49790480776065500, 418.8460222124770700, 96.75597215521078500 ) ) ;
#451 = ORIENTED_EDGE ( 'NONE', *, *, #1068, .F. ) ;
#452 = CARTESIAN_POINT ( 'NONE',  ( -3.686291501015258400, 414.0000000000000600, 75.60612308660186900 ) ) ;
#453 = CARTESIAN_POINT ( 'NONE',  ( 38.62669708993976800, 402.6881240763651100, 110.3957830197762300 ) ) ;
#454 = EDGE_CURVE ( 'NONE', #578, #2696, #1560, .T. ) ;
#455 = EDGE_LOOP ( 'NONE', ( #1161, #3338, #1494 ) ) ;
#456 = CARTESIAN_POINT ( 'NONE',  ( 62.73424474567103500, 419.9535184847684900, -87.57908167145096500 ) ) ;
#457 = CARTESIAN_POINT ( 'NONE',  ( 0.0000000000000000000, 360.0000000000000600, -85.00000000000001400 ) ) ;
#458 = CARTESIAN_POINT ( 'NONE',  ( -40.32423287650141900, 404.6965748278487900, -125.2520336802290800 ) ) ;
#459 = ORIENTED_EDGE ( 'NONE', *, *, #2692, .F. ) ;
#460 = AXIS2_PLACEMENT_3D ( 'NONE', #3306, #925, #1969 ) ;
#461 = CARTESIAN_POINT ( 'NONE',  ( 64.10958373819470100, 419.8590955619843000, -6.135856548730886200E-015 ) ) ;
#462 = CARTESIAN_POINT ( 'NONE',  ( -22.78458845244160000, 390.1917289394748400, -127.3064058612071700 ) ) ;
#463 = ADVANCED_FACE ( 'NONE', ( #1764 ), #495, .F. ) ;
#464 = AXIS2_PLACEMENT_3D ( 'NONE', #564, #2674, #1314 ) ;
#465 = CARTESIAN_POINT ( 'NONE',  ( 41.70406987153904800, 409.6823203013503900, 118.8207212218870100 ) ) ;
#466 = CARTESIAN_POINT ( 'NONE',  ( 10.99999999999999100, 396.0000000000000000, 121.0000000000000000 ) ) ;
#467 = CARTESIAN_POINT ( 'NONE',  ( -51.77124899420876900, 417.5677899609202100, -94.56830435366940400 ) ) ;
#468 = EDGE_CURVE ( 'NONE', #1818, #1686, #813, .T. ) ;
#469 = DIRECTION ( 'NONE',  ( 0.0000000000000000000, 0.0000000000000000000, -1.000000000000000000 ) ) ;
#470 = FACE_OUTER_BOUND ( 'NONE', #913, .T. ) ;
#471 = CARTESIAN_POINT ( 'NONE',  ( -36.88881166701589400, 399.2845518457885400, -117.3848680826424300 ) ) ;
#472 = FACE_OUTER_BOUND ( 'NONE', #2722, .T. ) ;
#473 = CARTESIAN_POINT ( 'NONE',  ( -59.99999999999998600, 60.00000000000000700, -85.00000000000001400 ) ) ;
#474 = CARTESIAN_POINT ( 'NONE',  ( -55.41585272051115400, 418.9447947763060800, 91.54061015147020400 ) ) ;
#475 = LINE ( 'NONE', #2698, #2137 ) ;
#476 = CARTESIAN_POINT ( 'NONE',  ( 53.69831575585959600, 413.2311991578120000, 112.7696521633368000 ) ) ;
#477 = CARTESIAN_POINT ( 'NONE',  ( 14.69298735103670400, 389.9999999999999400, 114.4196372829758600 ) ) ;
#478 = DIRECTION ( 'NONE',  ( -0.0000000000000000000, -1.000000000000000000, -0.0000000000000000000 ) ) ;
#479 = CARTESIAN_POINT ( 'NONE',  ( -54.76503311522667900, 418.9604258589176900, -96.26332479790019600 ) ) ;
#480 = CIRCLE ( 'NONE', #1641, 30.00000000000000000 ) ;
#481 = DIRECTION ( 'NONE',  ( -1.000000000000000000, 0.0000000000000000000, 0.0000000000000000000 ) ) ;
#482 = ORIENTED_EDGE ( 'NONE', *, *, #688, .T. ) ;
#483 = ORIENTED_EDGE ( 'NONE', *, *, #1196, .F. ) ;
#484 = CARTESIAN_POINT ( 'NONE',  ( 59.99999999999999300, 360.0000000000000600, -85.00000000000001400 ) ) ;
#485 = AXIS2_PLACEMENT_3D ( 'NONE', #1705, #3277, #943 ) ;
#486 = ORIENTED_EDGE ( 'NONE', *, *, #3254, .F. ) ;
#487 = CARTESIAN_POINT ( 'NONE',  ( -32.60847809318633500, 394.2532180124653100, 134.9555091264774700 ) ) ;
#488 = CARTESIAN_POINT ( 'NONE',  ( 37.66171860022989600, 400.6060742704052000, 114.9932876000909500 ) ) ;
#489 = DIRECTION ( 'NONE',  ( -1.000000000000000000, 0.0000000000000000000, -5.782411586589357600E-016 ) ) ;
#490 = VERTEX_POINT ( 'NONE', #2619 ) ;
#491 = CARTESIAN_POINT ( 'NONE',  ( -51.45328115957848800, 417.9358871455326000, -100.8529594537050100 ) ) ;
#492 = ORIENTED_EDGE ( 'NONE', *, *, #1163, .F. ) ;
#493 = AXIS2_PLACEMENT_3D ( 'NONE', #2456, #1848, #2179 ) ;
#494 = B_SPLINE_CURVE_WITH_KNOTS ( 'NONE', 3,
 ( #3371, #2438, #3010, #2047, #2601, #2697, #1876, #173, #2899, #3152, #857, #1, #533, #1595 ),
 .UNSPECIFIED., .F., .F.,
 ( 4, 2, 2, 2, 2, 2, 4 ),
 ( 0.0000000000000000000, 0.007633707576130802800, 0.01526741515226160600, 0.01908426894032701600, 0.02290112272839242200, 0.02671797651645783200, 0.03053483030452323900 ),
 .UNSPECIFIED. ) ;
#495 = PLANE ( 'NONE',  #2745 ) ;
#496 = EDGE_LOOP ( 'NONE', ( #3264, #3382, #154, #2610 ) ) ;
#497 = CARTESIAN_POINT ( 'NONE',  ( -27.94115473435876900, 391.6350623926612700, -126.3060593862641800 ) ) ;
#498 = EDGE_CURVE ( 'NONE', #2107, #1775, #715, .T. ) ;
#499 = ORIENTED_EDGE ( 'NONE', *, *, #1602, .T. ) ;
#500 = CARTESIAN_POINT ( 'NONE',  ( -38.48186803432297200, 402.3330072940237900, -111.2520723712512600 ) ) ;
#501 = VERTEX_POINT ( 'NONE', #2693 ) ;
#502 = CARTESIAN_POINT ( 'NONE',  ( -40.72593164235365000, 389.0564646129615200, 137.4968842027086000 ) ) ;
#503 = CARTESIAN_POINT ( 'NONE',  ( -51.47463866549895800, 406.2397053737670400, 123.2525234744307300 ) ) ;
#504 = CARTESIAN_POINT ( 'NONE',  ( 3.061616997868382600E-015, 401.0000000000000000, -125.0000000000000000 ) ) ;
#505 = EDGE_CURVE ( 'NONE', #1900, #1728, #1783, .T. ) ;
#506 = CARTESIAN_POINT ( 'NONE',  ( -64.10958373819464400, 419.8590955619843000, 6.135856548730880700E-015 ) ) ;
#507 = CARTESIAN_POINT ( 'NONE',  ( -11.00000000000001100, 426.0000000000000600, 95.00000000000000000 ) ) ;
#508 = CARTESIAN_POINT ( 'NONE',  ( -19.99999999999974800, 380.0000000000000000, -141.5685424949238300 ) ) ;
#509 = EDGE_CURVE ( 'NONE', #2320, #3026, #104, .T. ) ;
#510 = CARTESIAN_POINT ( 'NONE',  ( -33.22635699377031700, 394.9867990794394900, -123.2439425434252200 ) ) ;
#511 = FACE_OUTER_BOUND ( 'NONE', #319, .T. ) ;
#512 = STYLED_ITEM ( 'NONE', ( #3240 ), #1936 ) ;
#513 = CARTESIAN_POINT ( 'NONE',  ( -46.52352259107294000, 396.2122531424204200, 132.8433089002777500 ) ) ;
#514 = CARTESIAN_POINT ( 'NONE',  ( 45.06327393747439200, 394.0694852058036900, 134.3998925340138400 ) ) ;
#515 = PLANE ( 'NONE',  #2675 ) ;
#516 = CIRCLE ( 'NONE', #2863, 4.000000000000000000 ) ;
#517 = CARTESIAN_POINT ( 'NONE',  ( -58.49982663516688300, 418.8470378550599100, -96.75060771092587700 ) ) ;
#518 = EDGE_CURVE ( 'NONE', #2815, #74, #2200, .T. ) ;
#519 = DIRECTION ( 'NONE',  ( -1.000000000000000000, 0.0000000000000000000, 0.0000000000000000000 ) ) ;
#520 = CIRCLE ( 'NONE', #2248, 41.99999999999999300 ) ;
#521 = DIRECTION ( 'NONE',  ( 1.000000000000000000, -0.0000000000000000000, -0.0000000000000000000 ) ) ;
#522 = CARTESIAN_POINT ( 'NONE',  ( -60.88033440421953900, 419.8801461568206700, 87.41630836939926000 ) ) ;
#523 = CIRCLE ( 'NONE', #345, 12.00000000000000000 ) ;
#524 = DIRECTION ( 'NONE',  ( 0.0000000000000000000, -1.000000000000000000, 0.0000000000000000000 ) ) ;
#525 = EDGE_CURVE ( 'NONE', #3054, #3251, #2630, .T. ) ;
#526 = CIRCLE ( 'NONE', #1130, 15.00000000000001400 ) ;
#527 = CARTESIAN_POINT ( 'NONE',  ( -24.82588437475445200, 390.5627694798919300, 137.6423974077550800 ) ) ;
#528 = CARTESIAN_POINT ( 'NONE',  ( 36.43813869876544900, 397.9456962898357800, 131.9524973403775900 ) ) ;
#529 = CARTESIAN_POINT ( 'NONE',  ( -40.85710246852063700, 389.1691825895522900, -137.4404159417281100 ) ) ;
#530 = VERTEX_POINT ( 'NONE', #2139 ) ;
#531 = CARTESIAN_POINT ( 'NONE',  ( -59.99999999999999300, 60.00000000000000000, -85.00000000000001400 ) ) ;
#532 = CARTESIAN_POINT ( 'NONE',  ( -25.55541917343914100, 390.7150293327449600, -137.5364042755963400 ) ) ;
#533 = CARTESIAN_POINT ( 'NONE',  ( 55.40556928081034700, 418.9422555285417500, 91.54844128593731500 ) ) ;
#534 = ORIENTED_EDGE ( 'NONE', *, *, #638, .F. ) ;
#535 = ORIENTED_EDGE ( 'NONE', *, *, #2850, .T. ) ;
#536 = CARTESIAN_POINT ( 'NONE',  ( 49.19618538269126200, 416.2360383943678800, 96.82880187834506100 ) ) ;
#537 = ORIENTED_EDGE ( 'NONE', *, *, #373, .T. ) ;
#538 = ADVANCED_FACE ( 'NONE', ( #2140 ), #1083, .F. ) ;
#539 = CARTESIAN_POINT ( 'NONE',  ( -36.23457002894251400, 398.3091173153241000, 118.9575977841976200 ) ) ;
#540 = CARTESIAN_POINT ( 'NONE',  ( 48.45895595969422200, 399.4172191133022800, 130.3034172685715100 ) ) ;
#541 = CARTESIAN_POINT ( 'NONE',  ( -59.99999999999997200, 360.0000000000000600, 144.9999999999999700 ) ) ;
#542 = CARTESIAN_POINT ( 'NONE',  ( -52.64246616717439800, 409.7770847164324600, -118.5838717501486000 ) ) ;
#543 = ORIENTED_EDGE ( 'NONE', *, *, #2336, .F. ) ;
#544 = AXIS2_PLACEMENT_3D ( 'NONE', #2694, #1643, #1391 ) ;
#545 = CARTESIAN_POINT ( 'NONE',  ( -14.76730576051604700, 421.3921290791994900, -40.19374419398031500 ) ) ;
#546 = CARTESIAN_POINT ( 'NONE',  ( -61.52619293414452500, 419.9109751170691400, -86.93353163267103400 ) ) ;
#547 = CARTESIAN_POINT ( 'NONE',  ( -25.78393710900061800, 390.8198969799142300, -126.8981906227564500 ) ) ;
#548 = ORIENTED_EDGE ( 'NONE', *, *, #556, .F. ) ;
#549 = CARTESIAN_POINT ( 'NONE',  ( 48.80284111455982600, 416.7857394655058600, 104.6157126665933000 ) ) ;
#550 = CARTESIAN_POINT ( 'NONE',  ( -37.64519748311886400, 400.5824901513347500, 115.0281244287743000 ) ) ;
#551 = CARTESIAN_POINT ( 'NONE',  ( 35.69023302729687000, 397.0797052741551200, 132.6905931540064800 ) ) ;
#552 = CARTESIAN_POINT ( 'NONE',  ( -49.11610318370233600, 400.7647376644392200, -129.0289990653412200 ) ) ;
#553 = CARTESIAN_POINT ( 'NONE',  ( -14.70257209889782000, 421.2383966977754400, -39.96856792824889500 ) ) ;
#554 = CARTESIAN_POINT ( 'NONE',  ( 14.84916903282831400, 421.5959734260193300, -40.54965368247372500 ) ) ;
#555 = CARTESIAN_POINT ( 'NONE',  ( 12.17157287520586800, 414.0000000000639500, 76.20944037858205900 ) ) ;
#556 = EDGE_CURVE ( 'NONE', #1621, #1698, #2552, .T. ) ;
#557 = AXIS2_PLACEMENT_3D ( 'NONE', #2358, #2846, #179 ) ;
#558 =( BOUNDED_SURFACE ( )  B_SPLINE_SURFACE ( 3, 2, ( 
 ( #1598, #15, #835 ),
 ( #1866, #822, #2927 ),
 ( #2330, #2939, #1359 ),
 ( #273, #260, #2130 ),
 ( #3188, #3097, #2682 ),
 ( #536, #2633, #800 ),
 ( #2647, #1624, #1524 ),
 ( #1345, #549, #1610 ),
 ( #2916, #2949, #2398 ),
 ( #572, #1064, #789 ),
 ( #3365, #285, #36 ),
 ( #1878, #1335, #1851 ),
 ( #1789, #4, #3181 ),
 ( #201, #297, #811 ) ),
 .UNSPECIFIED., .F., .F., .F. ) 
 B_SPLINE_SURFACE_WITH_KNOTS ( ( 4, 2, 2, 2, 2, 2, 4 ),
 ( 3, 3 ),
 ( -3.225718303578872800E-015, 0.002536025902326804800, 0.005072051804656835200, 0.01014410360931689700, 0.01521615541397695900, 0.01775218131630699000, 0.02028820721863702100 ),
 ( 0.0000000000000000000, 1.000000000000000000 ),
 .UNSPECIFIED. ) 
 GEOMETRIC_REPRESENTATION_ITEM ( )  RATIONAL_B_SPLINE_SURFACE ( (
 ( 1.000000000000000000, 0.9906504106432254500, 1.000000000000000000),
 ( 1.000000000000000000, 0.9876680855993769100, 1.000000000000000000),
 ( 1.000000000000000000, 0.9840814975575940000, 1.000000000000000000),
 ( 1.000000000000000000, 0.9757120127951557400, 1.000000000000000000),
 ( 1.000000000000000000, 0.9709291823092567300, 1.000000000000000000),
 ( 1.000000000000000000, 0.9547816889273517100, 1.000000000000000000),
 ( 1.000000000000000000, 0.9416251385311674700, 1.000000000000000000),
 ( 1.000000000000000000, 0.9103358440410868100, 1.000000000000000000),
 ( 1.000000000000000000, 0.8922064082896330500, 1.000000000000000000),
 ( 1.000000000000000000, 0.8609359215941759800, 1.000000000000000000),
 ( 1.000000000000000000, 0.8498845425412079300, 1.000000000000000000),
 ( 1.000000000000000000, 0.8266221500514251400, 1.000000000000000000),
 ( 1.000000000000000000, 0.8143957357692888100, 1.000000000000000000),
 ( 1.000000000000000000, 0.8015704635012138600, 1.000000000000000000) ) ) 
 REPRESENTATION_ITEM ( '' )  SURFACE ( )  );
#559 = CARTESIAN_POINT ( 'NONE',  ( 0.0000000000000000000, 398.0000000000000000, -100.0000000000000000 ) ) ;
#560 = CYLINDRICAL_SURFACE ( 'NONE', #1709, 4.000000000000000000 ) ;
#561 = AXIS2_PLACEMENT_3D ( 'NONE', #1572, #1142, #1047 ) ;
#562 = CARTESIAN_POINT ( 'NONE',  ( -50.15619015535371300, 402.9587277484266100, 126.9066279625549800 ) ) ;
#563 = CARTESIAN_POINT ( 'NONE',  ( 21.39899332975794600, 390.0000000002860400, 138.0330085887907500 ) ) ;
#564 = CARTESIAN_POINT ( 'NONE',  ( -59.99999999999998600, 60.00000000000000000, -85.00000000000001400 ) ) ;
#565 = VECTOR ( 'NONE', #2215, 1000.000000000000000 ) ;
#566 = EDGE_CURVE ( 'NONE', #981, #753, #1431, .T. ) ;
#567 = DIRECTION ( 'NONE',  ( -0.8853035964740744200, 0.0000000000000000000, 0.4650134859012897700 ) ) ;
#568 = CARTESIAN_POINT ( 'NONE',  ( 3.199459192161594200, 412.7399672145110100, 84.27889202098617700 ) ) ;
#569 = CIRCLE ( 'NONE', #735, 60.00000000000001400 ) ;
#570 = ORIENTED_EDGE ( 'NONE', *, *, #274, .T. ) ;
#571 = CARTESIAN_POINT ( 'NONE',  ( 7.999999999999974200, 426.0000000000000600, -51.00000000000000000 ) ) ;
#572 = CARTESIAN_POINT ( 'NONE',  ( 41.30715270717653500, 408.3849767648735600, 105.0302055014937700 ) ) ;
#573 = ADVANCED_FACE ( 'NONE', ( #1933 ), #435, .T. ) ;
#574 = EDGE_CURVE ( 'NONE', #1152, #3170, #2389, .T. ) ;
#575 = CARTESIAN_POINT ( 'NONE',  ( -62.73182621987777500, 419.9001359948432500, -87.57675726360236000 ) ) ;
#576 = ORIENTED_EDGE ( 'NONE', *, *, #187, .T. ) ;
#577 = DIRECTION ( 'NONE',  ( 0.0000000000000000000, 0.0000000000000000000, 1.000000000000000000 ) ) ;
#578 = VERTEX_POINT ( 'NONE', #887 ) ;
#579 = CARTESIAN_POINT ( 'NONE',  ( -38.36998400463993200, 386.9216235158713200, -138.6276052535374100 ) ) ;
#580 = CARTESIAN_POINT ( 'NONE',  ( -14.47658270421756500, 420.7456555564377300, -39.33522648371248200 ) ) ;
#581 = CARTESIAN_POINT ( 'NONE',  ( 10.42632429014242700, 416.0580128784013700, -35.41804258248429000 ) ) ;
#582 = VERTEX_POINT ( 'NONE', #1619 ) ;
#583 = CARTESIAN_POINT ( 'NONE',  ( 12.93450473829601000, 412.8916541261756900, 83.78563594380447900 ) ) ;
#584 = VERTEX_POINT ( 'NONE', #85 ) ;
#585 = ORIENTED_EDGE ( 'NONE', *, *, #1720, .T. ) ;
#586 = CARTESIAN_POINT ( 'NONE',  ( -15.00000000000004800, 414.0000000000000600, -34.99999999999999300 ) ) ;
#587 = AXIS2_PLACEMENT_3D ( 'NONE', #2108, #3132, #1562 ) ;
#588 = CARTESIAN_POINT ( 'NONE',  ( 14.99999999999997700, 420.0000000000000600, -41.99999999999997900 ) ) ;
#589 = ORIENTED_EDGE ( 'NONE', *, *, #156, .F. ) ;
#590 = CARTESIAN_POINT ( 'NONE',  ( -50.70464015469477200, 404.2617224855530400, 125.5130147218242500 ) ) ;
#591 = CARTESIAN_POINT ( 'NONE',  ( 0.0000000000000000000, 398.0000000000000000, -75.00000000000001400 ) ) ;
#592 = EDGE_CURVE ( 'NONE', #2764, #1775, #1060, .T. ) ;
#593 = STYLED_ITEM ( 'NONE', ( #2704 ), #1085 ) ;
#594 = DIRECTION ( 'NONE',  ( -1.156482317317871500E-016, 0.0000000000000000000, -1.000000000000000000 ) ) ;
#595 = CARTESIAN_POINT ( 'NONE',  ( 15.00000000000007300, 422.0000000000005700, 87.74799959477030600 ) ) ;
#596 = CARTESIAN_POINT ( 'NONE',  ( 59.99999999999999300, 60.00000000000000000, -85.00000000000001400 ) ) ;
#597 = CARTESIAN_POINT ( 'NONE',  ( 33.89155915762795200, 383.7477598988011200, -140.1094153592208600 ) ) ;
#598 = FACE_OUTER_BOUND ( 'NONE', #1315, .T. ) ;
#599 = CARTESIAN_POINT ( 'NONE',  ( -19.99999999999974400, 380.0000000000000000, 141.5685424949237800 ) ) ;
#600 = CARTESIAN_POINT ( 'NONE',  ( -11.00000000000001100, 426.0000000000000600, 95.00000000000000000 ) ) ;
#601 = CARTESIAN_POINT ( 'NONE',  ( 63.46528196897881500, 419.9033296428436900, 85.48328636763594100 ) ) ;
#602 = LINE ( 'NONE', #243, #3314 ) ;
#603 = DIRECTION ( 'NONE',  ( -8.673617379884041600E-017, -0.0000000000000000000, -1.000000000000000000 ) ) ;
#604 = CARTESIAN_POINT ( 'NONE',  ( 24.74793227216325400, 380.4045516206200500, -141.4241389124593400 ) ) ;
#605 = FACE_OUTER_BOUND ( 'NONE', #496, .T. ) ;
#606 = CARTESIAN_POINT ( 'NONE',  ( 3.686291501015213100, 414.0000000000000000, 75.60612308660186900 ) ) ;
#607 =( BOUNDED_SURFACE ( )  B_SPLINE_SURFACE ( 3, 2, ( 
 ( #1489, #2289, #1819 ),
 ( #223, #3122, #2917 ),
 ( #6, #2390, #1030 ),
 ( #791, #527, #3419 ),
 ( #1828, #1853, #2357 ),
 ( #3110, #2623, #1539 ),
 ( #1578, #2345, #2636 ),
 ( #3158, #758, #2072 ),
 ( #2878, #768, #1838 ),
 ( #1312, #487, #1053 ),
 ( #3383, #1551, #262 ),
 ( #2082, #208, #1294 ),
 ( #1065, #2604, #502 ),
 ( #2613, #3394, #1302 ),
 ( #2121, #1325, #3405 ),
 ( #250, #1806, #3143 ),
 ( #3135, #1564, #238 ),
 ( #2110, #2094, #513 ),
 ( #802, #1016, #2369 ),
 ( #2868, #2377, #778 ),
 ( #1041, #2904, #2892 ),
 ( #539, #2651, #3202 ),
 ( #2451, #2422, #2672 ),
 ( #3182, #814, #2700 ),
 ( #2688, #836, #562 ),
 ( #1127, #1891, #590 ),
 ( #550, #1625, #1360 ),
 ( #1373, #2930, #2159 ),
 ( #1100, #2950, #1636 ),
 ( #27, #50, #861 ),
 ( #1906, #2401, #2709 ),
 ( #1613, #275, #311 ) ),
 .UNSPECIFIED., .F., .F., .F. ) 
 B_SPLINE_SURFACE_WITH_KNOTS ( ( 4, 2, 2, 2, 2, 2, 2, 2, 2, 2, 2, 2, 2, 2, 2, 4 ),
 ( 3, 3 ),
 ( 0.0000000000000000000, 0.006102021232241824700, 0.009153031848362736700, 0.01220404246448364900, 0.01830606369672547300, 0.02135707431284638400, 0.02288257962090684000, 0.02440808492896729900, 0.03051010616120912500, 0.03203561146926958000, 0.03356111677733003600, 0.03661212739345094700, 0.03966313800957185800, 0.04118864331763231300, 0.04271414862569276900, 0.04881616985793459800 ),
 ( 0.0000000000000000000, 1.000000000000000000 ),
 .UNSPECIFIED. ) 
 GEOMETRIC_REPRESENTATION_ITEM ( )  RATIONAL_B_SPLINE_SURFACE ( (
 ( 1.000000000000000000, 0.8164965809277260300, 1.000000000000000000),
 ( 1.000000000000000000, 0.8164916957585666200, 1.000000000000000000),
 ( 1.000000000000000000, 0.8172184029720289700, 1.000000000000000000),
 ( 1.000000000000000000, 0.8191644198495502400, 1.000000000000000000),
 ( 1.000000000000000000, 0.8199545815576483300, 1.000000000000000000),
 ( 1.000000000000000000, 0.8217517482016121200, 1.000000000000000000),
 ( 1.000000000000000000, 0.8227644667523972300, 1.000000000000000000),
 ( 1.000000000000000000, 0.8259314444056781200, 1.000000000000000000),
 ( 1.000000000000000000, 0.8282244814840356000, 1.000000000000000000),
 ( 1.000000000000000000, 0.8312513391338893800, 1.000000000000000000),
 ( 1.000000000000000000, 0.8321907022548694600, 1.000000000000000000),
 ( 1.000000000000000000, 0.8334013498145839100, 1.000000000000000000),
 ( 1.000000000000000000, 0.8337707666874567500, 1.000000000000000000),
 ( 1.000000000000000000, 0.8344207465370452300, 1.000000000000000000),
 ( 1.000000000000000000, 0.8347024932857439700, 1.000000000000000000),
 ( 1.000000000000000000, 0.8358671267311494900, 1.000000000000000000),
 ( 1.000000000000000000, 0.8360078882286768900, 1.000000000000000000),
 ( 1.000000000000000000, 0.8348463021728136400, 1.000000000000000000),
 ( 1.000000000000000000, 0.8345477321955850900, 1.000000000000000000),
 ( 1.000000000000000000, 0.8338119740929527100, 1.000000000000000000),
 ( 1.000000000000000000, 0.8333759922920527300, 1.000000000000000000),
 ( 1.000000000000000000, 0.8318741261515031300, 1.000000000000000000),
 ( 1.000000000000000000, 0.8306108526183992900, 1.000000000000000000),
 ( 1.000000000000000000, 0.8275923580835555800, 1.000000000000000000),
 ( 1.000000000000000000, 0.8258371652145518600, 1.000000000000000000),
 ( 1.000000000000000000, 0.8228733988632522800, 1.000000000000000000),
 ( 1.000000000000000000, 0.8218304552946884600, 1.000000000000000000),
 ( 1.000000000000000000, 0.8196425533237101700, 1.000000000000000000),
 ( 1.000000000000000000, 0.8184953753618960900, 1.000000000000000000),
 ( 1.000000000000000000, 0.8125574849863936900, 1.000000000000000000),
 ( 1.000000000000000000, 0.8071742395251186900, 1.000000000000000000),
 ( 1.000000000000000000, 0.8015704635012137500, 1.000000000000000000) ) ) 
 REPRESENTATION_ITEM ( '' )  SURFACE ( )  );
#608 = AXIS2_PLACEMENT_3D ( 'NONE', #1350, #10, #3161 ) ;
#609 = CARTESIAN_POINT ( 'NONE',  ( 40.44817679673473500, 405.0074164299919600, -124.9027142985840000 ) ) ;
#610 = DIRECTION ( 'NONE',  ( 0.0000000000000000000, 1.000000000000000000, 0.0000000000000000000 ) ) ;
#611 = ADVANCED_FACE ( 'NONE', ( #2431 ), #2229, .F. ) ;
#612 = EDGE_CURVE ( 'NONE', #868, #3294, #1682, .T. ) ;
#613 = CIRCLE ( 'NONE', #1815, 60.00000000000000700 ) ;
#614 = CARTESIAN_POINT ( 'NONE',  ( -119.9999999999999700, 420.0000000000000600, 84.99999999999997200 ) ) ;
#615 = DIRECTION ( 'NONE',  ( 0.0000000000000000000, 0.0000000000000000000, -1.000000000000000000 ) ) ;
#616 = VECTOR ( 'NONE', #2894, 1000.000000000000000 ) ;
#617 = CARTESIAN_POINT ( 'NONE',  ( 49.14783334803748700, 400.7650043064376700, -129.0830824543976700 ) ) ;
#618 = DIRECTION ( 'NONE',  ( 0.0000000000000000000, 1.000000000000000000, -0.0000000000000000000 ) ) ;
#619 = VERTEX_POINT ( 'NONE', #1167 ) ;
#620 = CARTESIAN_POINT ( 'NONE',  ( 27.09152281845823400, 380.9478973085701300, -141.2249820516399000 ) ) ;
#621 = CARTESIAN_POINT ( 'NONE',  ( 64.10958373819470100, 419.8590955619843000, -85.00000000000001400 ) ) ;
#622 = ORIENTED_EDGE ( 'NONE', *, *, #1582, .T. ) ;
#623 = ORIENTED_EDGE ( 'NONE', *, *, #928, .F. ) ;
#624 = DIRECTION ( 'NONE',  ( 0.0000000000000000000, -1.000000000000000000, 0.0000000000000000000 ) ) ;
#625 = CARTESIAN_POINT ( 'NONE',  ( -60.67483671419620400, 419.6682510847786600, 91.43258995405966500 ) ) ;
#626 = ORIENTED_EDGE ( 'NONE', *, *, #2300, .F. ) ;
#627 = DIRECTION ( 'NONE',  ( 8.673617379884041600E-017, 0.0000000000000000000, 1.000000000000000000 ) ) ;
#628 = DIRECTION ( 'NONE',  ( 0.0000000000000000000, 0.0000000000000000000, -1.000000000000000000 ) ) ;
#629 = ADVANCED_FACE ( 'NONE', ( #313 ), #3078, .T. ) ;
#630 = CARTESIAN_POINT ( 'NONE',  ( 40.85710246852068700, 389.1691825895522900, 137.4404159417280500 ) ) ;
#631 = ORIENTED_EDGE ( 'NONE', *, *, #2311, .T. ) ;
#632 = DIRECTION ( 'NONE',  ( -1.000000000000000000, 0.0000000000000000000, -0.0000000000000000000 ) ) ;
#633 = CARTESIAN_POINT ( 'NONE',  ( -14.99999999999875800, 421.9999999999964800, 76.37398640803033300 ) ) ;
#634 = ORIENTED_EDGE ( 'NONE', *, *, #1191, .T. ) ;
#635 = CARTESIAN_POINT ( 'NONE',  ( 33.55422818016788300, 395.2530647747810800, -122.9696694267852900 ) ) ;
#636 = CARTESIAN_POINT ( 'NONE',  ( 0.0000000000000000000, 0.0000000000000000000, 0.0000000000000000000 ) ) ;
#637 = CARTESIAN_POINT ( 'NONE',  ( -15.00000000000001100, 390.0000000000000600, 105.0000000000000100 ) ) ;
#638 = EDGE_CURVE ( 'NONE', #2639, #1082, #433, .T. ) ;
#639 = CARTESIAN_POINT ( 'NONE',  ( 64.10958373819470100, 419.8590955619843000, 84.99999999999997200 ) ) ;
#640 = CARTESIAN_POINT ( 'NONE',  ( 48.25851090852295800, 399.1137875607714700, 130.5119525620395700 ) ) ;
#641 = VECTOR ( 'NONE', #347, 1000.000000000000000 ) ;
#642 = CARTESIAN_POINT ( 'NONE',  ( 2.999999999999986700, 411.1428571428571700, 88.38365438660063900 ) ) ;
#643 = EDGE_CURVE ( 'NONE', #501, #2987, #1218, .T. ) ;
#644 = DIRECTION ( 'NONE',  ( 0.0000000000000000000, 0.0000000000000000000, -1.000000000000000000 ) ) ;
#645 = CARTESIAN_POINT ( 'NONE',  ( 39.91396841889054800, 403.6632209035439600, -126.4151793603292600 ) ) ;
#646 = DIRECTION ( 'NONE',  ( 0.0000000000000000000, 0.0000000000000000000, -1.000000000000000000 ) ) ;
#647 = CIRCLE ( 'NONE', #1111, 20.00000000000000400 ) ;
#648 = CARTESIAN_POINT ( 'NONE',  ( 47.40404532928304300, 416.0580648599167800, -106.6295747563971500 ) ) ;
#649 = FACE_OUTER_BOUND ( 'NONE', #946, .T. ) ;
#650 = CARTESIAN_POINT ( 'NONE',  ( 40.05814742724627600, 388.3999874544031200, 137.8595740670438400 ) ) ;
#651 = CYLINDRICAL_SURFACE ( 'NONE', #1181, 15.00000000000001400 ) ;
#652 = DIRECTION ( 'NONE',  ( 0.0000000000000000000, 0.0000000000000000000, -1.000000000000000000 ) ) ;
#653 = VECTOR ( 'NONE', #3024, 1000.000000000000000 ) ;
#654 = EDGE_CURVE ( 'NONE', #1659, #1984, #3243, .T. ) ;
#655 = PRESENTATION_LAYER_ASSIGNMENT (  '', '', ( #593 ) ) ;
#656 = ORIENTED_EDGE ( 'NONE', *, *, #643, .F. ) ;
#657 = CARTESIAN_POINT ( 'NONE',  ( 43.10871298238810600, 410.9633508821847300, -102.8595530559551200 ) ) ;
#658 = CARTESIAN_POINT ( 'NONE',  ( -59.99999999999998600, 420.0000000000000600, -145.0000000000000300 ) ) ;
#659 = ORIENTED_EDGE ( 'NONE', *, *, #213, .F. ) ;
#660 = EDGE_LOOP ( 'NONE', ( #1027, #1277, #3415, #2205 ) ) ;
#661 = CARTESIAN_POINT ( 'NONE',  ( 48.90799282294171500, 400.3533123236030100, 129.4062690996820200 ) ) ;
#662 = DIRECTION ( 'NONE',  ( 1.000000000000000000, 0.0000000000000000000, 0.0000000000000000000 ) ) ;
#663 = EDGE_CURVE ( 'NONE', #3023, #282, #3113, .T. ) ;
#664 = DIRECTION ( 'NONE',  ( -4.336808689942013800E-016, 0.0000000000000000000, -1.000000000000000000 ) ) ;
#665 = ORIENTED_EDGE ( 'NONE', *, *, #914, .F. ) ;
#666 = VERTEX_POINT ( 'NONE', #1446 ) ;
#667 = CARTESIAN_POINT ( 'NONE',  ( 29.21464976439687800, 392.1995044128356700, -125.8746671958814400 ) ) ;
#668 = CARTESIAN_POINT ( 'NONE',  ( 52.59643911667360100, 409.6045704089723400, -118.8627453143393800 ) ) ;
#669 = VERTEX_POINT ( 'NONE', #2519 ) ;
#670 =( BOUNDED_SURFACE ( )  B_SPLINE_SURFACE ( 3, 2, ( 
 ( #2961, #35, #1597 ),
 ( #1063, #1646, #2155 ),
 ( #1334, #14, #1865 ),
 ( #2988, #2467, #620 ),
 ( #1393, #3241, #3274 ),
 ( #2973, #883, #1670 ),
 ( #64, #2731, #1135 ),
 ( #1428, #2230, #597 ),
 ( #1125, #1405, #1923 ),
 ( #1702, #77, #2491 ),
 ( #1440, #2214, #1144 ),
 ( #2996, #3265, #1688 ),
 ( #1418, #3252, #1157 ),
 ( #2196, #1677, #89 ),
 ( #352, #893, #1934 ),
 ( #635, #111, #874 ),
 ( #3227, #1964, #2755 ),
 ( #1947, #2478, #376 ),
 ( #341, #1173, #1956 ),
 ( #100, #904, #2446 ),
 ( #2207, #2742, #859 ),
 ( #3006, #3020, #363 ),
 ( #2707, #645, #1662 ),
 ( #330, #609, #2457 ),
 ( #2719, #125, #1184 ),
 ( #134, #1461, #690 ),
 ( #1723, #1712, #2241 ),
 ( #2535, #918, #1988 ),
 ( #954, #1194, #2796 ),
 ( #2544, #1470, #3287 ),
 ( #412, #2779, #668 ),
 ( #2269, #398, #2260 ) ),
 .UNSPECIFIED., .F., .F., .F. ) 
 B_SPLINE_SURFACE_WITH_KNOTS ( ( 4, 2, 2, 2, 2, 2, 2, 2, 2, 2, 2, 2, 2, 2, 2, 4 ),
 ( 3, 3 ),
 ( 0.0000000000000000000, 0.006102021232241086600, 0.009153031848361629900, 0.01220404246448217300, 0.01830606369672326000, 0.02135707431284380300, 0.02288257962090407500, 0.02440808492896434600, 0.03051010616120543300, 0.03203561146926570100, 0.03356111677732597600, 0.03661212739344652000, 0.03966313800956706300, 0.04118864331762733800, 0.04271414862568760600, 0.04881616985792869300 ),
 ( 0.0000000000000000000, 1.000000000000000000 ),
 .UNSPECIFIED. ) 
 GEOMETRIC_REPRESENTATION_ITEM ( )  RATIONAL_B_SPLINE_SURFACE ( (
 ( 1.000000000000000000, 0.8164965809277260300, 1.000000000000000000),
 ( 1.000000000000000000, 0.8164916957594142700, 1.000000000000000000),
 ( 1.000000000000000000, 0.8172184029709002000, 1.000000000000000000),
 ( 1.000000000000000000, 0.8191644198501152300, 1.000000000000000000),
 ( 1.000000000000000000, 0.8199545815592380600, 1.000000000000000000),
 ( 1.000000000000000000, 0.8217517482000195100, 1.000000000000000000),
 ( 1.000000000000000000, 0.8227644667529638900, 1.000000000000000000),
 ( 1.000000000000000000, 0.8259314444045378100, 1.000000000000000000),
 ( 1.000000000000000000, 0.8282244814841459600, 1.000000000000000000),
 ( 1.000000000000000000, 0.8312513391338298700, 1.000000000000000000),
 ( 1.000000000000000000, 0.8321907022541248400, 1.000000000000000000),
 ( 1.000000000000000000, 0.8334013498149539500, 1.000000000000000000),
 ( 1.000000000000000000, 0.8337707666873699400, 1.000000000000000000),
 ( 1.000000000000000000, 0.8344207465371291700, 1.000000000000000000),
 ( 1.000000000000000000, 0.8347024932859125100, 1.000000000000000000),
 ( 1.000000000000000000, 0.8358671267304684800, 1.000000000000000000),
 ( 1.000000000000000000, 0.8360078882293599000, 1.000000000000000000),
 ( 1.000000000000000000, 0.8348463021726448800, 1.000000000000000000),
 ( 1.000000000000000000, 0.8345477321958443300, 1.000000000000000000),
 ( 1.000000000000000000, 0.8338119740926970300, 1.000000000000000000),
 ( 1.000000000000000000, 0.8333759922921132300, 1.000000000000000000),
 ( 1.000000000000000000, 0.8318741261513928900, 1.000000000000000000),
 ( 1.000000000000000000, 0.8306108526186334300, 1.000000000000000000),
 ( 1.000000000000000000, 0.8275923580833376400, 1.000000000000000000),
 ( 1.000000000000000000, 0.8258371652147296100, 1.000000000000000000),
 ( 1.000000000000000000, 0.8228733988631752300, 1.000000000000000000),
 ( 1.000000000000000000, 0.8218304552948125800, 1.000000000000000000),
 ( 1.000000000000000000, 0.8196425533236066900, 1.000000000000000000),
 ( 1.000000000000000000, 0.8184953753619644800, 1.000000000000000000),
 ( 1.000000000000000000, 0.8125574849861770800, 1.000000000000000000),
 ( 1.000000000000000000, 0.8071742395253197500, 1.000000000000000000),
 ( 1.000000000000000000, 0.8015704635012138600, 1.000000000000000000) ) ) 
 REPRESENTATION_ITEM ( '' )  SURFACE ( )  );
#671 = CARTESIAN_POINT ( 'NONE',  ( 52.97564447381056900, 411.0258726239164300, -116.5651757949779200 ) ) ;
#672 = CARTESIAN_POINT ( 'NONE',  ( -53.13371737863288000, 411.6183467654366800, 115.6074269684057600 ) ) ;
#673 = VERTEX_POINT ( 'NONE', #1707 ) ;
#674 = SURFACE_STYLE_USAGE ( .BOTH. , #369 ) ;
#675 = CARTESIAN_POINT ( 'NONE',  ( 37.98740518401837800, 401.2355560394529400, 113.7402179390498400 ) ) ;
#676 = CARTESIAN_POINT ( 'NONE',  ( -37.49735269858636900, 400.3056998600885700, 115.5670661696873400 ) ) ;
#677 = EDGE_CURVE ( 'NONE', #1110, #2641, #1271, .T. ) ;
#678 = CARTESIAN_POINT ( 'NONE',  ( -64.10958373819464400, 419.8590955619843000, -85.00000000000001400 ) ) ;
#679 = DIRECTION ( 'NONE',  ( -0.0000000000000000000, -0.0000000000000000000, 1.000000000000000000 ) ) ;
#680 = EDGE_CURVE ( 'NONE', #149, #282, #1803, .T. ) ;
#681 = CARTESIAN_POINT ( 'NONE',  ( -43.35239711336109300, 413.3036085157186800, 112.6652102483856500 ) ) ;
#682 = APPLICATION_CONTEXT ( 'automotive_design' ) ;
#683 = DIRECTION ( 'NONE',  ( 0.0000000000000000000, 0.0000000000000000000, -1.000000000000000000 ) ) ;
#684 = CYLINDRICAL_SURFACE ( 'NONE', #310, 6.999999999999999100 ) ;
#685 = CARTESIAN_POINT ( 'NONE',  ( -33.62659115620833500, 395.3508182639154100, 122.8419461470057100 ) ) ;
#686 = CARTESIAN_POINT ( 'NONE',  ( -13.79540179409240100, 390.0000000000001100, 111.8141621595789700 ) ) ;
#687 = VECTOR ( 'NONE', #524, 1000.000000000000000 ) ;
#688 = EDGE_CURVE ( 'NONE', #2058, #1689, #1355, .T. ) ;
#689 = DIRECTION ( 'NONE',  ( 0.0000000000000000000, 0.0000000000000000000, -1.000000000000000000 ) ) ;
#690 = CARTESIAN_POINT ( 'NONE',  ( 50.70464015469129000, 404.2617224855490000, -125.5130147218287700 ) ) ;
#691 = EDGE_CURVE ( 'NONE', #2408, #3199, #480, .T. ) ;
#692 = CARTESIAN_POINT ( 'NONE',  ( -41.28655996474407900, 408.3515441323331200, 105.0566368175981200 ) ) ;
#693 = CYLINDRICAL_SURFACE ( 'NONE', #3400, 24.99999999999999300 ) ;
#694 = CARTESIAN_POINT ( 'NONE',  ( -37.97009337129210800, 401.2142915663080800, 113.7533195348999000 ) ) ;
#695 = CARTESIAN_POINT ( 'NONE',  ( 19.99999999999986900, 380.0000000000000000, -141.5685424949238300 ) ) ;
#696 = CARTESIAN_POINT ( 'NONE',  ( -37.47276774673745300, 386.1403807694055100, 139.0322231735521500 ) ) ;
#697 = CIRCLE ( 'NONE', #1261, 24.99999999999999300 ) ;
#698 = AXIS2_PLACEMENT_3D ( 'NONE', #2632, #1850, #2080 ) ;
#699 = CARTESIAN_POINT ( 'NONE',  ( 64.10958373819470100, 419.8590955619843000, -85.00000000000001400 ) ) ;
#700 = CARTESIAN_POINT ( 'NONE',  ( -55.20332383229135300, 415.8801153728596800, 106.9525386178554700 ) ) ;
#701 = ORIENTED_EDGE ( 'NONE', *, *, #230, .T. ) ;
#702 = EDGE_CURVE ( 'NONE', #2568, #1805, #2907, .T. ) ;
#703 = EDGE_LOOP ( 'NONE', ( #3293, #3059, #2020, #2589, #958 ) ) ;
#704 = DIRECTION ( 'NONE',  ( 0.0000000000000000000, 1.000000000000000000, 0.0000000000000000000 ) ) ;
#705 = CARTESIAN_POINT ( 'NONE',  ( -20.70196108121366400, 390.0000000000000000, -127.4264068711928800 ) ) ;
#706 = VERTEX_POINT ( 'NONE', #1246 ) ;
#707 = ORIENTED_EDGE ( 'NONE', *, *, #3127, .T. ) ;
#708 = CARTESIAN_POINT ( 'NONE',  ( 10.33282887855914500, 390.0000000000000000, 107.5402698848374300 ) ) ;
#709 = EDGE_LOOP ( 'NONE', ( #1197, #1661, #2485, #2282 ) ) ;
#710 = EDGE_CURVE ( 'NONE', #3170, #2568, #613, .T. ) ;
#711 = CARTESIAN_POINT ( 'NONE',  ( 61.35108265632190700, 419.8352337330864000, -90.14513704747415100 ) ) ;
#712 = CARTESIAN_POINT ( 'NONE',  ( -15.00000000000001200, 422.0000000000000600, 93.49466690660018700 ) ) ;
#713 = ORIENTED_EDGE ( 'NONE', *, *, #2975, .F. ) ;
#714 = CARTESIAN_POINT ( 'NONE',  ( 10.99999999999998900, 422.0000000000000600, 105.0000000000000100 ) ) ;
#715 = B_SPLINE_CURVE_WITH_KNOTS ( 'NONE', 3,
 ( #2326, #1035, #244, #2608, #1023, #785, #1557, #2088, #1307, #3140, #1570, #2628, #745, #292, #1058, #2125, #2383, #2150 ),
 .UNSPECIFIED., .F., .F.,
 ( 4, 2, 2, 2, 2, 2, 2, 2, 4 ),
 ( 0.0000000000000000000, 0.003804065172183077000, 0.007608130344366153900, 0.01141219551654923200, 0.01521626068873230800, 0.02282439103309854800, 0.02472642361919013800, 0.02662845620528173100, 0.03043252137746490700 ),
 .UNSPECIFIED. ) ;
#716 = ORIENTED_EDGE ( 'NONE', *, *, #3418, .F. ) ;
#717 = CARTESIAN_POINT ( 'NONE',  ( -56.77510675947185300, 419.4053133743585100, 93.55851495551752400 ) ) ;
#718 = AXIS2_PLACEMENT_3D ( 'NONE', #2123, #1044, #1070 ) ;
#719 = CARTESIAN_POINT ( 'NONE',  ( -3.090225328241259700, 412.2071539792327100, 85.83628133084860700 ) ) ;
#720 = CARTESIAN_POINT ( 'NONE',  ( 60.00000000000000000, 0.0000000000000000000, -85.00000000000001400 ) ) ;
#721 = CARTESIAN_POINT ( 'NONE',  ( 62.81806794117979100, 419.9226090168409700, -85.96746842978646400 ) ) ;
#722 = CARTESIAN_POINT ( 'NONE',  ( -40.80325678388116700, 389.0514074828591300, -137.5317633409929100 ) ) ;
#723 = CARTESIAN_POINT ( 'NONE',  ( 38.84322541360604200, 403.2968025531070600, -145.0000000000000300 ) ) ;
#724 = CARTESIAN_POINT ( 'NONE',  ( -46.76535453504677500, 414.4536228277087800, 99.12787011778951300 ) ) ;
#725 = FACE_OUTER_BOUND ( 'NONE', #3262, .T. ) ;
#726 = CARTESIAN_POINT ( 'NONE',  ( 52.97564447381055400, 411.0258726239164300, 116.5651757949778800 ) ) ;
#727 = CARTESIAN_POINT ( 'NONE',  ( 51.23623115396723900, 405.5946721543336400, 124.0231898649620900 ) ) ;
#728 = CARTESIAN_POINT ( 'NONE',  ( -24.74793227216378700, 380.4045516206201700, 141.4241389124592800 ) ) ;
#729 = CIRCLE ( 'NONE', #1527, 3.000000000000002700 ) ;
#730 = DIRECTION ( 'NONE',  ( 0.0000000000000000000, -1.000000000000000000, 0.0000000000000000000 ) ) ;
#731 = CARTESIAN_POINT ( 'NONE',  ( -58.47462516156492300, 418.8331452815337500, 96.82150831130748300 ) ) ;
#732 = FACE_OUTER_BOUND ( 'NONE', #1941, .T. ) ;
#733 = CARTESIAN_POINT ( 'NONE',  ( -48.45895595966394600, 399.4172191132701100, -130.3034172686017500 ) ) ;
#734 = CIRCLE ( 'NONE', #1750, 14.99999999999999500 ) ;
#735 = AXIS2_PLACEMENT_3D ( 'NONE', #948, #394, #2551 ) ;
#736 = ORIENTED_EDGE ( 'NONE', *, *, #2603, .T. ) ;
#737 = CARTESIAN_POINT ( 'NONE',  ( -3.058792947635307100, 412.0153210360171000, 86.35069025660419600 ) ) ;
#738 = CARTESIAN_POINT ( 'NONE',  ( 60.00000000000000000, 420.0000000000000600, -85.00000000000001400 ) ) ;
#739 = EDGE_CURVE ( 'NONE', #706, #2271, #3364, .T. ) ;
#740 = CARTESIAN_POINT ( 'NONE',  ( -38.84322541360602800, 403.2968025531070600, 108.6738818462306700 ) ) ;
#741 = AXIS2_PLACEMENT_3D ( 'NONE', #1424, #1190, #1970 ) ;
#742 = VERTEX_POINT ( 'NONE', #2814 ) ;
#743 = CARTESIAN_POINT ( 'NONE',  ( -12.06319092024409500, 389.9999999999998900, 109.1704182624934300 ) ) ;
#744 = ORIENTED_EDGE ( 'NONE', *, *, #1163, .T. ) ;
#745 = CARTESIAN_POINT ( 'NONE',  ( -41.17348147237785100, 408.1401849657577800, 105.2132423020293400 ) ) ;
#746 = CARTESIAN_POINT ( 'NONE',  ( -52.97564447381054000, 411.0258726239164300, -116.5651757949779200 ) ) ;
#747 = ORIENTED_EDGE ( 'NONE', *, *, #1879, .T. ) ;
#748 = DIRECTION ( 'NONE',  ( 0.0000000000000000000, -1.000000000000000000, 0.0000000000000000000 ) ) ;
#749 = VERTEX_POINT ( 'NONE', #1761 ) ;
#750 = CARTESIAN_POINT ( 'NONE',  ( 40.79643428937308200, 406.0541355364969100, 123.6472894067022400 ) ) ;
#751 = CARTESIAN_POINT ( 'NONE',  ( -55.26086879093474400, 415.9575702220095100, -106.7530851832635900 ) ) ;
#752 = EDGE_CURVE ( 'NONE', #3131, #441, #2801, .T. ) ;
#753 = VERTEX_POINT ( 'NONE', #2569 ) ;
#754 = B_SPLINE_CURVE_WITH_KNOTS ( 'NONE', 3,
 ( #863, #1626, #2710, #2990, #1374, #1128, #2436, #2701, #2979, #1397, #3303, #1692, #1432, #2262 ),
 .UNSPECIFIED., .F., .F.,
 ( 4, 2, 2, 2, 2, 2, 4 ),
 ( 0.0000000000000000000, 0.007633707576129471400, 0.01526741515225894300, 0.01908426894032372000, 0.02290112272838850200, 0.02671797651645328000, 0.03053483030451806200 ),
 .UNSPECIFIED. ) ;
#755 = CARTESIAN_POINT ( 'NONE',  ( 2.999999999999986700, 411.1428571428571700, 88.38365438660063900 ) ) ;
#756 = CARTESIAN_POINT ( 'NONE',  ( -41.87965765931112800, 410.9372824938333800, -116.8831958428772300 ) ) ;
#757 = ORIENTED_EDGE ( 'NONE', *, *, #2529, .T. ) ;
#758 = CARTESIAN_POINT ( 'NONE',  ( -29.52146124092995200, 392.2718701072794300, 136.4308358310775000 ) ) ;
#759 = CARTESIAN_POINT ( 'NONE',  ( 36.88881166700837600, 399.2845518457770000, 117.3848680826502600 ) ) ;
#760 = DIRECTION ( 'NONE',  ( 1.307926430299974500E-016, -0.4259177099999590900, 0.9047619047619053200 ) ) ;
#761 = CARTESIAN_POINT ( 'NONE',  ( -48.80284111460790100, 416.7857394656016900, -104.6157126666287000 ) ) ;
#762 = CARTESIAN_POINT ( 'NONE',  ( -4.587764710070779900, 389.9999999999999400, 105.0804802956446100 ) ) ;
#763 = VECTOR ( 'NONE', #143, 1000.000000000000000 ) ;
#764 = CARTESIAN_POINT ( 'NONE',  ( 14.99999999999998800, 422.0000000000000600, 95.00000000000000000 ) ) ;
#765 = ADVANCED_FACE ( 'NONE', ( #1227 ), #1475, .T. ) ;
#766 = DIRECTION ( 'NONE',  ( 0.1839536846741159400, 0.5171085550500130700, 0.8359185272434771500 ) ) ;
#767 = LINE ( 'NONE', #101, #1639 ) ;
#768 = CARTESIAN_POINT ( 'NONE',  ( -30.79218727443905500, 392.9794920891350200, 135.9183532812454000 ) ) ;
#769 = CARTESIAN_POINT ( 'NONE',  ( 52.97564447381164100, 411.0258726239205200, 116.5651757949713000 ) ) ;
#770 = CARTESIAN_POINT ( 'NONE',  ( 19.99999999999986900, 390.0000000000000000, 127.4264068711928400 ) ) ;
#771 = DIRECTION ( 'NONE',  ( 1.000000000000000000, -0.0000000000000000000, -8.673617379884041600E-017 ) ) ;
#772 = FACE_OUTER_BOUND ( 'NONE', #2768, .T. ) ;
#773 = CARTESIAN_POINT ( 'NONE',  ( -39.20566239335377600, 387.5635788295074900, -138.3143070928459200 ) ) ;
#774 = VECTOR ( 'NONE', #2371, 1000.000000000000000 ) ;
#775 = ORIENTED_EDGE ( 'NONE', *, *, #1191, .F. ) ;
#776 = DIRECTION ( 'NONE',  ( -0.0000000000000000000, -0.0000000000000000000, 1.000000000000000000 ) ) ;
#777 = VERTEX_POINT ( 'NONE', #1516 ) ;
#778 = CARTESIAN_POINT ( 'NONE',  ( -47.36815435708783900, 397.5713348126615800, 131.7838535046067000 ) ) ;
#779 = CARTESIAN_POINT ( 'NONE',  ( 37.05381844886274900, 385.9090833974100300, 139.1188949090206400 ) ) ;
#780 = PLANE ( 'NONE',  #1081 ) ;
#781 = ORIENTED_EDGE ( 'NONE', *, *, #213, .T. ) ;
#782 = CARTESIAN_POINT ( 'NONE',  ( -41.30715270717799800, 408.3849767648756600, -105.0302055014825000 ) ) ;
#783 = ORIENTED_EDGE ( 'NONE', *, *, #1830, .T. ) ;
#784 = DIRECTION ( 'NONE',  ( 0.0000000000000000000, -1.000000000000000000, 0.0000000000000000000 ) ) ;
#785 = CARTESIAN_POINT ( 'NONE',  ( -49.88399246521583300, 416.5839222759025200, 96.22749231569331100 ) ) ;
#786 = ORIENTED_EDGE ( 'NONE', *, *, #1429, .F. ) ;
#787 = CARTESIAN_POINT ( 'NONE',  ( -24.10971279483794700, 380.2416780686003800, -141.4848399931112500 ) ) ;
#788 = ORIENTED_EDGE ( 'NONE', *, *, #1810, .F. ) ;
#789 = CARTESIAN_POINT ( 'NONE',  ( 53.96121539141696400, 413.7395655368120500, 111.7069406687044500 ) ) ;
#790 = ORIENTED_EDGE ( 'NONE', *, *, #1567, .F. ) ;
#791 = CARTESIAN_POINT ( 'NONE',  ( -24.05229875340480200, 390.4062417036623700, 127.1687365386788900 ) ) ;
#792 = CARTESIAN_POINT ( 'NONE',  ( 40.80325678388315000, 389.0514074829157500, 137.5317633409592300 ) ) ;
#793 = CARTESIAN_POINT ( 'NONE',  ( 0.0000000000000000000, 380.0000000000000000, 141.5685424949237800 ) ) ;
#794 = CARTESIAN_POINT ( 'NONE',  ( -31.56497937971611400, 382.5233245310919900, -140.6259141969563300 ) ) ;
#795 = CARTESIAN_POINT ( 'NONE',  ( -11.64491721736214700, 417.0053346269891100, -36.00810752141340700 ) ) ;
#796 = CARTESIAN_POINT ( 'NONE',  ( 14.21417293062811100, 420.2281176646160400, -38.74899119171191600 ) ) ;
#797 = ADVANCED_FACE ( 'NONE', ( #1188 ), #693, .T. ) ;
#798 = CARTESIAN_POINT ( 'NONE',  ( -52.97564447381163400, 411.0258726239205800, 116.5651757949712000 ) ) ;
#799 = DIRECTION ( 'NONE',  ( 0.0000000000000000000, 0.0000000000000000000, 1.000000000000000000 ) ) ;
#800 = CARTESIAN_POINT ( 'NONE',  ( 57.11682846145105000, 417.9267984059598000, 100.7717358378011900 ) ) ;
#801 = MECHANICAL_DESIGN_GEOMETRIC_PRESENTATION_REPRESENTATION (  '', ( #512 ), #3228 ) ;
#802 = CARTESIAN_POINT ( 'NONE',  ( -35.32046303328004900, 397.1412808921041900, 120.6242847644412100 ) ) ;
#803 = LINE ( 'NONE', #257, #1430 ) ;
#804 = DIRECTION ( 'NONE',  ( -1.000000000000000000, 0.0000000000000000000, 8.673617379884041600E-017 ) ) ;
#805 = DIRECTION ( 'NONE',  ( -0.4619779787835108200, 0.1140743354364767800, -0.8795245267267015600 ) ) ;
#806 = DIRECTION ( 'NONE',  ( -0.0000000000000000000, -1.000000000000000000, -0.0000000000000000000 ) ) ;
#807 = VECTOR ( 'NONE', #2502, 1000.000000000000000 ) ;
#808 = DIRECTION ( 'NONE',  ( 0.0000000000000000000, 1.000000000000000000, 0.0000000000000000000 ) ) ;
#809 = LINE ( 'NONE', #1232, #2793 ) ;
#810 = DIRECTION ( 'NONE',  ( 0.0000000000000000000, -0.0000000000000000000, -1.000000000000000000 ) ) ;
#811 = CARTESIAN_POINT ( 'NONE',  ( 52.97564447381056900, 411.0258726239164300, 116.5651757949778500 ) ) ;
#812 = ADVANCED_FACE ( 'NONE', ( #2091 ), #3198, .T. ) ;
#813 = CIRCLE ( 'NONE', #2919, 3.000000000000002700 ) ;
#814 = CARTESIAN_POINT ( 'NONE',  ( -40.44817679671456300, 405.0074164299381900, 124.9027142985807900 ) ) ;
#815 = CARTESIAN_POINT ( 'NONE',  ( 22.78674850025021900, 390.1410886111899600, 137.9359034736387700 ) ) ;
#816 = CARTESIAN_POINT ( 'NONE',  ( -36.07118260617365000, 385.2044724065571000, -139.4506421617713000 ) ) ;
#817 = ORIENTED_EDGE ( 'NONE', *, *, #2874, .T. ) ;
#818 = CARTESIAN_POINT ( 'NONE',  ( 8.516614964429429300, 415.0116133875297900, -35.01452978937694400 ) ) ;
#819 = CARTESIAN_POINT ( 'NONE',  ( 12.22428000055539600, 413.9094655620206700, 78.02153354135396100 ) ) ;
#820 = ORIENTED_EDGE ( 'NONE', *, *, #1001, .T. ) ;
#821 = ORIENTED_EDGE ( 'NONE', *, *, #2090, .T. ) ;
#822 = CARTESIAN_POINT ( 'NONE',  ( 57.45584742650430600, 419.5251197956155200, 92.66192393655627800 ) ) ;
#823 = EDGE_LOOP ( 'NONE', ( #665, #1565, #323, #2981, #3126, #1949 ) ) ;
#824 = CARTESIAN_POINT ( 'NONE',  ( -15.00000000000000900, 390.0000000000000600, 117.1753424682549300 ) ) ;
#825 = CARTESIAN_POINT ( 'NONE',  ( 19.99999999999987600, 390.0000000000000000, 127.4264068711928400 ) ) ;
#826 = CARTESIAN_POINT ( 'NONE',  ( -52.97564447381054000, 411.0258726239164300, -116.5651757949779300 ) ) ;
#827 = VERTEX_POINT ( 'NONE', #2845 ) ;
#828 =( GEOMETRIC_REPRESENTATION_CONTEXT ( 3 ) GLOBAL_UNCERTAINTY_ASSIGNED_CONTEXT ( ( #2256 ) ) GLOBAL_UNIT_ASSIGNED_CONTEXT ( ( #415, #2004, #1166 ) ) REPRESENTATION_CONTEXT ( 'NONE', 'WORKASPACE' ) );
#829 = DIRECTION ( 'NONE',  ( 1.000000000000000000, 0.0000000000000000000, -8.673617379884041600E-017 ) ) ;
#830 = CARTESIAN_POINT ( 'NONE',  ( 60.00000000000000000, 360.0000000000000600, -85.00000000000001400 ) ) ;
#831 = ADVANCED_FACE ( 'NONE', ( #1141 ), #607, .T. ) ;
#832 = DIRECTION ( 'NONE',  ( 9.570888143320316900E-017, -0.0000000000000000000, 1.000000000000000000 ) ) ;
#833 = EDGE_LOOP ( 'NONE', ( #2888, #1482, #781, #3179, #5 ) ) ;
#834 = DIRECTION ( 'NONE',  ( 0.0000000000000000000, 0.0000000000000000000, -1.000000000000000000 ) ) ;
#835 = CARTESIAN_POINT ( 'NONE',  ( 59.99999999999996400, 419.5016164111892200, 92.71735994078989100 ) ) ;
#836 = CARTESIAN_POINT ( 'NONE',  ( -40.68236013746349000, 405.6809750401772600, 124.1094234977707500 ) ) ;
#837 = CARTESIAN_POINT ( 'NONE',  ( -15.00000000000001400, 422.0000000000000600, 75.60612308660186900 ) ) ;
#838 = CARTESIAN_POINT ( 'NONE',  ( -14.99999999999995400, 396.0000000000000000, 125.0000000000000000 ) ) ;
#839 = AXIS2_PLACEMENT_3D ( 'NONE', #1327, #8, #644 ) ;
#840 = CARTESIAN_POINT ( 'NONE',  ( -8.523015447724741700, 415.0036260272119100, -34.99999999999998600 ) ) ;
#841 = SPHERICAL_SURFACE ( 'NONE', #3302, 60.00000000000000700 ) ;
#842 = CARTESIAN_POINT ( 'NONE',  ( 7.999999999999972500, 414.8021466795735300, -34.99999999999998600 ) ) ;
#843 = CARTESIAN_POINT ( 'NONE',  ( 14.99999999999990600, 421.9999999999994900, 90.65331266301934900 ) ) ;
#844 = CIRCLE ( 'NONE', #3321, 4.000000000000003600 ) ;
#845 = DIRECTION ( 'NONE',  ( -0.0000000000000000000, -1.000000000000000000, -0.0000000000000000000 ) ) ;
#846 = CARTESIAN_POINT ( 'NONE',  ( -14.99999999999995200, 422.0000000000000600, -50.99999999999999300 ) ) ;
#847 = CYLINDRICAL_SURFACE ( 'NONE', #2041, 60.00000000000000000 ) ;
#848 = ADVANCED_FACE ( 'NONE', ( #1968 ), #1555, .T. ) ;
#849 = AXIS2_PLACEMENT_3D ( 'NONE', #2717, #1914, #1134 ) ;
#850 = CARTESIAN_POINT ( 'NONE',  ( 59.99999999999999300, 60.00000000000000000, -145.0000000000000300 ) ) ;
#851 = CARTESIAN_POINT ( 'NONE',  ( 56.40411422908333300, 419.1888221542443500, 90.78801995558951900 ) ) ;
#852 = CIRCLE ( 'NONE', #1669, 20.00000000000000400 ) ;
#853 = DIRECTION ( 'NONE',  ( 1.000000000000000000, 0.0000000000000000000, -8.673617379884041600E-017 ) ) ;
#854 = CARTESIAN_POINT ( 'NONE',  ( 19.99999999999986900, 380.0000000000000000, -141.5685424949238300 ) ) ;
#855 = FACE_OUTER_BOUND ( 'NONE', #1701, .T. ) ;
#856 = B_SPLINE_CURVE_WITH_KNOTS ( 'NONE', 3,
 ( #959, #1983, #3062, #2255, #1224, #428, #3327, #3071, #2290, #167, #708, #2521, #2562, #966, #3340, #976, #937, #1247, #3082, #1774, #2308, #477, #193, #224, #1541 ),
 .UNSPECIFIED., .F., .F.,
 ( 4, 2, 2, 2, 2, 2, 2, 2, 2, 1, 2, 2, 4 ),
 ( 2.602085213965210600E-018, 0.002359424578509019500, 0.003539136867763524200, 0.004718849157018028600, 0.007078273735527037200, 0.008257986024781553700, 0.009437698314036069300, 0.01179712289254512500, 0.01297683518179963700, 0.01415654747105414600, 0.01533625976030865800, 0.01651597204956317000, 0.01887539662807219400 ),
 .UNSPECIFIED. ) ;
#857 = CARTESIAN_POINT ( 'NONE',  ( 52.57034034902134300, 417.9272976265779700, 93.88319132183478600 ) ) ;
#858 = CIRCLE ( 'NONE', #3032, 27.99999999999999600 ) ;
#859 = CARTESIAN_POINT ( 'NONE',  ( 47.63702348126211200, 398.0270778009216300, -131.4143394209869800 ) ) ;
#860 = EDGE_CURVE ( 'NONE', #1728, #1155, #447, .T. ) ;
#861 = CARTESIAN_POINT ( 'NONE',  ( -52.12471005538433400, 408.0511513376127900, 121.0275407019437400 ) ) ;
#862 = VERTEX_POINT ( 'NONE', #824 ) ;
#863 = CARTESIAN_POINT ( 'NONE',  ( -38.84322541360602800, 403.2968025531070600, -108.6738818462334300 ) ) ;
#864 = ORIENTED_EDGE ( 'NONE', *, *, #1602, .F. ) ;
#865 = DIRECTION ( 'NONE',  ( 1.000000000000000000, 0.0000000000000000000, 0.0000000000000000000 ) ) ;
#866 = EDGE_CURVE ( 'NONE', #2065, #490, #1471, .T. ) ;
#867 = CARTESIAN_POINT ( 'NONE',  ( 51.19439949535767200, 405.4865583972095400, -124.1446162046067200 ) ) ;
#868 = VERTEX_POINT ( 'NONE', #600 ) ;
#869 = ADVANCED_FACE ( 'NONE', ( #1099 ), #2513, .T. ) ;
#870 = CARTESIAN_POINT ( 'NONE',  ( 3.291457401944132900, 413.0366401744846000, 83.22654203826134300 ) ) ;
#871 = EDGE_LOOP ( 'NONE', ( #1772, #1274, #1038, #3301 ) ) ;
#872 = DIRECTION ( 'NONE',  ( -1.000000000000000000, 0.0000000000000000000, 0.0000000000000000000 ) ) ;
#873 = EDGE_LOOP ( 'NONE', ( #3049, #234, #276, #2101 ) ) ;
#874 = CARTESIAN_POINT ( 'NONE',  ( 43.71989931550535100, 392.2571511410894800, -135.6262259027647000 ) ) ;
#875 = CARTESIAN_POINT ( 'NONE',  ( 53.69447440944838900, 413.2199572424525500, -112.7890888516036500 ) ) ;
#876 = ORIENTED_EDGE ( 'NONE', *, *, #3184, .F. ) ;
#877 = DIRECTION ( 'NONE',  ( 1.000000000000000000, 0.0000000000000000000, -0.0000000000000000000 ) ) ;
#878 = CARTESIAN_POINT ( 'NONE',  ( -21.20777951064251700, 380.0000000000000000, -141.5685424949238600 ) ) ;
#879 = ORIENTED_EDGE ( 'NONE', *, *, #144, .T. ) ;
#880 = DIRECTION ( 'NONE',  ( 0.0000000000000000000, 1.000000000000000000, 0.0000000000000000000 ) ) ;
#881 = DIRECTION ( 'NONE',  ( 0.0000000000000000000, 0.0000000000000000000, 1.000000000000000000 ) ) ;
#882 = EDGE_CURVE ( 'NONE', #408, #578, #523, .T. ) ;
#883 = CARTESIAN_POINT ( 'NONE',  ( 26.86007426702249400, 391.1643151797495600, -137.2203850722255000 ) ) ;
#884 = CARTESIAN_POINT ( 'NONE',  ( 58.11625925767914000, 418.6182233781799500, -97.84548025063384100 ) ) ;
#885 = DIRECTION ( 'NONE',  ( -1.000000000000000000, -0.0000000000000000000, -0.0000000000000000000 ) ) ;
#886 = CARTESIAN_POINT ( 'NONE',  ( 14.99999999999999100, 396.0000000000000000, 121.0000000000000000 ) ) ;
#887 = CARTESIAN_POINT ( 'NONE',  ( 14.99999999999998600, 422.0000000000000600, 75.60612308660186900 ) ) ;
#888 = FACE_OUTER_BOUND ( 'NONE', #2479, .T. ) ;
#889 = DIRECTION ( 'NONE',  ( 0.0000000000000000000, 0.0000000000000000000, -1.000000000000000000 ) ) ;
#890 = AXIS2_PLACEMENT_3D ( 'NONE', #1672, #83, #2702 ) ;
#891 = DIRECTION ( 'NONE',  ( 0.0000000000000000000, 0.0000000000000000000, 1.000000000000000000 ) ) ;
#892 = CARTESIAN_POINT ( 'NONE',  ( 26.74912222448307000, 391.1606847895810100, -126.6544523506061800 ) ) ;
#893 = CARTESIAN_POINT ( 'NONE',  ( 35.14927730296790300, 396.5046468873267700, -133.1685586384311400 ) ) ;
#894 = CIRCLE ( 'NONE', #2748, 24.99999999999999300 ) ;
#895 = CARTESIAN_POINT ( 'NONE',  ( 58.49790480776619700, 418.8460222124771200, -96.75597215521050000 ) ) ;
#896 = CARTESIAN_POINT ( 'NONE',  ( -59.99999999999998600, 419.5016164111891000, -92.71735994079023200 ) ) ;
#897 = CYLINDRICAL_SURFACE ( 'NONE', #1833, 60.00000000000000700 ) ;
#898 = DIRECTION ( 'NONE',  ( 1.000000000000000000, 0.0000000000000000000, 0.0000000000000000000 ) ) ;
#899 = CARTESIAN_POINT ( 'NONE',  ( 51.47463866549743000, 406.2397053737628900, -123.2525234744359200 ) ) ;
#900 = CARTESIAN_POINT ( 'NONE',  ( 21.20777951064262400, 379.9999999999998300, 141.5685424949238000 ) ) ;
#901 = ORIENTED_EDGE ( 'NONE', *, *, #2244, .T. ) ;
#902 = DIRECTION ( 'NONE',  ( 1.000000000000000000, 0.0000000000000000000, -8.673617379884041600E-017 ) ) ;
#903 = CARTESIAN_POINT ( 'NONE',  ( 30.33100649785623300, 392.8303153680948900, -125.3585300626028100 ) ) ;
#904 = CARTESIAN_POINT ( 'NONE',  ( 38.93297909714424100, 401.6595000116583900, -128.4992268347845700 ) ) ;
#905 = ORIENTED_EDGE ( 'NONE', *, *, #1455, .F. ) ;
#906 = ORIENTED_EDGE ( 'NONE', *, *, #1713, .F. ) ;
#907 = PRODUCT ( 'UVX320_Peroxidetank_V5', 'UVX320_Peroxidetank_V5', '', ( #1202 ) ) ;
#908 = CARTESIAN_POINT ( 'NONE',  ( 39.69839699872479600, 405.4532712799269800, -107.2343874212812600 ) ) ;
#909 = DIRECTION ( 'NONE',  ( 0.0000000000000000000, 0.0000000000000000000, -1.000000000000000000 ) ) ;
#910 = CLOSED_SHELL ( 'NONE', ( #232, #3211, #2629, #1074, #79, #2410, #198, #2152, #2364, #1160, #538, #2858, #1558, #2132, #2984, #2667, #1090, #286, #2429, #1036, #1052, #1126, #2327, #1889, #3428, #2579, #2685, #2191, #1014, #304, #2168, #1371, #2612, #1301, #1423, #2116, #797, #812, #2395, #1782, #2482, #1576, #2376, #1289, #2962, #1874, #1521, #1106, #765, #831, #2061, #3190, #1926, #2838, #1911, #3156, #1648, #3367, #2911, #95, #463, #32, #2224, #2928, #611, #2721, #1852, #3230, #2648, #269, #869, #3249, #1800, #3121, #1630, #573, #2464, #629, #3105, #1612, #2597, #848, #3390, #1336, #249 ) ) ;
#911 = AXIS2_PLACEMENT_3D ( 'NONE', #436, #2294, #972 ) ;
#912 = CARTESIAN_POINT ( 'NONE',  ( 22.43913903100499500, 390.1462338536962900, 127.3351134151230800 ) ) ;
#913 = EDGE_LOOP ( 'NONE', ( #2971, #2806, #2367, #3173 ) ) ;
#914 = EDGE_CURVE ( 'NONE', #408, #441, #2430, .T. ) ;
#915 = CARTESIAN_POINT ( 'NONE',  ( -14.99999999999995400, 426.0000000000000600, -55.00000000000000000 ) ) ;
#916 = DIRECTION ( 'NONE',  ( -1.000000000000000000, 0.0000000000000000000, 0.0000000000000000000 ) ) ;
#917 = ORIENTED_EDGE ( 'NONE', *, *, #1978, .T. ) ;
#918 = CARTESIAN_POINT ( 'NONE',  ( 41.25688507209871100, 407.6867475718818800, -121.5661462070919900 ) ) ;
#919 = AXIS2_PLACEMENT_3D ( 'NONE', #1061, #338, #75 ) ;
#920 = B_SPLINE_CURVE_WITH_KNOTS ( 'NONE', 3,
 ( #2212, #86, #2487, #3295, #1942, #106, #1685, #380, #661, #640, #349, #2507, #1697, #1963, #371, #630, #650, #3015, #2727, #3002, #2238, #2762, #3250, #359, #2497, #3261, #96, #1448, #3282, #2225, #900, #926 ),
 .UNSPECIFIED., .F., .F.,
 ( 4, 2, 2, 2, 2, 2, 2, 2, 2, 2, 2, 2, 2, 2, 2, 4 ),
 ( 0.0000000000000000000, 0.007117809232663805900, 0.01423561846532761200, 0.01601507077349349100, 0.01779452308165936600, 0.02135342769799118000, 0.02847123693065487000, 0.03203014154698674600, 0.03558904616331862200, 0.03914795077965049800, 0.04092740308781641500, 0.04270685539598232500, 0.04982466462864571600, 0.05160411693681159200, 0.05338356924497746800, 0.05694247386130921900 ),
 .UNSPECIFIED. ) ;
#921 = VERTEX_POINT ( 'NONE', #2508 ) ;
#922 = CARTESIAN_POINT ( 'NONE',  ( 44.49477568826671400, 412.4825224838515400, -101.3784657198280600 ) ) ;
#923 = EDGE_CURVE ( 'NONE', #1775, #777, #2450, .T. ) ;
#924 = DIRECTION ( 'NONE',  ( -0.0000000000000000000, -1.000000000000000000, -0.0000000000000000000 ) ) ;
#925 = DIRECTION ( 'NONE',  ( -0.0000000000000000000, -1.000000000000000000, -0.0000000000000000000 ) ) ;
#926 = CARTESIAN_POINT ( 'NONE',  ( 19.99999999999986900, 380.0000000000000000, 141.5685424949237800 ) ) ;
#927 = DIRECTION ( 'NONE',  ( 1.000000000000000000, 0.0000000000000000000, -4.336808689942021700E-016 ) ) ;
#928 = EDGE_CURVE ( 'NONE', #530, #2065, #1396, .T. ) ;
#929 = CARTESIAN_POINT ( 'NONE',  ( 25.44260894162787100, 390.7425739958048900, -126.9461711273128800 ) ) ;
#930 = CARTESIAN_POINT ( 'NONE',  ( -61.53101562875966100, 420.0361253261475600, -86.93416685972330500 ) ) ;
#931 = VECTOR ( 'NONE', #2617, 1000.000000000000000 ) ;
#932 = CARTESIAN_POINT ( 'NONE',  ( 57.11469550494145900, 417.8904573481368600, -100.8052669169507700 ) ) ;
#933 = CARTESIAN_POINT ( 'NONE',  ( -52.97564447381161300, 411.0258726239205200, 116.5651757949713000 ) ) ;
#934 = AXIS2_PLACEMENT_3D ( 'NONE', #1920, #53, #105 ) ;
#935 = FACE_OUTER_BOUND ( 'NONE', #455, .T. ) ;
#936 = DIRECTION ( 'NONE',  ( 0.0000000000000000000, -1.000000000000000000, 0.0000000000000000000 ) ) ;
#937 = CARTESIAN_POINT ( 'NONE',  ( 13.40854706545951900, 389.9999999999999400, 111.1183417983783700 ) ) ;
#938 = CIRCLE ( 'NONE', #1622, 15.00000000000001400 ) ;
#939 = DIRECTION ( 'NONE',  ( 0.0000000000000000000, 0.0000000000000000000, -1.000000000000000000 ) ) ;
#940 = CARTESIAN_POINT ( 'NONE',  ( 34.38543814486120500, 396.0952640637925700, -121.9707175777397800 ) ) ;
#941 = VECTOR ( 'NONE', #2334, 1000.000000000000000 ) ;
#942 = TOROIDAL_SURFACE ( 'NONE', #1724, 24.99999999999999600, 3.000000000000000000 ) ;
#943 = DIRECTION ( 'NONE',  ( 1.734723475976807300E-015, 0.0000000000000000000, 1.000000000000000000 ) ) ;
#944 = CARTESIAN_POINT ( 'NONE',  ( 7.999999999999972500, 390.0000000000000600, -34.99999999999998600 ) ) ;
#945 =( LENGTH_UNIT ( ) NAMED_UNIT ( * ) SI_UNIT ( .MILLI., .METRE. ) );
#946 = EDGE_LOOP ( 'NONE', ( #2437, #2650, #2113, #2279 ) ) ;
#947 = ORIENTED_EDGE ( 'NONE', *, *, #383, .T. ) ;
#948 = CARTESIAN_POINT ( 'NONE',  ( 60.00000000000001400, 60.00000000000000700, 84.99999999999997200 ) ) ;
#949 = EDGE_CURVE ( 'NONE', #3023, #149, #569, .T. ) ;
#950 = CARTESIAN_POINT ( 'NONE',  ( -12.56664823657970600, 390.0000000000001100, 109.7976607993231700 ) ) ;
#951 = ORIENTED_EDGE ( 'NONE', *, *, #3284, .T. ) ;
#952 = ORIENTED_EDGE ( 'NONE', *, *, #2493, .T. ) ;
#953 = CARTESIAN_POINT ( 'NONE',  ( -56.10917739335145900, 416.9383582961298800, 103.9512180612402700 ) ) ;
#954 = CARTESIAN_POINT ( 'NONE',  ( 37.92635529072401800, 401.1295401916922300, -113.9240375044846600 ) ) ;
#955 = EDGE_CURVE ( 'NONE', #742, #956, #2671, .T. ) ;
#956 = VERTEX_POINT ( 'NONE', #720 ) ;
#957 = CARTESIAN_POINT ( 'NONE',  ( -55.23626458377676600, 415.9249232535640900, 106.8379542930830300 ) ) ;
#958 = ORIENTED_EDGE ( 'NONE', *, *, #1744, .T. ) ;
#959 = CARTESIAN_POINT ( 'NONE',  ( 2.999999999999988900, 390.0000000000000600, 105.0000000000000100 ) ) ;
#960 = EDGE_LOOP ( 'NONE', ( #3168, #1206, #361, #2399, #2676 ) ) ;
#961 = CARTESIAN_POINT ( 'NONE',  ( -12.39044526963083800, 413.6385800285420400, 80.41982601246456900 ) ) ;
#962 = CARTESIAN_POINT ( 'NONE',  ( -56.40411422907929100, 419.1888221542433800, -90.78801995559265900 ) ) ;
#963 = DIRECTION ( 'NONE',  ( -1.000000000000000000, 0.0000000000000000000, 4.625929269271485900E-016 ) ) ;
#964 = DIRECTION ( 'NONE',  ( 0.0000000000000000000, 1.000000000000000000, 0.0000000000000000000 ) ) ;
#965 = CIRCLE ( 'NONE', #741, 60.00000000000000000 ) ;
#966 = CARTESIAN_POINT ( 'NONE',  ( 12.05730862482823100, 390.0000000000000000, 109.1636579017977200 ) ) ;
#967 = CARTESIAN_POINT ( 'NONE',  ( -30.98309758463024700, 382.3505575883509100, 140.6822528121108700 ) ) ;
#968 = LINE ( 'NONE', #1380, #2177 ) ;
#969 = CARTESIAN_POINT ( 'NONE',  ( -59.59607427890106400, 419.3686301064557300, 93.74269764084655800 ) ) ;
#970 = CARTESIAN_POINT ( 'NONE',  ( -37.66171860022722500, 400.6060742704003100, -114.9932876000872700 ) ) ;
#971 = VECTOR ( 'NONE', #2944, 1000.000000000000000 ) ;
#972 = DIRECTION ( 'NONE',  ( 0.0000000000000000000, 0.0000000000000000000, 1.000000000000000000 ) ) ;
#973 = CARTESIAN_POINT ( 'NONE',  ( -52.64887624852492100, 417.9595830314296400, 93.81697911640610200 ) ) ;
#974 = VECTOR ( 'NONE', #983, 1000.000000000000000 ) ;
#975 = CARTESIAN_POINT ( 'NONE',  ( 7.999999999999976000, 426.0000000000000600, -48.00000000000000700 ) ) ;
#976 = CARTESIAN_POINT ( 'NONE',  ( 13.20670290140818000, 390.0000000000000000, 110.7751793105309300 ) ) ;
#977 = AXIS2_PLACEMENT_3D ( 'NONE', #220, #2611, #3141 ) ;
#978 = DIRECTION ( 'NONE',  ( 0.0000000000000000000, -1.000000000000000000, 0.0000000000000000000 ) ) ;
#979 = CARTESIAN_POINT ( 'NONE',  ( -15.00000000000009200, 422.0000000000004000, 83.28494559373365300 ) ) ;
#980 = CARTESIAN_POINT ( 'NONE',  ( -41.97791330326818800, 412.1086615165609700, -114.8148212753790900 ) ) ;
#981 = VERTEX_POINT ( 'NONE', #695 ) ;
#982 = EDGE_CURVE ( 'NONE', #2684, #3210, #2627, .T. ) ;
#983 = DIRECTION ( 'NONE',  ( 1.000000000000000000, 0.0000000000000000000, 6.938893903907228400E-016 ) ) ;
#984 = ORIENTED_EDGE ( 'NONE', *, *, #3358, .F. ) ;
#985 = CARTESIAN_POINT ( 'NONE',  ( -56.14449612233979500, 416.9761767704167700, 103.8371601570454000 ) ) ;
#986 = EDGE_LOOP ( 'NONE', ( #160, #2481, #1817, #483 ) ) ;
#987 = DIRECTION ( 'NONE',  ( 0.0000000000000000000, 0.0000000000000000000, -1.000000000000000000 ) ) ;
#988 = CARTESIAN_POINT ( 'NONE',  ( 19.99999999999986900, 390.0000000000000000, -100.0000000000000000 ) ) ;
#989 = ORIENTED_EDGE ( 'NONE', *, *, #1429, .T. ) ;
#990 = ORIENTED_EDGE ( 'NONE', *, *, #2586, .F. ) ;
#991 = CARTESIAN_POINT ( 'NONE',  ( -38.99350510683416400, 401.6790277105470200, -128.5090970343698300 ) ) ;
#992 = AXIS2_PLACEMENT_3D ( 'NONE', #1696, #2265, #3281 ) ;
#993 = VERTEX_POINT ( 'NONE', #2029 ) ;
#994 = CARTESIAN_POINT ( 'NONE',  ( 54.47671147130709100, 418.6500493595548800, -92.29959749754442600 ) ) ;
#995 = CARTESIAN_POINT ( 'NONE',  ( -48.74556041490254900, 416.7579673532118200, 104.6977488914219200 ) ) ;
#996 = ORIENTED_EDGE ( 'NONE', *, *, #677, .F. ) ;
#997 = DIRECTION ( 'NONE',  ( -1.000000000000000000, 0.0000000000000000000, 0.0000000000000000000 ) ) ;
#998 = DIRECTION ( 'NONE',  ( 0.0000000000000000000, 0.0000000000000000000, -1.000000000000000000 ) ) ;
#999 = CARTESIAN_POINT ( 'NONE',  ( 2.999999999999987100, 422.0000000000000600, 93.49466690660015900 ) ) ;
#1000 = DIRECTION ( 'NONE',  ( -1.000000000000000000, 0.0000000000000000000, 0.0000000000000000000 ) ) ;
#1001 = EDGE_CURVE ( 'NONE', #3298, #673, #856, .T. ) ;
#1002 = DIRECTION ( 'NONE',  ( 0.0000000000000000000, 0.0000000000000000000, 1.000000000000000000 ) ) ;
#1003 = DIRECTION ( 'NONE',  ( 0.0000000000000000000, 0.0000000000000000000, -1.000000000000000000 ) ) ;
#1004 = DIRECTION ( 'NONE',  ( -1.000000000000000000, 0.0000000000000000000, 9.570888143320318100E-017 ) ) ;
#1005 = CARTESIAN_POINT ( 'NONE',  ( -3.542441931306274900, 413.6940427246297000, 80.02029912001130200 ) ) ;
#1006 = CARTESIAN_POINT ( 'NONE',  ( 37.00954950673384000, 399.4774128344195700, 117.0559218518345700 ) ) ;
#1007 = DIRECTION ( 'NONE',  ( 1.000000000000000000, 0.0000000000000000000, -8.673617379884041600E-017 ) ) ;
#1008 = CIRCLE ( 'NONE', #416, 6.999999999999999100 ) ;
#1009 = CARTESIAN_POINT ( 'NONE',  ( -45.42632330035048900, 414.8170303654864000, -109.5405189130665900 ) ) ;
#1010 = CARTESIAN_POINT ( 'NONE',  ( -3.798127781378527700, 390.0000000000000600, 105.0000000000000400 ) ) ;
#1011 = CARTESIAN_POINT ( 'NONE',  ( 19.99999999999986900, 375.0000000000000000, 127.4264068711928400 ) ) ;
#1012 = CIRCLE ( 'NONE', #911, 60.00000000000000000 ) ;
#1013 = VECTOR ( 'NONE', #1267, 1000.000000000000000 ) ;
#1014 = ADVANCED_FACE ( 'NONE', ( #2587 ), #2349, .T. ) ;
#1015 = LINE ( 'NONE', #204, #395 ) ;
#1016 = CARTESIAN_POINT ( 'NONE',  ( -38.56198221824085000, 401.0010597882536600, 129.1491569423912400 ) ) ;
#1017 = CARTESIAN_POINT ( 'NONE',  ( 40.32423287649196200, 404.6965748278518600, 125.2520336802469800 ) ) ;
#1018 = DIRECTION ( 'NONE',  ( 0.0000000000000000000, -1.000000000000000000, 0.0000000000000000000 ) ) ;
#1019 = CARTESIAN_POINT ( 'NONE',  ( -59.60364377429080200, 419.3711222448555400, -93.72348300472045000 ) ) ;
#1020 = ORIENTED_EDGE ( 'NONE', *, *, #294, .T. ) ;
#1021 = CARTESIAN_POINT ( 'NONE',  ( 3.429011037612588900E-015, 412.0000000000000600, -72.00000000000001400 ) ) ;
#1022 = ORIENTED_EDGE ( 'NONE', *, *, #2965, .T. ) ;
#1023 = CARTESIAN_POINT ( 'NONE',  ( -51.65665541923466000, 417.5151921684513900, 94.66679160390928900 ) ) ;
#1024 = CARTESIAN_POINT ( 'NONE',  ( -36.61566907355167200, 385.5884759570543000, -139.2710474164786900 ) ) ;
#1025 = EDGE_CURVE ( 'NONE', #1659, #1526, #2760, .T. ) ;
#1026 = ORIENTED_EDGE ( 'NONE', *, *, #2195, .F. ) ;
#1027 = ORIENTED_EDGE ( 'NONE', *, *, #340, .T. ) ;
#1028 = DIRECTION ( 'NONE',  ( 0.0000000000000000000, -0.8504312103986059200, 0.5260862632496331500 ) ) ;
#1029 = ORIENTED_EDGE ( 'NONE', *, *, #1652, .T. ) ;
#1030 = CARTESIAN_POINT ( 'NONE',  ( -24.09260301504751900, 380.2411450408819700, 141.4849367607374400 ) ) ;
#1031 = DIRECTION ( 'NONE',  ( 0.0000000000000000000, -1.000000000000000000, 0.0000000000000000000 ) ) ;
#1032 = DIRECTION ( 'NONE',  ( 1.224646799147352000E-016, 0.0000000000000000000, -1.000000000000000000 ) ) ;
#1033 = ORIENTED_EDGE ( 'NONE', *, *, #3392, .T. ) ;
#1034 = CARTESIAN_POINT ( 'NONE',  ( -59.99999999999997900, 0.0000000000000000000, 5.742532885992188300E-015 ) ) ;
#1035 = CARTESIAN_POINT ( 'NONE',  ( -55.40334751908674300, 418.9417069179935400, 91.55013322279873500 ) ) ;
#1036 = ADVANCED_FACE ( 'NONE', ( #855 ), #1644, .T. ) ;
#1037 = CARTESIAN_POINT ( 'NONE',  ( -28.88094685384934500, 391.9963988070550700, -136.6276603870843500 ) ) ;
#1038 = ORIENTED_EDGE ( 'NONE', *, *, #509, .F. ) ;
#1039 = AXIS2_PLACEMENT_3D ( 'NONE', #2495, #679, #3346 ) ;
#1040 = CARTESIAN_POINT ( 'NONE',  ( -33.64500179271896500, 395.3677623682421000, -122.8230462936689400 ) ) ;
#1041 = CARTESIAN_POINT ( 'NONE',  ( -35.79258484648023100, 397.7258904860843200, 119.8107545657895700 ) ) ;
#1042 = CARTESIAN_POINT ( 'NONE',  ( 44.06186733170082400, 392.7715801854753300, 135.2622456052961300 ) ) ;
#1043 = CARTESIAN_POINT ( 'NONE',  ( -15.00000000000004800, 390.0000000000000600, -54.99999999999999300 ) ) ;
#1044 = DIRECTION ( 'NONE',  ( 1.734723475976806900E-015, -0.0000000000000000000, 1.000000000000000000 ) ) ;
#1045 = FACE_OUTER_BOUND ( 'NONE', #3375, .T. ) ;
#1046 = CARTESIAN_POINT ( 'NONE',  ( -30.49237919301850000, 392.8566918073264000, -136.0014336610214800 ) ) ;
#1047 = DIRECTION ( 'NONE',  ( 0.0000000000000000000, -0.0000000000000000000, 1.000000000000000000 ) ) ;
#1048 = FACE_OUTER_BOUND ( 'NONE', #1118, .T. ) ;
#1049 = CARTESIAN_POINT ( 'NONE',  ( -38.84322541360602800, 403.2968025531070600, -108.6738818462334300 ) ) ;
#1050 = CARTESIAN_POINT ( 'NONE',  ( 14.99999999999995000, 390.0000000000000600, -48.00000000000000700 ) ) ;
#1051 = VECTOR ( 'NONE', #1000, 1000.000000000000000 ) ;
#1052 = ADVANCED_FACE ( 'NONE', ( #3042 ), #1890, .T. ) ;
#1053 = CARTESIAN_POINT ( 'NONE',  ( -38.27827866659848900, 386.8474315068772900, 138.6632861633105200 ) ) ;
#1054 = CARTESIAN_POINT ( 'NONE',  ( 36.61566907355532400, 385.5884759570673200, 139.2710474164725800 ) ) ;
#1055 = CARTESIAN_POINT ( 'NONE',  ( -34.60287674359877700, 384.2496200265600800, -139.8823653801419500 ) ) ;
#1056 = FACE_OUTER_BOUND ( 'NONE', #960, .T. ) ;
#1057 = CARTESIAN_POINT ( 'NONE',  ( -14.55740225768390900, 420.9156853819533200, -39.53998686304638000 ) ) ;
#1058 = CARTESIAN_POINT ( 'NONE',  ( -40.37443301666085900, 406.7619780474171900, 106.2744518702886400 ) ) ;
#1059 = DIRECTION ( 'NONE',  ( 0.0000000000000000000, 0.0000000000000000000, 1.000000000000000000 ) ) ;
#1060 = CIRCLE ( 'NONE', #2175, 15.00000000000000200 ) ;
#1061 = CARTESIAN_POINT ( 'NONE',  ( 60.00000000000152800, 404.6262123083922700, 90.78801995558954700 ) ) ;
#1062 = ORIENTED_EDGE ( 'NONE', *, *, #2683, .F. ) ;
#1063 = CARTESIAN_POINT ( 'NONE',  ( 21.17840115998452800, 390.0000000000000000, -127.4264068710784300 ) ) ;
#1064 = CARTESIAN_POINT ( 'NONE',  ( 45.42632330034201300, 414.8170303655108500, 109.5405189130838400 ) ) ;
#1065 = CARTESIAN_POINT ( 'NONE',  ( -31.84338950994309400, 393.8813419769692800, 124.3726631521033100 ) ) ;
#1066 = ORIENTED_EDGE ( 'NONE', *, *, #9, .T. ) ;
#1067 = CARTESIAN_POINT ( 'NONE',  ( 30.49237919301434400, 392.8566918073555000, 136.0014336610067000 ) ) ;
#1068 = EDGE_CURVE ( 'NONE', #582, #2815, #62, .T. ) ;
#1069 = ORIENTED_EDGE ( 'NONE', *, *, #3064, .T. ) ;
#1070 = DIRECTION ( 'NONE',  ( 1.000000000000000000, 0.0000000000000000000, -1.734723475976807100E-015 ) ) ;
#1071 = AXIS2_PLACEMENT_3D ( 'NONE', #1107, #2958, #3212 ) ;
#1072 = CARTESIAN_POINT ( 'NONE',  ( 14.87377553873066200, 421.6590391495607800, -40.67059763136392500 ) ) ;
#1073 = EDGE_LOOP ( 'NONE', ( #2199, #2306, #443, #2441 ) ) ;
#1074 = ADVANCED_FACE ( 'NONE', ( #1056 ), #2263, .T. ) ;
#1075 = CARTESIAN_POINT ( 'NONE',  ( -21.17818501058900100, 390.0000000000000000, -127.4264068710498100 ) ) ;
#1076 = ORIENTED_EDGE ( 'NONE', *, *, #1958, .F. ) ;
#1077 = DIRECTION ( 'NONE',  ( 0.0000000000000000000, 0.9047619047619046600, 0.4259177099999600400 ) ) ;
#1078 = VERTEX_POINT ( 'NONE', #988 ) ;
#1079 = CARTESIAN_POINT ( 'NONE',  ( -63.42261286342400000, 419.9062590600135000, -86.28823059926614300 ) ) ;
#1080 = CARTESIAN_POINT ( 'NONE',  ( 24.10971279483844400, 380.2416780684996500, 141.4848399931482600 ) ) ;
#1081 = AXIS2_PLACEMENT_3D ( 'NONE', #2606, #1553, #3101 ) ;
#1082 = VERTEX_POINT ( 'NONE', #1295 ) ;
#1083 = PLANE ( 'NONE',  #41 ) ;
#1084 = DIRECTION ( 'NONE',  ( -0.0000000000000000000, -1.000000000000000000, -0.0000000000000000000 ) ) ;
#1085 = ADVANCED_BREP_SHAPE_REPRESENTATION ( 'UVX320_Peroxidetank_V5', ( #1936, #1119 ), #828 ) ;
#1086 = AXIS2_PLACEMENT_3D ( 'NONE', #473, #2388, #2421 ) ;
#1087 = DIRECTION ( 'NONE',  ( -1.000000000000000000, 0.0000000000000000000, -0.0000000000000000000 ) ) ;
#1088 = SHAPE_DEFINITION_REPRESENTATION ( #2173, #1085 ) ;
#1089 = DIRECTION ( 'NONE',  ( 1.000000000000000000, -0.0000000000000000000, 0.0000000000000000000 ) ) ;
#1090 = ADVANCED_FACE ( 'NONE', ( #146 ), #391, .T. ) ;
#1091 = CARTESIAN_POINT ( 'NONE',  ( 49.88399246521569100, 416.5839222759025800, -96.22749231569343900 ) ) ;
#1092 = CARTESIAN_POINT ( 'NONE',  ( 31.74641345710058700, 393.6476016902558400, 135.4134501411915600 ) ) ;
#1093 = FACE_OUTER_BOUND ( 'NONE', #3205, .T. ) ;
#1094 = CARTESIAN_POINT ( 'NONE',  ( -15.00000000000001100, 422.0000000000000600, 93.49466690660011600 ) ) ;
#1095 = LINE ( 'NONE', #2171, #98 ) ;
#1096 = CARTESIAN_POINT ( 'NONE',  ( 3.678785298640393300, 413.9849706011273700, 76.70407834423836800 ) ) ;
#1097 = LINE ( 'NONE', #461, #2048 ) ;
#1098 = CARTESIAN_POINT ( 'NONE',  ( 0.0000000000000000000, 398.0000000000000000, -100.0000000000000000 ) ) ;
#1099 = FACE_OUTER_BOUND ( 'NONE', #2274, .T. ) ;
#1100 = CARTESIAN_POINT ( 'NONE',  ( -37.92635529073083900, 401.1295401917062700, 113.9240375044878700 ) ) ;
#1101 = CARTESIAN_POINT ( 'NONE',  ( -19.99999999999974400, 380.0000000000000000, -141.5685424949238300 ) ) ;
#1102 = FACE_BOUND ( 'NONE', #1319, .T. ) ;
#1103 = EDGE_CURVE ( 'NONE', #282, #3170, #3154, .T. ) ;
#1104 = DIRECTION ( 'NONE',  ( 0.0000000000000000000, -1.000000000000000000, 0.0000000000000000000 ) ) ;
#1105 = CARTESIAN_POINT ( 'NONE',  ( 14.47762612442149800, 420.7478742096129200, -39.33793113104835700 ) ) ;
#1106 = ADVANCED_FACE ( 'NONE', ( #772 ), #2297, .T. ) ;
#1107 = CARTESIAN_POINT ( 'NONE',  ( 52.97564447381056900, 398.2694044679373600, 108.6738818462334000 ) ) ;
#1108 = B_SPLINE_CURVE_WITH_KNOTS ( 'NONE', 3,
 ( #2921, #840, #301, #19, #3149, #2163, #795, #268, #3424, #1883, #3195, #1591, #1331, #580, #1057, #553, #545, #3174, #1618, #2665, #2124, #40, #2393, #2406 ),
 .UNSPECIFIED., .F., .F.,
 ( 4, 2, 2, 2, 2, 2, 2, 2, 2, 2, 2, 4 ),
 ( 0.0000000000000000000, 0.001653200089793120300, 0.003306400179586240500, 0.004959600269379361500, 0.006612800359172481100, 0.008266000448965601600, 0.009919200538758722900, 0.01074580058365522100, 0.01157240062855172100, 0.01239900067344822300, 0.01281230069589643600, 0.01322560071834465200 ),
 .UNSPECIFIED. ) ;
#1109 = ORIENTED_EDGE ( 'NONE', *, *, #70, .F. ) ;
#1110 = VERTEX_POINT ( 'NONE', #1115 ) ;
#1111 = AXIS2_PLACEMENT_3D ( 'NONE', #559, #845, #799 ) ;
#1112 = CARTESIAN_POINT ( 'NONE',  ( 120.0000000000000000, 360.0000000000000600, -85.00000000000001400 ) ) ;
#1113 = ORIENTED_EDGE ( 'NONE', *, *, #221, .F. ) ;
#1114 = ORIENTED_EDGE ( 'NONE', *, *, #1180, .F. ) ;
#1115 = CARTESIAN_POINT ( 'NONE',  ( -59.99999999999997200, 60.00000000000000000, 144.9999999999999700 ) ) ;
#1116 = EDGE_CURVE ( 'NONE', #2641, #2925, #219, .T. ) ;
#1117 = CARTESIAN_POINT ( 'NONE',  ( -24.77490116831353400, 380.4295135749375200, -141.4149954680658800 ) ) ;
#1118 = EDGE_LOOP ( 'NONE', ( #2986, #2144, #368, #1695 ) ) ;
#1119 = AXIS2_PLACEMENT_3D ( 'NONE', #1952, #1476, #392 ) ;
#1120 = CARTESIAN_POINT ( 'NONE',  ( 52.23664326060530500, 408.4215684502142900, -120.5079614971039100 ) ) ;
#1121 = CARTESIAN_POINT ( 'NONE',  ( 3.686291501023205400, 414.0000000000000000, 76.15459688762429400 ) ) ;
#1122 = EDGE_LOOP ( 'NONE', ( #1238, #1317, #879, #2560 ) ) ;
#1123 = DIRECTION ( 'NONE',  ( 0.0000000000000000000, 0.0000000000000000000, -1.000000000000000000 ) ) ;
#1124 = EDGE_CURVE ( 'NONE', #1078, #2933, #309, .T. ) ;
#1125 = CARTESIAN_POINT ( 'NONE',  ( 28.97322691892374300, 392.0902133281134600, -125.9644077079457800 ) ) ;
#1126 = ADVANCED_FACE ( 'NONE', ( #3325 ), #1760, .T. ) ;
#1127 = CARTESIAN_POINT ( 'NONE',  ( -37.54550865977862600, 400.3978810652332600, 115.3847610413287600 ) ) ;
#1128 = CARTESIAN_POINT ( 'NONE',  ( -46.56243363743303800, 414.2899401578525300, -99.32470064345871200 ) ) ;
#1129 = CARTESIAN_POINT ( 'NONE',  ( -61.35815753331593900, 419.7810734273740000, 90.14854788350270100 ) ) ;
#1130 = AXIS2_PLACEMENT_3D ( 'NONE', #1011, #519, #1584 ) ;
#1131 = CARTESIAN_POINT ( 'NONE',  ( 40.82755407124519600, 389.1560798930925700, -137.4415766116675300 ) ) ;
#1132 = CARTESIAN_POINT ( 'NONE',  ( 3.000000001128006100, 411.6161263352318000, 87.37830540508480200 ) ) ;
#1133 = CYLINDRICAL_SURFACE ( 'NONE', #2158, 30.00000000000000000 ) ;
#1134 = DIRECTION ( 'NONE',  ( 0.0000000000000000000, 0.0000000000000000000, -1.000000000000000000 ) ) ;
#1135 = CARTESIAN_POINT ( 'NONE',  ( 31.03139463499739000, 382.3578912158157000, -140.6810168795731800 ) ) ;
#1136 = LINE ( 'NONE', #245, #1468 ) ;
#1137 = CARTESIAN_POINT ( 'NONE',  ( 62.73424474586682500, 419.9535184847550200, 87.57908167155955000 ) ) ;
#1138 = LINE ( 'NONE', #658, #807 ) ;
#1139 = CARTESIAN_POINT ( 'NONE',  ( -59.99999999999997200, 0.0000000000000000000, 84.99999999999997200 ) ) ;
#1140 = CARTESIAN_POINT ( 'NONE',  ( -15.00000000000002300, 422.0000000000000600, -47.99999999999998600 ) ) ;
#1141 = FACE_OUTER_BOUND ( 'NONE', #3051, .T. ) ;
#1142 = DIRECTION ( 'NONE',  ( 0.0000000000000000000, 1.000000000000000000, 0.0000000000000000000 ) ) ;
#1143 = LINE ( 'NONE', #2777, #2877 ) ;
#1144 = CARTESIAN_POINT ( 'NONE',  ( 39.11281548850232800, 387.5504095369648800, -138.3075413854694800 ) ) ;
#1145 = CARTESIAN_POINT ( 'NONE',  ( 58.47462516156455300, 418.8331452815335800, -96.82150831130884700 ) ) ;
#1146 = ORIENTED_EDGE ( 'NONE', *, *, #2529, .F. ) ;
#1147 = CARTESIAN_POINT ( 'NONE',  ( 56.40411422908338300, 419.1888221542443500, 90.78801995558947600 ) ) ;
#1148 = CARTESIAN_POINT ( 'NONE',  ( -24.18432639209516200, 380.3278746099575200, -141.4516166737180100 ) ) ;
#1149 = VERTEX_POINT ( 'NONE', #837 ) ;
#1150 = AXIS2_PLACEMENT_3D ( 'NONE', #2073, #3111, #2322 ) ;
#1151 = CARTESIAN_POINT ( 'NONE',  ( 33.09541729012271800, 383.3833930291021400, -140.2567879244487600 ) ) ;
#1152 = VERTEX_POINT ( 'NONE', #2964 ) ;
#1153 = DIRECTION ( 'NONE',  ( 0.0000000000000000000, 1.000000000000000000, 0.0000000000000000000 ) ) ;
#1154 = ORIENTED_EDGE ( 'NONE', *, *, #2621, .F. ) ;
#1155 = VERTEX_POINT ( 'NONE', #1637 ) ;
#1156 = CARTESIAN_POINT ( 'NONE',  ( -15.00000000000007600, 422.0000000000002800, 77.14326044729692500 ) ) ;
#1157 = CARTESIAN_POINT ( 'NONE',  ( 40.72593164234270800, 389.0564646129486200, -137.4968842027159000 ) ) ;
#1158 = AXIS2_PLACEMENT_3D ( 'NONE', #1322, #766, #1028 ) ;
#1159 = DIRECTION ( 'NONE',  ( 1.000000000000000000, 7.523163845262626000E-031, -4.336808689942013300E-016 ) ) ;
#1160 = ADVANCED_FACE ( 'NONE', ( #2184 ), #2689, .F. ) ;
#1161 = ORIENTED_EDGE ( 'NONE', *, *, #949, .T. ) ;
#1162 = CARTESIAN_POINT ( 'NONE',  ( 46.76535453505268000, 414.4536228277140700, -99.12787011778014800 ) ) ;
#1163 = EDGE_CURVE ( 'NONE', #3170, #185, #2469, .T. ) ;
#1164 = DIRECTION ( 'NONE',  ( -1.000000000000000000, 0.0000000000000000000, 0.0000000000000000000 ) ) ;
#1165 = ORIENTED_EDGE ( 'NONE', *, *, #3207, .F. ) ;
#1166 =( NAMED_UNIT ( * ) SI_UNIT ( $, .STERADIAN. ) SOLID_ANGLE_UNIT ( ) );
#1167 = CARTESIAN_POINT ( 'NONE',  ( 3.245314017740486600E-015, 415.0000000000000600, -75.00000000000001400 ) ) ;
#1168 = CARTESIAN_POINT ( 'NONE',  ( -15.00000000000002300, 422.0000000000000600, -47.99999999999998600 ) ) ;
#1169 = ORIENTED_EDGE ( 'NONE', *, *, #2067, .T. ) ;
#1170 = PLANE ( 'NONE',  #1844 ) ;
#1171 = EDGE_CURVE ( 'NONE', #3337, #1324, #734, .T. ) ;
#1172 = CARTESIAN_POINT ( 'NONE',  ( 32.55577235812020100, 394.4296780450317800, -123.8263956914667900 ) ) ;
#1173 = CARTESIAN_POINT ( 'NONE',  ( 38.56198221824664100, 401.0010597882512100, -129.1491569423865300 ) ) ;
#1174 = CARTESIAN_POINT ( 'NONE',  ( 41.28655996472416900, 408.3515441323040700, -105.0566368176081100 ) ) ;
#1175 = AXIS2_PLACEMENT_3D ( 'NONE', #1379, #880, #1389 ) ;
#1176 = APPLICATION_PROTOCOL_DEFINITION ( 'draft international standard', 'automotive_design', 1998, #2504 ) ;
#1177 = CARTESIAN_POINT ( 'NONE',  ( 36.47869178554940100, 398.6589099957525400, 118.4135115235587500 ) ) ;
#1178 = FACE_OUTER_BOUND ( 'NONE', #873, .T. ) ;
#1179 = CARTESIAN_POINT ( 'NONE',  ( 7.999999999999976000, 420.0000000000000600, -48.00000000000000700 ) ) ;
#1180 = EDGE_CURVE ( 'NONE', #3029, #2925, #1843, .T. ) ;
#1181 = AXIS2_PLACEMENT_3D ( 'NONE', #3253, #1916, #308 ) ;
#1182 = LINE ( 'NONE', #2374, #1929 ) ;
#1183 = CARTESIAN_POINT ( 'NONE',  ( 38.67929623126221400, 402.8359844794571200, -109.9774981429643400 ) ) ;
#1184 = CARTESIAN_POINT ( 'NONE',  ( 50.15619015535561700, 402.9587277484225800, -126.9066279625592000 ) ) ;
#1185 = LINE ( 'NONE', #588, #565 ) ;
#1186 = AXIS2_PLACEMENT_3D ( 'NONE', #1467, #730, #1996 ) ;
#1187 = CARTESIAN_POINT ( 'NONE',  ( 55.23626458376377000, 415.9249232535499300, -106.8379542931228800 ) ) ;
#1188 = FACE_OUTER_BOUND ( 'NONE', #1369, .T. ) ;
#1189 = CARTESIAN_POINT ( 'NONE',  ( 26.79143563332704400, 391.1414222752158000, 126.6787564855124100 ) ) ;
#1190 = DIRECTION ( 'NONE',  ( -1.000000000000000000, 0.0000000000000000000, 0.0000000000000000000 ) ) ;
#1191 = EDGE_CURVE ( 'NONE', #584, #2247, #226, .T. ) ;
#1192 = ORIENTED_EDGE ( 'NONE', *, *, #914, .T. ) ;
#1193 = DIRECTION ( 'NONE',  ( 9.570888143320316900E-017, -0.0000000000000000000, 1.000000000000000000 ) ) ;
#1194 = CARTESIAN_POINT ( 'NONE',  ( 41.33704567828674200, 408.0195744838634400, -121.1193435285778300 ) ) ;
#1195 = ORIENTED_EDGE ( 'NONE', *, *, #1738, .T. ) ;
#1196 = EDGE_CURVE ( 'NONE', #1152, #149, #26, .T. ) ;
#1197 = ORIENTED_EDGE ( 'NONE', *, *, #2172, .T. ) ;
#1198 = CARTESIAN_POINT ( 'NONE',  ( 0.0000000000000000000, 415.0000000000000600, -100.0000000000000000 ) ) ;
#1199 = CARTESIAN_POINT ( 'NONE',  ( 56.40411422907967400, 419.1888221542434400, -90.78801995559229000 ) ) ;
#1200 = ORIENTED_EDGE ( 'NONE', *, *, #70, .T. ) ;
#1201 = EDGE_LOOP ( 'NONE', ( #2730, #1665, #2232, #2448, #1825, #1069, #2887, #820 ) ) ;
#1202 = PRODUCT_CONTEXT ( 'NONE', #682, 'mechanical' ) ;
#1203 = AXIS2_PLACEMENT_3D ( 'NONE', #2798, #2828, #1220 ) ;
#1204 = CARTESIAN_POINT ( 'NONE',  ( 19.99999999999986900, 390.0000000000000000, 127.4264068711928400 ) ) ;
#1205 = CARTESIAN_POINT ( 'NONE',  ( -35.38502243519339900, 397.2115487774815400, 120.5356664725224600 ) ) ;
#1206 = ORIENTED_EDGE ( 'NONE', *, *, #2711, .T. ) ;
#1207 = CARTESIAN_POINT ( 'NONE',  ( 2.449293598294707700E-015, 390.0000000000000000, -80.00000000000000000 ) ) ;
#1208 = CARTESIAN_POINT ( 'NONE',  ( -15.00000000000001600, 422.0000000000000600, 75.60612308660186900 ) ) ;
#1209 = VERTEX_POINT ( 'NONE', #591 ) ;
#1210 = DIRECTION ( 'NONE',  ( -1.000000000000000000, 0.0000000000000000000, 8.673617379884041600E-017 ) ) ;
#1211 = AXIS2_PLACEMENT_3D ( 'NONE', #88, #2257, #891 ) ;
#1212 = ORIENTED_EDGE ( 'NONE', *, *, #882, .F. ) ;
#1213 = EDGE_CURVE ( 'NONE', #1324, #1900, #754, .T. ) ;
#1214 = CARTESIAN_POINT ( 'NONE',  ( 3.061616997868382600E-015, 412.0000000000000600, -75.00000000000001400 ) ) ;
#1215 = CARTESIAN_POINT ( 'NONE',  ( -59.99999999999997200, 60.00000000000000000, 84.99999999999997200 ) ) ;
#1216 = CARTESIAN_POINT ( 'NONE',  ( -24.78095674573759400, 390.5677969241783100, 127.0627193827143500 ) ) ;
#1217 = CARTESIAN_POINT ( 'NONE',  ( -15.00000000000001200, 422.0000000000000600, 92.08716633544909800 ) ) ;
#1218 = B_SPLINE_CURVE_WITH_KNOTS ( 'NONE', 3,
 ( #1204, #378, #141, #912, #119, #2236, #1993, #2803, #1189, #3035, #2761, #3053, #1458, #2774, #1742, #1718, #370, #130, #1982, #2539, #1177, #393, #417, #2253, #675, #3061, #2783, #3269 ),
 .UNSPECIFIED., .F., .F.,
 ( 4, 2, 2, 2, 2, 2, 2, 2, 2, 2, 2, 2, 2, 4 ),
 ( 0.0000000000000000000, 0.002094839507283022700, 0.003142259260924536900, 0.004189679014566051500, 0.008379358029132061300, 0.01047419753641509900, 0.01256903704369813700, 0.01466387655098118200, 0.01675871605826422700, 0.02094839507283032700, 0.02304323458011338400, 0.02513807408739644100, 0.02932775310196244700, 0.03351743211652844600 ),
 .UNSPECIFIED. ) ;
#1219 = LINE ( 'NONE', #2239, #1545 ) ;
#1220 = DIRECTION ( 'NONE',  ( 0.0000000000000000000, -0.0000000000000000000, -1.000000000000000000 ) ) ;
#1221 = CARTESIAN_POINT ( 'NONE',  ( -59.99999999999996400, 60.00000000000000000, 84.99999999999997200 ) ) ;
#1222 = AXIS2_PLACEMENT_3D ( 'NONE', #1098, #1888, #1323 ) ;
#1223 = LINE ( 'NONE', #586, #2824 ) ;
#1224 = CARTESIAN_POINT ( 'NONE',  ( 6.120728263029001000, 390.0000000000000000, 105.4143960334977400 ) ) ;
#1225 = CIRCLE ( 'NONE', #2903, 60.00000000000000700 ) ;
#1226 = DIRECTION ( 'NONE',  ( -6.672013369141566700E-017, 0.0000000000000000000, -1.000000000000000000 ) ) ;
#1227 = FACE_OUTER_BOUND ( 'NONE', #660, .T. ) ;
#1228 = CARTESIAN_POINT ( 'NONE',  ( 60.67483671419622500, 419.6682510847786600, -91.43258995405975000 ) ) ;
#1229 = EDGE_CURVE ( 'NONE', #1780, #1078, #1931, .T. ) ;
#1230 = AXIS2_PLACEMENT_3D ( 'NONE', #2897, #2882, #469 ) ;
#1231 = LINE ( 'NONE', #507, #3328 ) ;
#1232 = CARTESIAN_POINT ( 'NONE',  ( -119.9999999999999700, 60.00000000000000000, 144.9999999999999700 ) ) ;
#1233 = CARTESIAN_POINT ( 'NONE',  ( -30.33762619946035200, 392.8667920365667200, -125.3075228401866800 ) ) ;
#1234 = ORIENTED_EDGE ( 'NONE', *, *, #1492, .F. ) ;
#1235 = CARTESIAN_POINT ( 'NONE',  ( 53.28522234080132600, 412.1862035609032100, 114.6894726790873300 ) ) ;
#1236 = CARTESIAN_POINT ( 'NONE',  ( -15.00000000000002300, 420.0000000000000600, -47.99999999999998600 ) ) ;
#1237 = ORIENTED_EDGE ( 'NONE', *, *, #2634, .F. ) ;
#1238 = ORIENTED_EDGE ( 'NONE', *, *, #156, .T. ) ;
#1239 = CARTESIAN_POINT ( 'NONE',  ( 61.52619403328024100, 419.9109751589228400, -86.93353081098730700 ) ) ;
#1240 = CARTESIAN_POINT ( 'NONE',  ( -44.06186733169155200, 392.7715801854594100, -135.2622456053067300 ) ) ;
#1241 = AXIS2_PLACEMENT_3D ( 'NONE', #1910, #2176, #594 ) ;
#1242 = ORIENTED_EDGE ( 'NONE', *, *, #654, .T. ) ;
#1243 = DIRECTION ( 'NONE',  ( 1.000000000000000000, -0.0000000000000000000, 0.0000000000000000000 ) ) ;
#1244 = CARTESIAN_POINT ( 'NONE',  ( 60.67483155030642900, 419.6682498096802200, 91.43259978519478200 ) ) ;
#1245 = ORIENTED_EDGE ( 'NONE', *, *, #3022, .F. ) ;
#1246 = CARTESIAN_POINT ( 'NONE',  ( 10.99999999999997500, 426.0000000000000600, -48.00000000000000700 ) ) ;
#1247 = CARTESIAN_POINT ( 'NONE',  ( 13.77551134327981300, 390.0000000000000000, 111.8170945170847400 ) ) ;
#1248 = VERTEX_POINT ( 'NONE', #2452 ) ;
#1249 = CARTESIAN_POINT ( 'NONE',  ( -12.52871841723419500, 413.4241246581680100, 81.58196535430478500 ) ) ;
#1250 = CARTESIAN_POINT ( 'NONE',  ( 14.99999999999998800, 422.0000000000000600, 95.00000000000000000 ) ) ;
#1251 = AXIS2_PLACEMENT_3D ( 'NONE', #2739, #1153, #2751 ) ;
#1252 = CARTESIAN_POINT ( 'NONE',  ( -54.47671147132576400, 418.6500493595619300, 92.29959749753796000 ) ) ;
#1253 = CARTESIAN_POINT ( 'NONE',  ( -3.000000000000009300, 411.3792818638859800, 87.88142572620788000 ) ) ;
#1254 = CIRCLE ( 'NONE', #2316, 41.99999999999999300 ) ;
#1255 = CARTESIAN_POINT ( 'NONE',  ( 38.84322541360666000, 403.2968025531088200, 108.6738818462284700 ) ) ;
#1256 = CARTESIAN_POINT ( 'NONE',  ( -40.01652674113586300, 388.3791466026488600, 137.8660570721436000 ) ) ;
#1257 = CARTESIAN_POINT ( 'NONE',  ( -55.41411653249751600, 418.9443660664909400, -91.54193230824334600 ) ) ;
#1258 = EDGE_CURVE ( 'NONE', #1483, #3026, #2425, .T. ) ;
#1259 = CARTESIAN_POINT ( 'NONE',  ( -14.60223285740038800, 390.0000000000000600, 114.0518420126190900 ) ) ;
#1260 = TOROIDAL_SURFACE ( 'NONE', #2886, 3.000000000000000000, 4.000000000000000000 ) ;
#1261 = AXIS2_PLACEMENT_3D ( 'NONE', #3046, #2766, #397 ) ;
#1262 = CARTESIAN_POINT ( 'NONE',  ( -59.21509673934169600, 419.2083439727524600, 94.77031455361665700 ) ) ;
#1263 = CARTESIAN_POINT ( 'NONE',  ( -36.43813869874787100, 397.9456962898195800, -131.9524973403648600 ) ) ;
#1264 = DIRECTION ( 'NONE',  ( -0.0000000000000000000, -0.0000000000000000000, -1.000000000000000000 ) ) ;
#1265 = FACE_OUTER_BOUND ( 'NONE', #3048, .T. ) ;
#1266 = CARTESIAN_POINT ( 'NONE',  ( -3.686291501015242800, 414.0000000000001700, 76.16070724397133100 ) ) ;
#1267 = DIRECTION ( 'NONE',  ( 8.673617379884041600E-017, -0.0000000000000000000, 1.000000000000000000 ) ) ;
#1268 = CARTESIAN_POINT ( 'NONE',  ( -50.58018902832354500, 403.9499218425386900, 125.8623585058844900 ) ) ;
#1269 = EDGE_CURVE ( 'NONE', #3298, #669, #1392, .T. ) ;
#1270 = CARTESIAN_POINT ( 'NONE',  ( -52.77152992754643900, 418.4017055150006300, -99.00511226510175800 ) ) ;
#1271 = CIRCLE ( 'NONE', #390, 60.00000000000000700 ) ;
#1272 = DIRECTION ( 'NONE',  ( -8.673617379884041600E-017, 0.0000000000000000000, -1.000000000000000000 ) ) ;
#1273 = CARTESIAN_POINT ( 'NONE',  ( -41.70406987152393400, 409.6823203014031900, -118.8207212218357800 ) ) ;
#1274 = ORIENTED_EDGE ( 'NONE', *, *, #2012, .F. ) ;
#1275 = EDGE_CURVE ( 'NONE', #2524, #582, #1437, .T. ) ;
#1276 = ORIENTED_EDGE ( 'NONE', *, *, #406, .T. ) ;
#1277 = ORIENTED_EDGE ( 'NONE', *, *, #113, .F. ) ;
#1278 = B_SPLINE_CURVE_WITH_KNOTS ( 'NONE', 3,
 ( #2538, #1781, #189, #1790, #1244, #425 ),
 .UNSPECIFIED., .F., .F.,
 ( 4, 2, 4 ),
 ( -4.916609177281967300E-005, 0.004332981768957239500, 0.008715129629687309500 ),
 .UNSPECIFIED. ) ;
#1279 = DIRECTION ( 'NONE',  ( -1.000000000000000000, 0.0000000000000000000, 0.0000000000000000000 ) ) ;
#1280 = CARTESIAN_POINT ( 'NONE',  ( 50.16945062977410400, 403.0039930172085300, 126.8456109501651400 ) ) ;
#1281 = CARTESIAN_POINT ( 'NONE',  ( -52.23664326060664800, 408.4215684502184400, 120.5079614970980100 ) ) ;
#1282 = EDGE_LOOP ( 'NONE', ( #1611, #2976, #112, #990 ) ) ;
#1283 = CARTESIAN_POINT ( 'NONE',  ( -43.35592695782025900, 413.3067168276765000, -112.6596873343379500 ) ) ;
#1284 = EDGE_CURVE ( 'NONE', #2483, #619, #894, .T. ) ;
#1285 = ORIENTED_EDGE ( 'NONE', *, *, #2744, .F. ) ;
#1286 = CARTESIAN_POINT ( 'NONE',  ( -3.000000000000009800, 390.0000000000000600, 105.0000000000000100 ) ) ;
#1287 = DIRECTION ( 'NONE',  ( -1.000000000000000000, 0.0000000000000000000, -6.938893903907228400E-016 ) ) ;
#1288 = EDGE_LOOP ( 'NONE', ( #2631, #1943, #3118, #3096 ) ) ;
#1289 = ADVANCED_FACE ( 'NONE', ( #1596 ), #1894, .T. ) ;
#1290 = CARTESIAN_POINT ( 'NONE',  ( -34.67902523495937600, 396.4065171006672000, -121.5875737524733800 ) ) ;
#1291 = ORIENTED_EDGE ( 'NONE', *, *, #3300, .F. ) ;
#1292 = CARTESIAN_POINT ( 'NONE',  ( -37.69089669529644500, 400.6414276636231800, -114.9528136248565700 ) ) ;
#1293 = EDGE_LOOP ( 'NONE', ( #1412, #1733, #2802, #2242 ) ) ;
#1294 = CARTESIAN_POINT ( 'NONE',  ( -40.32782540128325600, 388.6719965266503300, 137.7076500494021600 ) ) ;
#1295 = CARTESIAN_POINT ( 'NONE',  ( 0.0000000000000000000, 398.0000000000000000, -120.0000000000000100 ) ) ;
#1296 = CARTESIAN_POINT ( 'NONE',  ( -54.47592790864602800, 418.6496637706417800, -92.30028286038816500 ) ) ;
#1297 = CARTESIAN_POINT ( 'NONE',  ( -3.000000000000010200, 411.1428571428571700, 88.38365438660063900 ) ) ;
#1298 = DIRECTION ( 'NONE',  ( 8.673617379884041600E-017, -0.0000000000000000000, 1.000000000000000000 ) ) ;
#1299 = VECTOR ( 'NONE', #2439, 1000.000000000000000 ) ;
#1300 = CIRCLE ( 'NONE', #493, 12.00000000000000000 ) ;
#1301 = ADVANCED_FACE ( 'NONE', ( #3283 ), #1351, .F. ) ;
#1302 = CARTESIAN_POINT ( 'NONE',  ( -41.50059107262295300, 389.8376821536588700, 137.0568315449001200 ) ) ;
#1303 = CARTESIAN_POINT ( 'NONE',  ( -52.64251977312918700, 409.7772856372805000, 118.5835469567223600 ) ) ;
#1304 = CYLINDRICAL_SURFACE ( 'NONE', #2687, 4.000000000000000000 ) ;
#1305 = CARTESIAN_POINT ( 'NONE',  ( -49.19618538269439500, 416.2360383943693000, -96.82880187833528400 ) ) ;
#1306 = DIRECTION ( 'NONE',  ( -9.570888143320316900E-017, 0.0000000000000000000, -1.000000000000000000 ) ) ;
#1307 = CARTESIAN_POINT ( 'NONE',  ( -46.55198815179674200, 414.2815084749408400, 99.33483352944148200 ) ) ;
#1308 = CYLINDRICAL_SURFACE ( 'NONE', #2635, 20.00000000000001100 ) ;
#1309 = CARTESIAN_POINT ( 'NONE',  ( -22.06182376855833700, 380.0000000001377300, -141.5685424948751500 ) ) ;
#1310 = CARTESIAN_POINT ( 'NONE',  ( -37.98740518401836400, 401.2355560394528300, -113.7402179390498700 ) ) ;
#1311 = LINE ( 'NONE', #1834, #351 ) ;
#1312 = CARTESIAN_POINT ( 'NONE',  ( -30.44473066662102300, 392.9346135029267700, 125.2474646223266600 ) ) ;
#1313 = CARTESIAN_POINT ( 'NONE',  ( 31.43803049644779100, 393.4417964035209800, 135.5676566469860200 ) ) ;
#1314 = DIRECTION ( 'NONE',  ( 0.0000000000000000000, 0.0000000000000000000, 1.000000000000000000 ) ) ;
#1315 = EDGE_LOOP ( 'NONE', ( #2237, #2686, #67, #1811, #1165 ) ) ;
#1316 = CARTESIAN_POINT ( 'NONE',  ( -61.35108265670749000, 419.8352337330624700, 90.14513704765866500 ) ) ;
#1317 = ORIENTED_EDGE ( 'NONE', *, *, #2642, .T. ) ;
#1318 = DIRECTION ( 'NONE',  ( 0.0000000000000000000, 1.000000000000000000, 0.0000000000000000000 ) ) ;
#1319 = EDGE_LOOP ( 'NONE', ( #2015, #318, #1784, #72, #1109, #622, #2488, #1242 ) ) ;
#1320 = ORIENTED_EDGE ( 'NONE', *, *, #1713, .T. ) ;
#1321 =( BOUNDED_SURFACE ( )  B_SPLINE_SURFACE ( 3, 2, ( 
 ( #203, #2097, #2066 ),
 ( #1257, #241, #1019 ),
 ( #1296, #1531, #2593 ),
 ( #2074, #2871, #517 ),
 ( #467, #479, #3091 ),
 ( #1305, #1270, #2849 ),
 ( #3102, #491, #2337 ),
 ( #3125, #761, #751 ),
 ( #2862, #2372, #1554 ),
 ( #782, #1009, #1566 ),
 ( #2626, #2360, #3139 ),
 ( #3357, #1283, #3112 ),
 ( #1543, #2833, #3385 ),
 ( #3408, #1809, #212 ) ),
 .UNSPECIFIED., .F., .F., .F. ) 
 B_SPLINE_SURFACE_WITH_KNOTS ( ( 4, 2, 2, 2, 2, 2, 4 ),
 ( 3, 3 ),
 ( 0.0000000000000000000, 0.002536025902329629800, 0.005072051804659259500, 0.01014410360931851900, 0.01521615541397777800, 0.01775218131630741000, 0.02028820721863703800 ),
 ( 0.0000000000000000000, 1.000000000000000000 ),
 .UNSPECIFIED. ) 
 GEOMETRIC_REPRESENTATION_ITEM ( )  RATIONAL_B_SPLINE_SURFACE ( (
 ( 1.000000000000000000, 0.9906504106432254500, 1.000000000000000000),
 ( 1.000000000000000000, 0.9876680855992152600, 1.000000000000000000),
 ( 1.000000000000000000, 0.9840814975577681900, 1.000000000000000000),
 ( 1.000000000000000000, 0.9757120127949533400, 1.000000000000000000),
 ( 1.000000000000000000, 0.9709291823090994100, 1.000000000000000000),
 ( 1.000000000000000000, 0.9547816889276200500, 1.000000000000000000),
 ( 1.000000000000000000, 0.9416251385302105700, 1.000000000000000000),
 ( 1.000000000000000000, 0.9103358440420144000, 1.000000000000000000),
 ( 1.000000000000000000, 0.8922064082896206100, 1.000000000000000000),
 ( 1.000000000000000000, 0.8609359215941685400, 1.000000000000000000),
 ( 1.000000000000000000, 0.8498845425410569400, 1.000000000000000000),
 ( 1.000000000000000000, 0.8266221500515634800, 1.000000000000000000),
 ( 1.000000000000000000, 0.8143957357691816700, 1.000000000000000000),
 ( 1.000000000000000000, 0.8015704635012138600, 1.000000000000000000) ) ) 
 REPRESENTATION_ITEM ( '' )  SURFACE ( )  );
#1322 = CARTESIAN_POINT ( 'NONE',  ( 52.97564447381055400, 398.2694044679373600, -108.6738818462334600 ) ) ;
#1323 = DIRECTION ( 'NONE',  ( 0.0000000000000000000, 0.0000000000000000000, 1.000000000000000000 ) ) ;
#1324 = VERTEX_POINT ( 'NONE', #2537 ) ;
#1325 = CARTESIAN_POINT ( 'NONE',  ( -35.14927730296752600, 396.5046468872999400, 133.1685586384368800 ) ) ;
#1326 = CARTESIAN_POINT ( 'NONE',  ( 45.68829416104294000, 394.9485399015972000, 133.7834316698039200 ) ) ;
#1327 = CARTESIAN_POINT ( 'NONE',  ( 60.00000000000000000, 60.00000000000000700, -85.00000000000001400 ) ) ;
#1328 = CARTESIAN_POINT ( 'NONE',  ( 60.00000000000002100, 360.0000000000000600, 84.99999999999997200 ) ) ;
#1329 = EDGE_CURVE ( 'NONE', #413, #1650, #3360, .T. ) ;
#1330 = ORIENTED_EDGE ( 'NONE', *, *, #739, .T. ) ;
#1331 = CARTESIAN_POINT ( 'NONE',  ( -14.21018439237113100, 420.2205746360676200, -38.74083208725625100 ) ) ;
#1332 = CARTESIAN_POINT ( 'NONE',  ( -63.46528196880081700, 419.9033296428559700, -85.48328636739830700 ) ) ;
#1333 = ORIENTED_EDGE ( 'NONE', *, *, #3064, .F. ) ;
#1334 = CARTESIAN_POINT ( 'NONE',  ( 22.33863029431416400, 390.1033478747028800, -127.3637025706720900 ) ) ;
#1335 = CARTESIAN_POINT ( 'NONE',  ( 43.35592695780229600, 413.3067168276765000, 112.6596873343316900 ) ) ;
#1336 = ADVANCED_FACE ( 'NONE', ( #2959 ), #23, .T. ) ;
#1337 = AXIS2_PLACEMENT_3D ( 'NONE', #484, #2344, #1827 ) ;
#1338 = CARTESIAN_POINT ( 'NONE',  ( 52.56726326675541100, 417.9259839563996500, -93.88580421614011600 ) ) ;
#1339 = CARTESIAN_POINT ( 'NONE',  ( 25.78393710901068300, 390.8198969799178100, 126.8981906227279200 ) ) ;
#1340 = DIRECTION ( 'NONE',  ( 0.0000000000000000000, -1.000000000000000000, 0.0000000000000000000 ) ) ;
#1341 = LINE ( 'NONE', #324, #1299 ) ;
#1342 = CARTESIAN_POINT ( 'NONE',  ( 13.27278585112122400, 418.7671156710395100, -37.37697841729490700 ) ) ;
#1343 = CARTESIAN_POINT ( 'NONE',  ( -29.49466804201430700, 392.3950611244650300, -125.7032855622934300 ) ) ;
#1344 = CIRCLE ( 'NONE', #2556, 60.00000000000000000 ) ;
#1345 = CARTESIAN_POINT ( 'NONE',  ( 44.55628620609322600, 412.5437355496843600, 101.3148138874161100 ) ) ;
#1346 = FACE_OUTER_BOUND ( 'NONE', #3259, .T. ) ;
#1347 = EDGE_CURVE ( 'NONE', #185, #1110, #177, .T. ) ;
#1348 = CARTESIAN_POINT ( 'NONE',  ( 46.55198815179653600, 414.2815084749407800, -99.33483352944183800 ) ) ;
#1349 = CARTESIAN_POINT ( 'NONE',  ( 32.96543960445524100, 383.2991750680793100, 140.2937435443335800 ) ) ;
#1350 = CARTESIAN_POINT ( 'NONE',  ( -8.000000000000024900, 420.0000000000000600, -41.99999999999998600 ) ) ;
#1351 = CYLINDRICAL_SURFACE ( 'NONE', #1039, 20.00000000000001400 ) ;
#1352 = CARTESIAN_POINT ( 'NONE',  ( -59.99999999999999300, 404.6262123083919300, 90.78801995559216200 ) ) ;
#1353 = CARTESIAN_POINT ( 'NONE',  ( -120.0000000000000000, 420.0000000000000600, -145.0000000000000300 ) ) ;
#1354 = CARTESIAN_POINT ( 'NONE',  ( 14.99999999999982100, 421.9999999999993700, 86.27470961893995100 ) ) ;
#1355 = LINE ( 'NONE', #1729, #2010 ) ;
#1356 = EDGE_LOOP ( 'NONE', ( #1407, #1577, #623, #2494 ) ) ;
#1357 = DIRECTION ( 'NONE',  ( 0.0000000000000000000, 0.0000000000000000000, -1.000000000000000000 ) ) ;
#1358 = AXIS2_PLACEMENT_3D ( 'NONE', #1663, #2447, #1935 ) ;
#1359 = CARTESIAN_POINT ( 'NONE',  ( 59.22872547184481100, 419.2140652731461600, 94.73371048051572500 ) ) ;
#1360 = CARTESIAN_POINT ( 'NONE',  ( -50.87909559539023300, 404.6924770197977600, 125.0374992383099800 ) ) ;
#1361 = EDGE_LOOP ( 'NONE', ( #2397, #2109, #996, #1909 ) ) ;
#1362 = CARTESIAN_POINT ( 'NONE',  ( 36.67900035460245100, 398.2442184435875600, 131.6927815072388600 ) ) ;
#1363 = EDGE_CURVE ( 'NONE', #2271, #1818, #59, .T. ) ;
#1364 = EDGE_LOOP ( 'NONE', ( #2848, #356, #1604, #1459 ) ) ;
#1365 = CARTESIAN_POINT ( 'NONE',  ( -64.10958373819464400, 419.8590955619843000, 84.99999999999997200 ) ) ;
#1366 = CARTESIAN_POINT ( 'NONE',  ( 14.55814109236485400, 420.9172451778749700, -39.54187155284977700 ) ) ;
#1367 = ORIENTED_EDGE ( 'NONE', *, *, #1978, .F. ) ;
#1368 = DIRECTION ( 'NONE',  ( 0.0000000000000000000, 0.0000000000000000000, -1.000000000000000000 ) ) ;
#1369 = EDGE_LOOP ( 'NONE', ( #1664, #3012, #876, #535, #2203, #1519 ) ) ;
#1370 = DIRECTION ( 'NONE',  ( 0.0000000000000000000, 0.0000000000000000000, 1.000000000000000000 ) ) ;
#1371 = ADVANCED_FACE ( 'NONE', ( #732 ), #1679, .T. ) ;
#1372 = ORIENTED_EDGE ( 'NONE', *, *, #1720, .F. ) ;
#1373 = CARTESIAN_POINT ( 'NONE',  ( -37.83554378526449800, 400.9481568809504200, 114.2981153738772100 ) ) ;
#1374 = CARTESIAN_POINT ( 'NONE',  ( -44.29455904117075700, 412.2780256038204200, -101.5875069208032100 ) ) ;
#1375 =( LENGTH_UNIT ( ) NAMED_UNIT ( * ) SI_UNIT ( .MILLI., .METRE. ) );
#1376 = AXIS2_PLACEMENT_3D ( 'NONE', #1974, #2754, #1946 ) ;
#1377 = EDGE_LOOP ( 'NONE', ( #2146, #1403, #2329, #1195, #901 ) ) ;
#1378 = CARTESIAN_POINT ( 'NONE',  ( -120.0000000000000000, 360.0000000000000600, -145.0000000000000300 ) ) ;
#1379 = CARTESIAN_POINT ( 'NONE',  ( 7.999999999999976000, 422.0000000000000600, -48.00000000000000700 ) ) ;
#1380 = CARTESIAN_POINT ( 'NONE',  ( 120.0000000000000300, 360.0000000000000600, 144.9999999999999700 ) ) ;
#1381 = VECTOR ( 'NONE', #1421, 1000.000000000000000 ) ;
#1382 = CARTESIAN_POINT ( 'NONE',  ( 120.0000000000000000, 60.00000000000000000, -145.0000000000000300 ) ) ;
#1383 = AXIS2_PLACEMENT_3D ( 'NONE', #3272, #939, #632 ) ;
#1384 = CARTESIAN_POINT ( 'NONE',  ( 54.44115603285764800, 418.6392201100830400, -92.32810519960362700 ) ) ;
#1385 = DIRECTION ( 'NONE',  ( 0.0000000000000000000, 0.8504312103986059200, -0.5260862632496331500 ) ) ;
#1386 = LINE ( 'NONE', #2053, #931 ) ;
#1387 = CARTESIAN_POINT ( 'NONE',  ( 61.35108265633790100, 419.8352337330864000, 90.14513704747257300 ) ) ;
#1388 = DIRECTION ( 'NONE',  ( 0.0000000000000000000, 0.0000000000000000000, 1.000000000000000000 ) ) ;
#1389 = DIRECTION ( 'NONE',  ( 0.0000000000000000000, 0.0000000000000000000, 1.000000000000000000 ) ) ;
#1390 = FACE_OUTER_BOUND ( 'NONE', #1377, .T. ) ;
#1391 = DIRECTION ( 'NONE',  ( 0.0000000000000000000, 0.0000000000000000000, -1.000000000000000000 ) ) ;
#1392 = LINE ( 'NONE', #637, #2757 ) ;
#1393 = CARTESIAN_POINT ( 'NONE',  ( 24.61905914195644100, 390.5319988079987200, -127.0866165882947300 ) ) ;
#1394 = CARTESIAN_POINT ( 'NONE',  ( 52.97564447381055400, 411.0258726239164300, -116.5651757949779300 ) ) ;
#1395 = EDGE_CURVE ( 'NONE', #1110, #282, #809, .T. ) ;
#1396 = CIRCLE ( 'NONE', #2531, 15.00000000000000400 ) ;
#1397 = CARTESIAN_POINT ( 'NONE',  ( -51.65872444785278400, 417.5162672015077900, -94.66497374120778800 ) ) ;
#1398 = CARTESIAN_POINT ( 'NONE',  ( -25.95079013791804500, 380.6726170748650600, -141.3263671990875100 ) ) ;
#1399 = FACE_OUTER_BOUND ( 'NONE', #833, .T. ) ;
#1400 = CARTESIAN_POINT ( 'NONE',  ( 15.00000000000004600, 426.0000000000000600, 95.00000000000000000 ) ) ;
#1401 = CARTESIAN_POINT ( 'NONE',  ( 31.52348787755222000, 382.5955066294753800, -140.5834597392202700 ) ) ;
#1402 = CARTESIAN_POINT ( 'NONE',  ( 3.627285543883411700, 413.8786196225399300, 78.35823803157256900 ) ) ;
#1403 = ORIENTED_EDGE ( 'NONE', *, *, #1858, .T. ) ;
#1404 = ORIENTED_EDGE ( 'NONE', *, *, #3331, .T. ) ;
#1405 = CARTESIAN_POINT ( 'NONE',  ( 30.79218727438847500, 392.9794920891910100, -135.9183532812743600 ) ) ;
#1406 = AXIS2_PLACEMENT_3D ( 'NONE', #2210, #2470, #615 ) ;
#1407 = ORIENTED_EDGE ( 'NONE', *, *, #2162, .T. ) ;
#1408 = ORIENTED_EDGE ( 'NONE', *, *, #592, .F. ) ;
#1409 = DIRECTION ( 'NONE',  ( 1.000000000000000000, 0.0000000000000000000, 0.0000000000000000000 ) ) ;
#1410 = EDGE_CURVE ( 'NONE', #1621, #2247, #1097, .T. ) ;
#1411 = FILL_AREA_STYLE ('',( #1950 ) ) ;
#1412 = ORIENTED_EDGE ( 'NONE', *, *, #1171, .T. ) ;
#1413 = DIRECTION ( 'NONE',  ( 0.0000000000000000000, 0.0000000000000000000, 1.000000000000000000 ) ) ;
#1414 = DIRECTION ( 'NONE',  ( -8.673617379884041600E-017, -0.0000000000000000000, -1.000000000000000000 ) ) ;
#1415 = ORIENTED_EDGE ( 'NONE', *, *, #1830, .F. ) ;
#1416 = CARTESIAN_POINT ( 'NONE',  ( -63.46531200459726600, 419.9033275807696600, 85.48326383734308800 ) ) ;
#1417 = ORIENTED_EDGE ( 'NONE', *, *, #3386, .T. ) ;
#1418 = CARTESIAN_POINT ( 'NONE',  ( 31.84338950993740600, 393.8813419769649600, -124.3726631521042200 ) ) ;
#1419 = CARTESIAN_POINT ( 'NONE',  ( 60.00000000000000000, 419.5016164111892200, -92.71735994078964900 ) ) ;
#1420 = CARTESIAN_POINT ( 'NONE',  ( -63.42354340553461600, 419.9061951743050800, 86.28648561481111300 ) ) ;
#1421 = DIRECTION ( 'NONE',  ( -0.0000000000000000000, 1.000000000000000000, -0.0000000000000000000 ) ) ;
#1422 = CARTESIAN_POINT ( 'NONE',  ( -52.97564447381163400, 398.2694044679404300, 108.6738818462284000 ) ) ;
#1423 = ADVANCED_FACE ( 'NONE', ( #2261 ), #424, .F. ) ;
#1424 = CARTESIAN_POINT ( 'NONE',  ( -59.99999999999997200, 360.0000000000000600, 84.99999999999997200 ) ) ;
#1425 = AXIS2_PLACEMENT_3D ( 'NONE', #846, #2480, #90 ) ;
#1426 = CARTESIAN_POINT ( 'NONE',  ( 3.686291501015227700, 414.0000000000000600, 76.16138104083954400 ) ) ;
#1427 = CARTESIAN_POINT ( 'NONE',  ( 19.99999999999986900, 390.0000000000000000, -127.4264068711928800 ) ) ;
#1428 = CARTESIAN_POINT ( 'NONE',  ( 27.93803380431180400, 391.6061828138126700, -126.3320615191689300 ) ) ;
#1429 = EDGE_CURVE ( 'NONE', #2987, #490, #2920, .T. ) ;
#1430 = VECTOR ( 'NONE', #2385, 1000.000000000000000 ) ;
#1431 = B_SPLINE_CURVE_WITH_KNOTS ( 'NONE', 3,
 ( #854, #2714, #1674, #604, #2473, #2968, #71, #3248, #1401, #3237, #1151, #3001, #1930, #335, #1953, #1131, #1435, #1667, #1657, #1642, #325, #2204, #617, #2749, #2705, #867, #899, #1120, #348, #2462 ),
 .UNSPECIFIED., .F., .F.,
 ( 4, 2, 2, 2, 2, 2, 2, 2, 2, 2, 2, 2, 2, 2, 4 ),
 ( 0.0000000000000000000, 0.003560575891367467100, 0.007121151782734934200, 0.01068172767410240100, 0.01246201561978614100, 0.01424230356546988100, 0.02136345534820485700, 0.02314374329388869300, 0.02492403123957252800, 0.02848460713094030600, 0.03560575891367579600, 0.04272691069641129000, 0.04628748658777905700, 0.04984806247914683200, 0.05696921426188240900 ),
 .UNSPECIFIED. ) ;
#1432 = CARTESIAN_POINT ( 'NONE',  ( -55.40556928080658800, 418.9422555285406100, -91.54844128594031400 ) ) ;
#1433 = CARTESIAN_POINT ( 'NONE',  ( -59.21455261010393700, 419.2080409765542300, -94.77184824071170500 ) ) ;
#1434 = LINE ( 'NONE', #29, #346 ) ;
#1435 = CARTESIAN_POINT ( 'NONE',  ( 41.21997513268767900, 389.5495273450219400, -137.2210300606969300 ) ) ;
#1436 = CARTESIAN_POINT ( 'NONE',  ( -3.686291501015263700, 414.0000000000000600, -34.99999999999999300 ) ) ;
#1437 = CIRCLE ( 'NONE', #485, 6.999999999999999100 ) ;
#1438 = PLANE ( 'NONE',  #3362 ) ;
#1439 = CIRCLE ( 'NONE', #1965, 60.00000000000000000 ) ;
#1440 = CARTESIAN_POINT ( 'NONE',  ( 30.92160885057547800, 393.2358898016189500, -124.9806560392663100 ) ) ;
#1441 = AXIS2_PLACEMENT_3D ( 'NONE', #3115, #1546, #3104 ) ;
#1442 = ORIENTED_EDGE ( 'NONE', *, *, #509, .T. ) ;
#1443 = CARTESIAN_POINT ( 'NONE',  ( 38.84322541360605600, 403.2968025531070600, -108.6738818462334400 ) ) ;
#1444 = CARTESIAN_POINT ( 'NONE',  ( -57.08116090116070000, 417.8981356764185200, -100.8793219081983100 ) ) ;
#1445 = ORIENTED_EDGE ( 'NONE', *, *, #1103, .T. ) ;
#1446 = CARTESIAN_POINT ( 'NONE',  ( 60.00000000000000000, 360.0000000000000600, -145.0000000000000300 ) ) ;
#1447 = ORIENTED_EDGE ( 'NONE', *, *, #3138, .T. ) ;
#1448 = CARTESIAN_POINT ( 'NONE',  ( 24.77490116831360800, 380.4295135749374600, 141.4149954680657100 ) ) ;
#1449 = CARTESIAN_POINT ( 'NONE',  ( 3.198775605370695700, 412.7372180225872900, 84.28762653094189300 ) ) ;
#1450 = EDGE_LOOP ( 'NONE', ( #1417, #1736, #1330, #242, #227, #2453 ) ) ;
#1451 = DIRECTION ( 'NONE',  ( 0.0000000000000000000, 0.0000000000000000000, 1.000000000000000000 ) ) ;
#1452 = CARTESIAN_POINT ( 'NONE',  ( -60.13834271073621100, 419.9168126775815000, -89.51615523396047500 ) ) ;
#1453 = ORIENTED_EDGE ( 'NONE', *, *, #56, .F. ) ;
#1454 = CARTESIAN_POINT ( 'NONE',  ( 49.19085299154183800, 416.1678989109823900, -96.85395018773354500 ) ) ;
#1455 = EDGE_CURVE ( 'NONE', #2285, #413, #102, .T. ) ;
#1456 = DIRECTION ( 'NONE',  ( 1.000000000000000000, 0.0000000000000000000, -1.224646799147353200E-016 ) ) ;
#1457 = ORIENTED_EDGE ( 'NONE', *, *, #2711, .F. ) ;
#1458 = CARTESIAN_POINT ( 'NONE',  ( 30.86720877350685700, 393.1989991125061600, 125.0147785538895100 ) ) ;
#1459 = ORIENTED_EDGE ( 'NONE', *, *, #2172, .F. ) ;
#1460 = CARTESIAN_POINT ( 'NONE',  ( 3.648731514077387500, 413.9231428136421300, 77.82259823276099600 ) ) ;
#1461 = CARTESIAN_POINT ( 'NONE',  ( 40.98796567791954700, 406.6854395236010800, -122.8633485302852900 ) ) ;
#1462 = CARTESIAN_POINT ( 'NONE',  ( 54.75786084332926900, 418.9587040352775500, -96.27307560258120100 ) ) ;
#1463 = AXIS2_PLACEMENT_3D ( 'NONE', #1464, #3313, #1961 ) ;
#1464 = CARTESIAN_POINT ( 'NONE',  ( 60.00000000000002100, 60.00000000000000000, 84.99999999999997200 ) ) ;
#1465 = VECTOR ( 'NONE', #120, 1000.000000000000000 ) ;
#1466 = DIRECTION ( 'NONE',  ( 0.0000000000000000000, -1.000000000000000000, 0.0000000000000000000 ) ) ;
#1467 = CARTESIAN_POINT ( 'NONE',  ( 0.0000000000000000000, 412.0000000000000600, -100.0000000000000000 ) ) ;
#1468 = VECTOR ( 'NONE', #521, 1000.000000000000000 ) ;
#1469 = CARTESIAN_POINT ( 'NONE',  ( 38.84322541360604200, 403.2968025531070600, -108.6738818462334400 ) ) ;
#1470 = CARTESIAN_POINT ( 'NONE',  ( 41.70356069666164000, 409.6741678552320400, -118.8345619161820100 ) ) ;
#1471 = B_SPLINE_CURVE_WITH_KNOTS ( 'NONE', 3,
 ( #1600, #2963, #1384, #1338, #1649, #1091, #2143, #58, #1348, #1917, #2185, #3171, #16, #1869, #2133, #1716, #3058, #423 ),
 .UNSPECIFIED., .F., .F.,
 ( 4, 2, 2, 2, 2, 2, 2, 2, 4 ),
 ( 0.0000000000000000000, 0.003804065172183172800, 0.007608130344366345600, 0.01141219551654951800, 0.01521626068873269100, 0.02282439103309905100, 0.02472642361919058200, 0.02662845620528211200, 0.03043252137746532700 ),
 .UNSPECIFIED. ) ;
#1472 = EDGE_CURVE ( 'NONE', #314, #1984, #2302, .T. ) ;
#1473 = TOROIDAL_SURFACE ( 'NONE', #236, 24.99999999999999600, 3.000000000000000000 ) ;
#1474 = CARTESIAN_POINT ( 'NONE',  ( -59.99999999999997200, 419.5016164111892200, 92.71735994078954900 ) ) ;
#1475 = CYLINDRICAL_SURFACE ( 'NONE', #3224, 15.00000000000001400 ) ;
#1476 = DIRECTION ( 'NONE',  ( 0.0000000000000000000, 0.0000000000000000000, 1.000000000000000000 ) ) ;
#1477 = CARTESIAN_POINT ( 'NONE',  ( -19.99999999999974400, 380.0000000000000000, 141.5685424949237800 ) ) ;
#1478 = EDGE_CURVE ( 'NONE', #3256, #1110, #1012, .T. ) ;
#1479 = LINE ( 'NONE', #1043, #774 ) ;
#1480 = CARTESIAN_POINT ( 'NONE',  ( 60.13834271038643200, 419.9168126772507300, -89.51615523353056900 ) ) ;
#1481 = CARTESIAN_POINT ( 'NONE',  ( -58.93725274126052900, 419.8143197009154600, -88.85896051786043900 ) ) ;
#1482 = ORIENTED_EDGE ( 'NONE', *, *, #1124, .T. ) ;
#1483 = VERTEX_POINT ( 'NONE', #3068 ) ;
#1484 = AXIS2_PLACEMENT_3D ( 'NONE', #2554, #1520, #410 ) ;
#1485 = CARTESIAN_POINT ( 'NONE',  ( -26.79143563332701200, 391.1414222752158000, -126.6787564855124900 ) ) ;
#1486 = ORIENTED_EDGE ( 'NONE', *, *, #1472, .T. ) ;
#1487 = VERTEX_POINT ( 'NONE', #3335 ) ;
#1488 = AXIS2_PLACEMENT_3D ( 'NONE', #3201, #1159, #3229 ) ;
#1489 = CARTESIAN_POINT ( 'NONE',  ( -19.99999999999985100, 390.0000000000000000, 127.4264068711928400 ) ) ;
#1490 = DIRECTION ( 'NONE',  ( 0.0000000000000000000, -1.000000000000000000, 0.0000000000000000000 ) ) ;
#1491 = ORIENTED_EDGE ( 'NONE', *, *, #2051, .F. ) ;
#1492 = EDGE_CURVE ( 'NONE', #2320, #742, #2089, .T. ) ;
#1493 = CARTESIAN_POINT ( 'NONE',  ( -3.627285543882765600, 413.8786196225399300, 78.35823803157256900 ) ) ;
#1494 = ORIENTED_EDGE ( 'NONE', *, *, #663, .F. ) ;
#1495 = ORIENTED_EDGE ( 'NONE', *, *, #3358, .T. ) ;
#1496 = CARTESIAN_POINT ( 'NONE',  ( 59.60434396279842400, 419.3713527708414400, -93.72170562633107200 ) ) ;
#1497 = CARTESIAN_POINT ( 'NONE',  ( 54.67173119586119200, 415.0991321262060900, 108.8495237686259700 ) ) ;
#1498 = CARTESIAN_POINT ( 'NONE',  ( 58.93725274127858400, 419.8143197009199000, -88.85896051789795500 ) ) ;
#1499 = EDGE_CURVE ( 'NONE', #358, #1209, #3194, .T. ) ;
#1500 = CARTESIAN_POINT ( 'NONE',  ( -3.000000001128030600, 411.6161263352350400, 87.37830540507799500 ) ) ;
#1501 = CARTESIAN_POINT ( 'NONE',  ( -49.76671163668734700, 402.1139632803726700, -127.7412291357669700 ) ) ;
#1502 = CARTESIAN_POINT ( 'NONE',  ( 56.40411422907833100, 419.1888221542433300, -90.78801995559214800 ) ) ;
#1503 = CARTESIAN_POINT ( 'NONE',  ( -22.43913903100499100, 390.1462338536961200, -127.3351134151230500 ) ) ;
#1504 = AXIS2_PLACEMENT_3D ( 'NONE', #1820, #3100, #1529 ) ;
#1505 = FACE_OUTER_BOUND ( 'NONE', #1293, .T. ) ;
#1506 = CARTESIAN_POINT ( 'NONE',  ( -3.626639657542415600, 413.8772537112346900, 78.37288862076445600 ) ) ;
#1507 = CARTESIAN_POINT ( 'NONE',  ( -35.68494355334939200, 397.5828215195211900, 120.0212330134608200 ) ) ;
#1508 = FACE_OUTER_BOUND ( 'NONE', #1288, .T. ) ;
#1509 = CARTESIAN_POINT ( 'NONE',  ( -15.00000000000001100, 396.0000000000000000, 95.00000000000000000 ) ) ;
#1510 = CARTESIAN_POINT ( 'NONE',  ( 57.66591323764276900, 419.5003930298406700, -89.82712291997792400 ) ) ;
#1511 = VECTOR ( 'NONE', #2272, 1000.000000000000000 ) ;
#1512 = CARTESIAN_POINT ( 'NONE',  ( -41.10132344782825700, 407.0619283481684600, -122.3945768000921200 ) ) ;
#1513 = CIRCLE ( 'NONE', #839, 60.00000000000000000 ) ;
#1514 = CARTESIAN_POINT ( 'NONE',  ( -11.00000000000000900, 390.0000000000000000, 121.0000000000000000 ) ) ;
#1515 = EDGE_LOOP ( 'NONE', ( #2807, #1029, #315, #1146, #486, #917, #1904, #2931 ) ) ;
#1516 = CARTESIAN_POINT ( 'NONE',  ( -19.99999999999985100, 390.0000000000000000, 127.4264068711928400 ) ) ;
#1517 = CARTESIAN_POINT ( 'NONE',  ( 38.35839097710751100, 402.0262118137785600, 112.0089434922167000 ) ) ;
#1518 = EDGE_LOOP ( 'NONE', ( #989, #2563, #2275, #631, #3018 ) ) ;
#1519 = ORIENTED_EDGE ( 'NONE', *, *, #1972, .F. ) ;
#1520 = DIRECTION ( 'NONE',  ( 0.0000000000000000000, -1.000000000000000000, 0.0000000000000000000 ) ) ;
#1521 = ADVANCED_FACE ( 'NONE', ( #2830 ), #558, .T. ) ;
#1522 = CARTESIAN_POINT ( 'NONE',  ( -36.67900035459923900, 398.2442184435714100, -131.6927815072476400 ) ) ;
#1523 = ORIENTED_EDGE ( 'NONE', *, *, #2523, .F. ) ;
#1524 = CARTESIAN_POINT ( 'NONE',  ( 56.46827363943039300, 417.3466114521396500, 102.7711151900699500 ) ) ;
#1525 = CARTESIAN_POINT ( 'NONE',  ( -51.76175657392349900, 417.5636506230468400, 94.57639339537847400 ) ) ;
#1526 = VERTEX_POINT ( 'NONE', #1050 ) ;
#1527 = AXIS2_PLACEMENT_3D ( 'NONE', #504, #2616, #1032 ) ;
#1528 = CARTESIAN_POINT ( 'NONE',  ( 56.43065263830057200, 417.3098920830862500, 102.8895534966279500 ) ) ;
#1529 = DIRECTION ( 'NONE',  ( 0.0000000000000000000, 0.0000000000000000000, -1.000000000000000000 ) ) ;
#1530 = CARTESIAN_POINT ( 'NONE',  ( -15.00000000000001100, 420.0000000000000600, 105.0000000000000100 ) ) ;
#1531 = CARTESIAN_POINT ( 'NONE',  ( -56.77452910762236400, 419.4051578068138600, -93.55931325667589200 ) ) ;
#1532 = ORIENTED_EDGE ( 'NONE', *, *, #2348, .F. ) ;
#1533 = CARTESIAN_POINT ( 'NONE',  ( -8.343811826071561900, 390.0000000000000600, 106.2729996460700200 ) ) ;
#1534 = CARTESIAN_POINT ( 'NONE',  ( -8.000000000000024900, 426.0000000000000600, -47.99999999999998600 ) ) ;
#1535 = CARTESIAN_POINT ( 'NONE',  ( -33.74963847529464500, 395.4735343651820500, -122.6966842040392900 ) ) ;
#1536 = AXIS2_PLACEMENT_3D ( 'NONE', #1509, #2805, #1226 ) ;
#1537 = CARTESIAN_POINT ( 'NONE',  ( 60.00000000000000700, 360.0000000000000600, -5.742532885992190700E-015 ) ) ;
#1538 = EDGE_CURVE ( 'NONE', #981, #1780, #2669, .T. ) ;
#1539 = CARTESIAN_POINT ( 'NONE',  ( -30.05096802606804100, 381.9449980703014900, 140.8440620371436300 ) ) ;
#1540 = VECTOR ( 'NONE', #355, 1000.000000000000000 ) ;
#1541 = CARTESIAN_POINT ( 'NONE',  ( 14.99999999999999100, 390.0000000000000600, 117.1753424682549300 ) ) ;
#1542 = CARTESIAN_POINT ( 'NONE',  ( -51.19439949535924900, 405.4865583972135700, 124.1446162046017200 ) ) ;
#1543 = CARTESIAN_POINT ( 'NONE',  ( -39.23862572556984000, 404.4083045289884200, -107.9551738801382900 ) ) ;
#1544 = EDGE_CURVE ( 'NONE', #2490, #2566, #938, .T. ) ;
#1545 = VECTOR ( 'NONE', #1676, 1000.000000000000000 ) ;
#1546 = DIRECTION ( 'NONE',  ( -1.000000000000000000, -7.170190367370797400E-015, 2.535045115583177800E-015 ) ) ;
#1547 = CARTESIAN_POINT ( 'NONE',  ( -35.69023302730237600, 397.0797052741533500, -132.6905931540079600 ) ) ;
#1548 = FACE_OUTER_BOUND ( 'NONE', #3052, .T. ) ;
#1549 = DIRECTION ( 'NONE',  ( 1.000000000000000000, 0.0000000000000000000, 0.0000000000000000000 ) ) ;
#1550 = VECTOR ( 'NONE', #2458, 1000.000000000000000 ) ;
#1551 = CARTESIAN_POINT ( 'NONE',  ( -33.19791748586412400, 394.7124096216699100, 134.6025931927135300 ) ) ;
#1552 = CARTESIAN_POINT ( 'NONE',  ( 41.10132344785050400, 407.0619283481712500, 122.3945768000957600 ) ) ;
#1553 = DIRECTION ( 'NONE',  ( 0.0000000000000000000, 0.0000000000000000000, -1.000000000000000000 ) ) ;
#1554 = CARTESIAN_POINT ( 'NONE',  ( -54.70208224514799900, 415.1490490822422400, -108.7358109444863300 ) ) ;
#1555 = TOROIDAL_SURFACE ( 'NONE', #3066, 41.99999999999999300, 12.00000000000000000 ) ;
#1556 = CARTESIAN_POINT ( 'NONE',  ( -56.40411422907962400, 419.1888221542434400, 90.78801995559214800 ) ) ;
#1557 = CARTESIAN_POINT ( 'NONE',  ( -49.02211834960865400, 416.0634568635599100, 97.00742472863049700 ) ) ;
#1558 = ADVANCED_FACE ( 'NONE', ( #1265 ), #25, .F. ) ;
#1559 = CARTESIAN_POINT ( 'NONE',  ( -31.43803049644300900, 393.4417964035059200, -135.5676566469866500 ) ) ;
#1560 = LINE ( 'NONE', #764, #180 ) ;
#1561 = ORIENTED_EDGE ( 'NONE', *, *, #207, .F. ) ;
#1562 = DIRECTION ( 'NONE',  ( 1.000000000000000000, 0.0000000000000000000, 0.0000000000000000000 ) ) ;
#1563 = ORIENTED_EDGE ( 'NONE', *, *, #3073, .F. ) ;
#1564 = CARTESIAN_POINT ( 'NONE',  ( -37.36681634651462500, 399.0794317539271700, 130.9785111982089900 ) ) ;
#1565 = ORIENTED_EDGE ( 'NONE', *, *, #2891, .T. ) ;
#1566 = CARTESIAN_POINT ( 'NONE',  ( -53.96121539141969900, 413.7395655368163100, -111.7069406686955400 ) ) ;
#1567 = EDGE_CURVE ( 'NONE', #2815, #1659, #1185, .T. ) ;
#1568 = EDGE_LOOP ( 'NONE', ( #2194, #2522, #2060, #2557 ) ) ;
#1569 = CARTESIAN_POINT ( 'NONE',  ( -9.038075362140087800, 390.0000000000000000, 106.6539860329972500 ) ) ;
#1570 = CARTESIAN_POINT ( 'NONE',  ( -42.92466467658135800, 410.7343167331677000, 103.0671955908433100 ) ) ;
#1571 = ORIENTED_EDGE ( 'NONE', *, *, #383, .F. ) ;
#1572 = CARTESIAN_POINT ( 'NONE',  ( 0.0000000000000000000, 398.0000000000000000, -100.0000000000000000 ) ) ;
#1573 = VERTEX_POINT ( 'NONE', #599 ) ;
#1574 = B_SPLINE_CURVE_WITH_KNOTS ( 'NONE', 3,
 ( #826, #542, #1871, #3193, #2391, #2654, #3147, #552, #1581, #279, #2934, #253, #1893, #2403, #300, #529, #1842, #579, #2135, #816, #2424, #1055, #2381, #794, #2640, #2906, #1398, #1117, #1148, #2460, #878, #1101 ),
 .UNSPECIFIED., .F., .F.,
 ( 4, 2, 2, 2, 2, 2, 2, 2, 2, 2, 2, 2, 2, 2, 2, 4 ),
 ( 0.0000000000000000000, 0.007117809232663750400, 0.01423561846532750100, 0.01601507077349350800, 0.01779452308165951600, 0.02135342769799137100, 0.02847123693065503300, 0.03203014154698690500, 0.03558904616331877400, 0.03914795077965063700, 0.04092740308781650500, 0.04270685539598237400, 0.04982466462864562600, 0.05160411693681142600, 0.05338356924497722500, 0.05694247386130881600 ),
 .UNSPECIFIED. ) ;
#1575 = CARTESIAN_POINT ( 'NONE',  ( -11.00000000000000900, 420.0000000000000600, 125.0000000000000000 ) ) ;
#1576 = ADVANCED_FACE ( 'NONE', ( #1886 ), #651, .T. ) ;
#1577 = ORIENTED_EDGE ( 'NONE', *, *, #866, .F. ) ;
#1578 = CARTESIAN_POINT ( 'NONE',  ( -26.30365407715801100, 391.0105248067553100, 126.7607626597887800 ) ) ;
#1579 = CARTESIAN_POINT ( 'NONE',  ( 39.65560853484815600, 403.0091955597839600, 127.1527323003816600 ) ) ;
#1580 = CARTESIAN_POINT ( 'NONE',  ( -3.686291501015263700, 426.0000000000000600, -35.00000000000000000 ) ) ;
#1581 = CARTESIAN_POINT ( 'NONE',  ( -48.90799282294172200, 400.3533123236031200, -129.4062690996820800 ) ) ;
#1582 = EDGE_CURVE ( 'NONE', #1945, #1526, #3109, .T. ) ;
#1583 = CARTESIAN_POINT ( 'NONE',  ( -62.73424474583763600, 419.9535184847570100, 87.57908167155669300 ) ) ;
#1584 = DIRECTION ( 'NONE',  ( 0.0000000000000000000, 0.0000000000000000000, 1.000000000000000000 ) ) ;
#1585 = CARTESIAN_POINT ( 'NONE',  ( 60.00000000000001400, 60.00000000000000700, 84.99999999999997200 ) ) ;
#1586 = LINE ( 'NONE', #1378, #2659 ) ;
#1587 = CARTESIAN_POINT ( 'NONE',  ( 19.99999999999986900, 375.0000000000000000, -127.4264068711928800 ) ) ;
#1588 = CARTESIAN_POINT ( 'NONE',  ( 35.26921192674188900, 384.6697139278357400, 139.6946287313557500 ) ) ;
#1589 = DIRECTION ( 'NONE',  ( -1.000000000000000000, -0.0000000000000000000, -0.0000000000000000000 ) ) ;
#1590 = CARTESIAN_POINT ( 'NONE',  ( 52.97564447381055400, 411.0258726239164300, 116.5651757949778800 ) ) ;
#1591 = CARTESIAN_POINT ( 'NONE',  ( -14.00439576329124400, 419.8580938168204300, -38.37811683405767100 ) ) ;
#1592 = CARTESIAN_POINT ( 'NONE',  ( 14.70372533525933400, 421.2410440402525800, -39.97227302640228400 ) ) ;
#1593 = FACE_OUTER_BOUND ( 'NONE', #3057, .T. ) ;
#1594 = CARTESIAN_POINT ( 'NONE',  ( 0.0000000000000000000, 415.0000000000000600, -128.0000000000000000 ) ) ;
#1595 = CARTESIAN_POINT ( 'NONE',  ( 56.40411422908338300, 419.1888221542443500, 90.78801995558947600 ) ) ;
#1596 = FACE_OUTER_BOUND ( 'NONE', #1356, .T. ) ;
#1597 = CARTESIAN_POINT ( 'NONE',  ( 19.99999999999976600, 380.0000000000000000, -141.5685424949238300 ) ) ;
#1598 = CARTESIAN_POINT ( 'NONE',  ( 56.40411422907954600, 419.1888221542434400, 90.78801995559240400 ) ) ;
#1599 = FACE_OUTER_BOUND ( 'NONE', #2193, .T. ) ;
#1600 = CARTESIAN_POINT ( 'NONE',  ( 56.40411422907967400, 419.1888221542434400, -90.78801995559229000 ) ) ;
#1601 = CARTESIAN_POINT ( 'NONE',  ( 38.99350510683540000, 401.6790277104926200, 128.5090970343396700 ) ) ;
#1602 = EDGE_CURVE ( 'NONE', #2524, #2271, #386, .T. ) ;
#1603 = CARTESIAN_POINT ( 'NONE',  ( -11.00000000000002300, 422.0000000000000600, -47.99999999999998600 ) ) ;
#1604 = ORIENTED_EDGE ( 'NONE', *, *, #556, .T. ) ;
#1605 = CARTESIAN_POINT ( 'NONE',  ( -60.13834271100932200, 419.9168126772164000, 89.51615523408254700 ) ) ;
#1606 = DIRECTION ( 'NONE',  ( -8.673617379884041600E-017, -0.0000000000000000000, -1.000000000000000000 ) ) ;
#1607 = CARTESIAN_POINT ( 'NONE',  ( -29.53083872632649700, 392.3174607927533100, -136.3962278934436700 ) ) ;
#1608 = EDGE_LOOP ( 'NONE', ( #1320, #1033, #1854, #3345 ) ) ;
#1609 = ORIENTED_EDGE ( 'NONE', *, *, #1363, .F. ) ;
#1610 = CARTESIAN_POINT ( 'NONE',  ( 55.26086879092938600, 415.9575702220137700, 106.7530851832515300 ) ) ;
#1611 = ORIENTED_EDGE ( 'NONE', *, *, #2336, .T. ) ;
#1612 = ADVANCED_FACE ( 'NONE', ( #306 ), #266, .T. ) ;
#1613 = CARTESIAN_POINT ( 'NONE',  ( -38.84322541360601400, 403.2968025531070600, 108.6738818462334100 ) ) ;
#1614 = CARTESIAN_POINT ( 'NONE',  ( 43.00914165708830000, 391.4958482468731500, 136.0711332670014400 ) ) ;
#1615 = EDGE_CURVE ( 'NONE', #2524, #1945, #475, .T. ) ;
#1616 = DIRECTION ( 'NONE',  ( 1.000000000000000000, 0.0000000000000000000, 0.0000000000000000000 ) ) ;
#1617 = EDGE_LOOP ( 'NONE', ( #3343, #2016, #1981, #2972 ) ) ;
#1618 = CARTESIAN_POINT ( 'NONE',  ( -14.92037491503097800, 421.7805707513842300, -40.91411114294336900 ) ) ;
#1619 = CARTESIAN_POINT ( 'NONE',  ( 14.99999999999997500, 422.0000000000000600, -48.00000000000001400 ) ) ;
#1620 = CARTESIAN_POINT ( 'NONE',  ( 12.25663340714874200, 413.8547302820110800, 78.62651921453894500 ) ) ;
#1621 = VERTEX_POINT ( 'NONE', #621 ) ;
#1622 = AXIS2_PLACEMENT_3D ( 'NONE', #2732, #1924, #331 ) ;
#1623 = ORIENTED_EDGE ( 'NONE', *, *, #2244, .F. ) ;
#1624 = CARTESIAN_POINT ( 'NONE',  ( 51.45328115962490800, 417.9358871456249700, 100.8529594537393700 ) ) ;
#1625 = CARTESIAN_POINT ( 'NONE',  ( -41.08240025538216100, 407.0200182569908500, 122.4376481215742000 ) ) ;
#1626 = CARTESIAN_POINT ( 'NONE',  ( -39.57619027245900900, 405.3572255325943300, -107.3415923486481200 ) ) ;
#1627 = CARTESIAN_POINT ( 'NONE',  ( 14.99999999999998800, 384.0000000000000000, 75.60612308660186900 ) ) ;
#1628 = LINE ( 'NONE', #2486, #92 ) ;
#1629 = CARTESIAN_POINT ( 'NONE',  ( 8.260870329657437900, 414.9026408123303900, -34.99999999999998600 ) ) ;
#1630 = ADVANCED_FACE ( 'NONE', ( #1799 ), #216, .T. ) ;
#1631 = CARTESIAN_POINT ( 'NONE',  ( 3.543282644795180000, 413.6959496230597900, 80.00780059179444900 ) ) ;
#1632 = CIRCLE ( 'NONE', #849, 20.00000000000000400 ) ;
#1633 = CARTESIAN_POINT ( 'NONE',  ( -11.00000000000000900, 390.0000000000000600, 125.0000000000000000 ) ) ;
#1634 = CARTESIAN_POINT ( 'NONE',  ( 55.20332383229021600, 415.8801153728580900, -106.9525386178597400 ) ) ;
#1635 = FACE_OUTER_BOUND ( 'NONE', #871, .T. ) ;
#1636 = CARTESIAN_POINT ( 'NONE',  ( -51.37112175867743200, 405.9689271140006200, 123.5653833392911300 ) ) ;
#1637 = CARTESIAN_POINT ( 'NONE',  ( -59.99999999999998600, 419.5016164111891000, -92.71735994079023200 ) ) ;
#1638 =( NAMED_UNIT ( * ) SI_UNIT ( $, .STERADIAN. ) SOLID_ANGLE_UNIT ( ) );
#1639 = VECTOR ( 'NONE', #364, 1000.000000000000000 ) ;
#1640 = DIRECTION ( 'NONE',  ( 0.0000000000000000000, 1.000000000000000000, 0.0000000000000000000 ) ) ;
#1641 = AXIS2_PLACEMENT_3D ( 'NONE', #3070, #2039, #2859 ) ;
#1642 = CARTESIAN_POINT ( 'NONE',  ( 45.07784605840223700, 394.0227873386234000, -134.4597921495543200 ) ) ;
#1643 = DIRECTION ( 'NONE',  ( -0.0000000000000000000, -1.000000000000000000, -0.0000000000000000000 ) ) ;
#1644 = CYLINDRICAL_SURFACE ( 'NONE', #1150, 60.00000000000000000 ) ;
#1645 = CIRCLE ( 'NONE', #126, 3.000000000000002700 ) ;
#1646 = CARTESIAN_POINT ( 'NONE',  ( 21.39923367864205500, 390.0000000005723000, -138.0330085889052300 ) ) ;
#1647 = CARTESIAN_POINT ( 'NONE',  ( -15.00000000000002300, 422.0000000000000600, -41.99999999999997900 ) ) ;
#1648 = ADVANCED_FACE ( 'NONE', ( #2509 ), #1473, .T. ) ;
#1649 = CARTESIAN_POINT ( 'NONE',  ( 51.65665541923451100, 417.5151921684512800, -94.66679160390938800 ) ) ;
#1650 = VERTEX_POINT ( 'NONE', #2989 ) ;
#1651 = CARTESIAN_POINT ( 'NONE',  ( -59.99999999999997200, 360.0000000000000600, 84.99999999999997200 ) ) ;
#1652 = EDGE_CURVE ( 'NONE', #753, #530, #184, .T. ) ;
#1653 = ORIENTED_EDGE ( 'NONE', *, *, #332, .F. ) ;
#1654 = DIRECTION ( 'NONE',  ( 0.0000000000000000000, -0.0000000000000000000, -1.000000000000000000 ) ) ;
#1655 = AXIS2_PLACEMENT_3D ( 'NONE', #2415, #829, #2222 ) ;
#1656 = DIRECTION ( 'NONE',  ( 1.000000000000000000, -0.0000000000000000000, 0.0000000000000000000 ) ) ;
#1657 = CARTESIAN_POINT ( 'NONE',  ( 43.07226085546715000, 391.5541849581854900, -136.0420286241269400 ) ) ;
#1658 = EDGE_LOOP ( 'NONE', ( #2804, #162, #2310, #2030 ) ) ;
#1659 = VERTEX_POINT ( 'NONE', #2197 ) ;
#1660 = CARTESIAN_POINT ( 'NONE',  ( -15.00000000000000900, 396.0000000000000000, 95.00000000000000000 ) ) ;
#1661 = ORIENTED_EDGE ( 'NONE', *, *, #3392, .F. ) ;
#1662 = CARTESIAN_POINT ( 'NONE',  ( 48.88428710943466600, 400.2903580026218700, -129.4768909872237800 ) ) ;
#1663 = CARTESIAN_POINT ( 'NONE',  ( 3.686291501015230400, 426.0000000000000600, 105.0000000000000100 ) ) ;
#1664 = ORIENTED_EDGE ( 'NONE', *, *, #1213, .T. ) ;
#1665 = ORIENTED_EDGE ( 'NONE', *, *, #2186, .T. ) ;
#1666 = CARTESIAN_POINT ( 'NONE',  ( -3.686291501015251300, 426.0000000000000600, 105.0000000000000100 ) ) ;
#1667 = CARTESIAN_POINT ( 'NONE',  ( 42.36060093250596700, 390.7423641486684000, -136.5339619494588700 ) ) ;
#1668 = CARTESIAN_POINT ( 'NONE',  ( 13.94177240539239500, 411.8692067185213500, 86.76733733910758400 ) ) ;
#1669 = AXIS2_PLACEMENT_3D ( 'NONE', #3275, #1703, #646 ) ;
#1670 = CARTESIAN_POINT ( 'NONE',  ( 30.05096802606687200, 381.9449980702715900, -140.8440620371552500 ) ) ;
#1671 = VECTOR ( 'NONE', #2114, 1000.000000000000000 ) ;
#1672 = CARTESIAN_POINT ( 'NONE',  ( -3.686291501015255300, 426.0000000000000600, 75.60612308660186900 ) ) ;
#1673 = PLANE ( 'NONE',  #2954 ) ;
#1674 = CARTESIAN_POINT ( 'NONE',  ( 22.39725921221937500, 380.0829478335681400, -141.5394055961435800 ) ) ;
#1675 = VECTOR ( 'NONE', #1087, 1000.000000000000000 ) ;
#1676 = DIRECTION ( 'NONE',  ( 1.000000000000000000, -0.0000000000000000000, -4.625929269271485900E-016 ) ) ;
#1677 = CARTESIAN_POINT ( 'NONE',  ( 34.88320740060430600, 396.2360099052165200, -133.3884942275080600 ) ) ;
#1678 = CARTESIAN_POINT ( 'NONE',  ( 54.65342596061574900, 415.0677876711981200, -108.9193659842945900 ) ) ;
#1679 = SPHERICAL_SURFACE ( 'NONE', #190, 60.00000000000000700 ) ;
#1680 = CARTESIAN_POINT ( 'NONE',  ( 41.97791330326821700, 412.1086615165609700, -114.8148212753790900 ) ) ;
#1681 = CARTESIAN_POINT ( 'NONE',  ( -3.000000000000011500, 384.0000000000000000, 75.60612308660186900 ) ) ;
#1682 = CIRCLE ( 'NONE', #1241, 30.00000000000000000 ) ;
#1683 = DIRECTION ( 'NONE',  ( 8.673617379884040400E-017, 0.0000000000000000000, 1.000000000000000000 ) ) ;
#1684 = AXIS2_PLACEMENT_3D ( 'NONE', #738, #1031, #998 ) ;
#1685 = CARTESIAN_POINT ( 'NONE',  ( 49.51648380497380200, 401.5832863596375500, 128.2567554386448000 ) ) ;
#1686 = VERTEX_POINT ( 'NONE', #1948 ) ;
#1687 = CARTESIAN_POINT ( 'NONE',  ( 33.62659115620766000, 395.3508182639149600, -122.8419461470065100 ) ) ;
#1688 = CARTESIAN_POINT ( 'NONE',  ( 40.32782540127935500, 388.6719965266595400, -137.7076500493973300 ) ) ;
#1689 = VERTEX_POINT ( 'NONE', #1647 ) ;
#1690 = DIRECTION ( 'NONE',  ( 9.570888143320316900E-017, -0.0000000000000000000, 1.000000000000000000 ) ) ;
#1691 = EDGE_LOOP ( 'NONE', ( #736, #195, #1769 ) ) ;
#1692 = CARTESIAN_POINT ( 'NONE',  ( -54.44429639720783600, 418.6402724346240200, -92.32554993915448400 ) ) ;
#1693 = EDGE_CURVE ( 'NONE', #2733, #749, #852, .T. ) ;
#1694 = CARTESIAN_POINT ( 'NONE',  ( -53.95297829440289700, 413.7217347994385900, 111.7421824234871900 ) ) ;
#1695 = ORIENTED_EDGE ( 'NONE', *, *, #566, .F. ) ;
#1696 = CARTESIAN_POINT ( 'NONE',  ( 60.00000000000001400, 60.00000000000000000, 84.99999999999997200 ) ) ;
#1697 = CARTESIAN_POINT ( 'NONE',  ( 45.12173460250863900, 394.0802981779020800, 134.4213895961930800 ) ) ;
#1698 = VERTEX_POINT ( 'NONE', #1112 ) ;
#1699 = EDGE_CURVE ( 'NONE', #2285, #3014, #767, .T. ) ;
#1700 = CARTESIAN_POINT ( 'NONE',  ( 22.77233698779198400, 390.1458718961403100, -127.3385483899088800 ) ) ;
#1701 = EDGE_LOOP ( 'NONE', ( #1066, #1821, #3007, #492, #200, #291, #3088, #701 ) ) ;
#1702 = CARTESIAN_POINT ( 'NONE',  ( 30.44473066662100900, 392.9346135029267100, -125.2474646223131500 ) ) ;
#1703 = DIRECTION ( 'NONE',  ( 0.0000000000000000000, -1.000000000000000000, 0.0000000000000000000 ) ) ;
#1704 = ORIENTED_EDGE ( 'NONE', *, *, #882, .T. ) ;
#1705 = CARTESIAN_POINT ( 'NONE',  ( 7.999999999999976000, 422.0000000000000600, -48.00000000000000700 ) ) ;
#1706 = CARTESIAN_POINT ( 'NONE',  ( -58.47607412532485000, 418.8339067261030700, -96.81746815798742000 ) ) ;
#1707 = CARTESIAN_POINT ( 'NONE',  ( 14.99999999999999100, 390.0000000000000600, 117.1753424682549300 ) ) ;
#1708 = DIRECTION ( 'NONE',  ( 0.0000000000000000000, 0.0000000000000000000, 1.000000000000000000 ) ) ;
#1709 = AXIS2_PLACEMENT_3D ( 'NONE', #225, #1796, #2085 ) ;
#1710 = DIRECTION ( 'NONE',  ( 0.0000000000000000000, 1.000000000000000000, 0.0000000000000000000 ) ) ;
#1711 = CARTESIAN_POINT ( 'NONE',  ( -52.97564447381163400, 411.0258726239205800, 116.5651757949712000 ) ) ;
#1712 = CARTESIAN_POINT ( 'NONE',  ( 41.08240025538129500, 407.0200182569593000, -122.4376481215748200 ) ) ;
#1713 = EDGE_CURVE ( 'NONE', #149, #2021, #3003, .T. ) ;
#1714 = FACE_BOUND ( 'NONE', #284, .T. ) ;
#1715 = AXIS2_PLACEMENT_3D ( 'NONE', #1352, #805, #567 ) ;
#1716 = CARTESIAN_POINT ( 'NONE',  ( 39.64100413682169900, 405.3250029751602600, -107.3234401847646800 ) ) ;
#1717 = CARTESIAN_POINT ( 'NONE',  ( 50.03256182448227200, 416.6678051046901000, -96.09484426144278800 ) ) ;
#1718 = CARTESIAN_POINT ( 'NONE',  ( 33.22635699377031700, 394.9867990794394900, 123.2439425434252100 ) ) ;
#1719 = VECTOR ( 'NONE', #963, 1000.000000000000000 ) ;
#1720 = EDGE_CURVE ( 'NONE', #2320, #2641, #3039, .T. ) ;
#1721 = CARTESIAN_POINT ( 'NONE',  ( -3.686291501015237500, 414.0000000000000000, 75.60612308660186900 ) ) ;
#1722 = VECTOR ( 'NONE', #1747, 1000.000000000000000 ) ;
#1723 = CARTESIAN_POINT ( 'NONE',  ( 37.64519748311831600, 400.5824901513336700, -115.0281244287850300 ) ) ;
#1724 = AXIS2_PLACEMENT_3D ( 'NONE', #1734, #3019, #1451 ) ;
#1725 = CYLINDRICAL_SURFACE ( 'NONE', #2033, 60.00000000000000000 ) ;
#1726 = CARTESIAN_POINT ( 'NONE',  ( 58.14305693793872400, 418.6348582612090500, -97.76852452715743900 ) ) ;
#1727 = CARTESIAN_POINT ( 'NONE',  ( 14.99999999999998800, 422.0000000000000600, 95.00000000000000000 ) ) ;
#1728 = VERTEX_POINT ( 'NONE', #3021 ) ;
#1729 = CARTESIAN_POINT ( 'NONE',  ( -15.00000000000002100, 420.0000000000000600, -41.99999999999997900 ) ) ;
#1730 = ORIENTED_EDGE ( 'NONE', *, *, #3218, .T. ) ;
#1731 = CARTESIAN_POINT ( 'NONE',  ( -36.94173935906197700, 399.3452032335072800, 117.3193506050182000 ) ) ;
#1732 = VERTEX_POINT ( 'NONE', #2492 ) ;
#1733 = ORIENTED_EDGE ( 'NONE', *, *, #2090, .F. ) ;
#1734 = CARTESIAN_POINT ( 'NONE',  ( 0.0000000000000000000, 401.0000000000000000, -100.0000000000000000 ) ) ;
#1735 = CARTESIAN_POINT ( 'NONE',  ( 63.42354340678070200, 419.9061951742195900, -86.28648561547879600 ) ) ;
#1736 = ORIENTED_EDGE ( 'NONE', *, *, #2975, .T. ) ;
#1737 = DIRECTION ( 'NONE',  ( 0.0000000000000000000, -1.000000000000000000, 0.0000000000000000000 ) ) ;
#1738 = EDGE_CURVE ( 'NONE', #2443, #3379, #3076, .T. ) ;
#1739 = CARTESIAN_POINT ( 'NONE',  ( -53.28522234080122600, 412.1862035609029800, -114.6894726790876400 ) ) ;
#1740 = ORIENTED_EDGE ( 'NONE', *, *, #3207, .T. ) ;
#1741 = FILL_AREA_STYLE_COLOUR ( '', #2575 ) ;
#1742 = CARTESIAN_POINT ( 'NONE',  ( 32.33910024989783900, 394.2494658430024400, 124.0149380278958700 ) ) ;
#1743 = CARTESIAN_POINT ( 'NONE',  ( 62.13254131576577800, 419.9948280069732500, -87.25668803933311300 ) ) ;
#1744 = EDGE_CURVE ( 'NONE', #1780, #2566, #1837, .T. ) ;
#1745 = CARTESIAN_POINT ( 'NONE',  ( -15.00000000000006200, 411.1428571428571100, 88.38365438660062500 ) ) ;
#1746 = CARTESIAN_POINT ( 'NONE',  ( -64.10958373819464400, 419.8590955619843000, -85.00000000000001400 ) ) ;
#1747 = DIRECTION ( 'NONE',  ( -1.000000000000000000, 0.0000000000000000000, 0.0000000000000000000 ) ) ;
#1748 = CARTESIAN_POINT ( 'NONE',  ( 56.77510675955413400, 419.4053133743583400, -93.55851495557104200 ) ) ;
#1749 = CARTESIAN_POINT ( 'NONE',  ( -59.22903889691587400, 419.2142709205704700, 94.73279666338133600 ) ) ;
#1750 = AXIS2_PLACEMENT_3D ( 'NONE', #2169, #3231, #1385 ) ;
#1751 = CARTESIAN_POINT ( 'NONE',  ( 58.11946388722399300, 418.6200826778837700, 97.83638000393345600 ) ) ;
#1752 = TOROIDAL_SURFACE ( 'NONE', #1230, 24.99999999999999600, 3.000000000000000000 ) ;
#1753 = CARTESIAN_POINT ( 'NONE',  ( -34.38543814486187200, 396.0952640637932500, 121.9707175777388800 ) ) ;
#1754 = CARTESIAN_POINT ( 'NONE',  ( -31.52348787755363800, 382.5955066294761200, 140.5834597392199900 ) ) ;
#1755 = SPHERICAL_SURFACE ( 'NONE', #3257, 60.00000000000000700 ) ;
#1756 = CARTESIAN_POINT ( 'NONE',  ( -3.543282644796550400, 413.6959496230597900, 80.00780059179444900 ) ) ;
#1757 = AXIS2_PLACEMENT_3D ( 'NONE', #2656, #1340, #2138 ) ;
#1758 = DIRECTION ( 'NONE',  ( 0.0000000000000000000, -1.000000000000000000, 0.0000000000000000000 ) ) ;
#1759 = CARTESIAN_POINT ( 'NONE',  ( -44.49477568828643100, 412.4825224838690500, 101.3784657198013400 ) ) ;
#1760 = CYLINDRICAL_SURFACE ( 'NONE', #2812, 60.00000000000000700 ) ;
#1761 = CARTESIAN_POINT ( 'NONE',  ( 0.0000000000000000000, 390.0000000000000000, -120.0000000000000100 ) ) ;
#1762 = CARTESIAN_POINT ( 'NONE',  ( -31.60321278500947900, 393.7070279440212100, 124.5400674972691500 ) ) ;
#1763 = CARTESIAN_POINT ( 'NONE',  ( -39.59956383030625900, 387.9973422749996000, 138.0690480979911600 ) ) ;
#1764 = FACE_OUTER_BOUND ( 'NONE', #1816, .T. ) ;
#1765 = DIRECTION ( 'NONE',  ( 0.4619779787835653900, -0.1140743354364834700, -0.8795245267266719200 ) ) ;
#1766 = CARTESIAN_POINT ( 'NONE',  ( -3.463374208599303600, 413.5146306666459300, 81.09099630599233400 ) ) ;
#1767 = CARTESIAN_POINT ( 'NONE',  ( -49.55542041733556100, 401.6639543068475300, -128.1798241102741800 ) ) ;
#1768 = ORIENTED_EDGE ( 'NONE', *, *, #982, .T. ) ;
#1769 = ORIENTED_EDGE ( 'NONE', *, *, #187, .F. ) ;
#1770 = CARTESIAN_POINT ( 'NONE',  ( -56.46056200422953700, 417.2994507874531100, 102.8293144497672000 ) ) ;
#1771 = ORIENTED_EDGE ( 'NONE', *, *, #1858, .F. ) ;
#1772 = ORIENTED_EDGE ( 'NONE', *, *, #2586, .T. ) ;
#1773 = CARTESIAN_POINT ( 'NONE',  ( 0.0000000000000000000, 375.0000000000000000, 127.4264068711928400 ) ) ;
#1774 = CARTESIAN_POINT ( 'NONE',  ( 14.36975434779429900, 390.0000000000000000, 113.2736185738719300 ) ) ;
#1775 = VERTEX_POINT ( 'NONE', #740 ) ;
#1776 = CARTESIAN_POINT ( 'NONE',  ( 60.00000000000001400, 60.00000000000000000, 144.9999999999999700 ) ) ;
#1777 = ORIENTED_EDGE ( 'NONE', *, *, #1329, .T. ) ;
#1778 = CARTESIAN_POINT ( 'NONE',  ( -37.23968607409447900, 399.8588541502484200, -116.3842082126047900 ) ) ;
#1779 = AXIS2_PLACEMENT_3D ( 'NONE', #2945, #1104, #2725 ) ;
#1780 = VERTEX_POINT ( 'NONE', #1957 ) ;
#1781 = CARTESIAN_POINT ( 'NONE',  ( 63.42261286409446800, 419.9062590599675100, 86.28823059962441300 ) ) ;
#1782 = ADVANCED_FACE ( 'NONE', ( #472 ), #1321, .T. ) ;
#1783 = B_SPLINE_CURVE_WITH_KNOTS ( 'NONE', 3,
 ( #3209, #20, #12, #3426, #546, #302, #1332, #2394 ),
 .UNSPECIFIED., .F., .F.,
 ( 4, 2, 2, 4 ),
 ( 0.0000000000000000000, 0.004839761304576324800, 0.007259641956864486800, 0.009679522609152632300 ),
 .UNSPECIFIED. ) ;
#1784 = ORIENTED_EDGE ( 'NONE', *, *, #3316, .F. ) ;
#1785 = DIRECTION ( 'NONE',  ( -1.000000000000000000, -0.0000000000000000000, -0.0000000000000000000 ) ) ;
#1786 = CARTESIAN_POINT ( 'NONE',  ( 52.12718421029522600, 408.0611608987229600, 121.0119246564141200 ) ) ;
#1787 = AXIS2_PLACEMENT_3D ( 'NONE', #1580, #2625, #489 ) ;
#1788 = CARTESIAN_POINT ( 'NONE',  ( -38.84322541360602800, 403.2968025531070600, -108.6738818462334400 ) ) ;
#1789 = CARTESIAN_POINT ( 'NONE',  ( 39.23862572557639800, 404.4083045290067800, 107.9551738801460800 ) ) ;
#1790 = CARTESIAN_POINT ( 'NONE',  ( 61.35814707602508400, 419.7810716995941800, 90.14856753473341700 ) ) ;
#1791 = FACE_OUTER_BOUND ( 'NONE', #1364, .T. ) ;
#1792 = CARTESIAN_POINT ( 'NONE',  ( 60.00000000000002800, 420.0000000000000600, 144.9999999999999700 ) ) ;
#1793 = CARTESIAN_POINT ( 'NONE',  ( -52.97564447381163400, 411.0258726239205800, 116.5651757949712000 ) ) ;
#1794 = EDGE_CURVE ( 'NONE', #358, #2198, #729, .T. ) ;
#1795 = FACE_OUTER_BOUND ( 'NONE', #400, .T. ) ;
#1796 = DIRECTION ( 'NONE',  ( -8.673617379884041600E-017, 0.0000000000000000000, -1.000000000000000000 ) ) ;
#1797 = AXIS2_PLACEMENT_3D ( 'NONE', #2994, #618, #2465 ) ;
#1798 = CARTESIAN_POINT ( 'NONE',  ( -8.000000000000030200, 390.0000000000000600, -34.99999999999999300 ) ) ;
#1799 = FACE_OUTER_BOUND ( 'NONE', #2723, .T. ) ;
#1800 = ADVANCED_FACE ( 'NONE', ( #1593 ), #560, .T. ) ;
#1801 = CARTESIAN_POINT ( 'NONE',  ( -43.71630113646484300, 392.3410999431063700, -135.5401064941090700 ) ) ;
#1802 = EDGE_CURVE ( 'NONE', #2684, #1686, #303, .T. ) ;
#1803 = CIRCLE ( 'NONE', #1463, 60.00000000000000700 ) ;
#1804 = DIRECTION ( 'NONE',  ( -0.0000000000000000000, -0.0000000000000000000, 1.000000000000000000 ) ) ;
#1805 = VERTEX_POINT ( 'NONE', #1590 ) ;
#1806 = CARTESIAN_POINT ( 'NONE',  ( -36.44278530311220300, 397.8776798865658900, 132.0278261946933800 ) ) ;
#1807 = CARTESIAN_POINT ( 'NONE',  ( 41.87965765949329700, 410.9372824936350000, 116.8831958426995400 ) ) ;
#1808 = CARTESIAN_POINT ( 'NONE',  ( -42.36060093250814200, 390.7423641486709000, 136.5339619494573900 ) ) ;
#1809 = CARTESIAN_POINT ( 'NONE',  ( -41.97791330326818100, 412.1086615165609700, -114.8148212753790900 ) ) ;
#1810 = EDGE_CURVE ( 'NONE', #1152, #2247, #1225, .T. ) ;
#1811 = ORIENTED_EDGE ( 'NONE', *, *, #2692, .T. ) ;
#1812 = VERTEX_POINT ( 'NONE', #2160 ) ;
#1813 = CARTESIAN_POINT ( 'NONE',  ( -52.59671312310250400, 409.6055974145297700, -118.8610851349348100 ) ) ;
#1814 = EDGE_CURVE ( 'NONE', #2408, #3294, #3189, .T. ) ;
#1815 = AXIS2_PLACEMENT_3D ( 'NONE', #2321, #1785, #439 ) ;
#1816 = EDGE_LOOP ( 'NONE', ( #3342, #235, #2325, #2206, #2435, #1486 ) ) ;
#1817 = ORIENTED_EDGE ( 'NONE', *, *, #680, .F. ) ;
#1818 = VERTEX_POINT ( 'NONE', #2662 ) ;
#1819 = CARTESIAN_POINT ( 'NONE',  ( -19.99999999999974400, 380.0000000000000000, 141.5685424949237800 ) ) ;
#1820 = CARTESIAN_POINT ( 'NONE',  ( 60.00000000000001400, 420.0000000000000600, 84.99999999999997200 ) ) ;
#1821 = ORIENTED_EDGE ( 'NONE', *, *, #267, .T. ) ;
#1822 = EDGE_CURVE ( 'NONE', #2733, #777, #1434, .T. ) ;
#1823 = CARTESIAN_POINT ( 'NONE',  ( 10.99999999999998800, 426.0000000000000600, 95.00000000000000000 ) ) ;
#1824 = CARTESIAN_POINT ( 'NONE',  ( -27.40882263111932100, 391.4139321720244900, -126.4703076581287200 ) ) ;
#1825 = ORIENTED_EDGE ( 'NONE', *, *, #3284, .F. ) ;
#1826 = B_SPLINE_CURVE_WITH_KNOTS ( 'NONE', 3,
 ( #2414, #625, #1129, #3234, #1420, #322 ),
 .UNSPECIFIED., .F., .F.,
 ( 4, 2, 4 ),
 ( 0.0000000000000000000, 0.004376211983303807800, 0.008752423966607605200 ),
 .UNSPECIFIED. ) ;
#1827 = DIRECTION ( 'NONE',  ( 0.0000000000000000000, 0.0000000000000000000, 1.000000000000000000 ) ) ;
#1828 = CARTESIAN_POINT ( 'NONE',  ( -24.61905914195697400, 390.5319988079988900, 127.0866165882945600 ) ) ;
#1829 = CARTESIAN_POINT ( 'NONE',  ( 30.97466422473744500, 393.2415337841292700, 124.9857303193400400 ) ) ;
#1830 = EDGE_CURVE ( 'NONE', #582, #706, #2503, .T. ) ;
#1831 = CARTESIAN_POINT ( 'NONE',  ( -58.16795961138557700, 419.6243612903924700, 91.77098465509253300 ) ) ;
#1832 = FACE_OUTER_BOUND ( 'NONE', #3372, .T. ) ;
#1833 = AXIS2_PLACEMENT_3D ( 'NONE', #3411, #2076, #1003 ) ;
#1834 = CARTESIAN_POINT ( 'NONE',  ( 3.686291501015228200, 414.0000000000000600, 75.60612308660188300 ) ) ;
#1835 = CARTESIAN_POINT ( 'NONE',  ( 7.999999999999972500, 422.0000000000000600, -55.00000000000000700 ) ) ;
#1836 = VECTOR ( 'NONE', #1902, 1000.000000000000000 ) ;
#1837 = LINE ( 'NONE', #2756, #1051 ) ;
#1838 = CARTESIAN_POINT ( 'NONE',  ( -35.70314710809866900, 384.8771644321722600, 139.6192102768060900 ) ) ;
#1839 = CARTESIAN_POINT ( 'NONE',  ( 43.71630113647420800, 392.3410999431159800, 135.5401064941029300 ) ) ;
#1840 = PLANE ( 'NONE',  #3085 ) ;
#1841 = EDGE_CURVE ( 'NONE', #3026, #742, #2220, .T. ) ;
#1842 = CARTESIAN_POINT ( 'NONE',  ( -40.05814742724619000, 388.3999874544028900, -137.8595740670438900 ) ) ;
#1843 = CIRCLE ( 'NONE', #129, 60.00000000000000700 ) ;
#1844 = AXIS2_PLACEMENT_3D ( 'NONE', #360, #902, #2740 ) ;
#1845 = CARTESIAN_POINT ( 'NONE',  ( 9.018290498815261500, 415.2460959743083900, -35.06986511350627500 ) ) ;
#1846 = DIRECTION ( 'NONE',  ( -0.0000000000000000000, -1.000000000000000000, -0.0000000000000000000 ) ) ;
#1847 = CYLINDRICAL_SURFACE ( 'NONE', #1484, 6.999999999999999100 ) ;
#1848 = DIRECTION ( 'NONE',  ( 6.938893903907228400E-016, 0.0000000000000000000, -1.000000000000000000 ) ) ;
#1849 = ORIENTED_EDGE ( 'NONE', *, *, #3266, .T. ) ;
#1850 = DIRECTION ( 'NONE',  ( -1.000000000000000000, 0.0000000000000000000, 0.0000000000000000000 ) ) ;
#1851 = CARTESIAN_POINT ( 'NONE',  ( 53.31860832352408900, 412.1790818123325300, 114.6407535720867200 ) ) ;
#1852 = ADVANCED_FACE ( 'NONE', ( #1795 ), #2753, .T. ) ;
#1853 = CARTESIAN_POINT ( 'NONE',  ( -25.50558357186255900, 390.7384779787824400, 137.5197832195456400 ) ) ;
#1854 = ORIENTED_EDGE ( 'NONE', *, *, #2348, .T. ) ;
#1855 = CARTESIAN_POINT ( 'NONE',  ( 33.89702078513847300, 383.8151455827553500, 140.0747458481704400 ) ) ;
#1856 = CARTESIAN_POINT ( 'NONE',  ( 0.0000000000000000000, 412.0000000000000600, -125.0000000000000000 ) ) ;
#1857 = ORIENTED_EDGE ( 'NONE', *, *, #1822, .F. ) ;
#1858 = EDGE_CURVE ( 'NONE', #673, #2696, #520, .T. ) ;
#1859 = ORIENTED_EDGE ( 'NONE', *, *, #638, .T. ) ;
#1860 = CARTESIAN_POINT ( 'NONE',  ( 13.53939437103815300, 419.1367074987984400, -37.70022653794596600 ) ) ;
#1861 = ORIENTED_EDGE ( 'NONE', *, *, #431, .F. ) ;
#1862 = CARTESIAN_POINT ( 'NONE',  ( -28.98490080166345700, 392.1295173085997600, -125.9191644524698700 ) ) ;
#1863 = AXIS2_PLACEMENT_3D ( 'NONE', #3220, #38, #2459 ) ;
#1864 = EDGE_LOOP ( 'NONE', ( #2772, #3297, #237, #411 ) ) ;
#1865 = CARTESIAN_POINT ( 'NONE',  ( 24.09260301504352600, 380.2411450409225600, -141.4849367607226000 ) ) ;
#1866 = CARTESIAN_POINT ( 'NONE',  ( 55.41411653253707200, 418.9443660665007200, 91.54193230824795100 ) ) ;
#1867 = ORIENTED_EDGE ( 'NONE', *, *, #3127, .F. ) ;
#1868 = AXIS2_PLACEMENT_3D ( 'NONE', #2432, #2658, #1077 ) ;
#1869 = CARTESIAN_POINT ( 'NONE',  ( 40.63304022978984200, 407.2303533322959200, -105.9214679508281200 ) ) ;
#1870 = CARTESIAN_POINT ( 'NONE',  ( 22.34840731135090800, 390.1035763150130700, 127.3636299949735200 ) ) ;
#1871 = CARTESIAN_POINT ( 'NONE',  ( -52.23770175670289000, 408.4261254363054300, -120.5005185247948400 ) ) ;
#1872 = EDGE_CURVE ( 'NONE', #3337, #2490, #1574, .T. ) ;
#1873 = CARTESIAN_POINT ( 'NONE',  ( -59.99999999999997200, 419.5016164111892200, 92.71735994078954900 ) ) ;
#1874 = ADVANCED_FACE ( 'NONE', ( #2545 ), #3263, .T. ) ;
#1875 = CARTESIAN_POINT ( 'NONE',  ( -22.34840731135702500, 390.1035763150142100, -127.3636299949736100 ) ) ;
#1876 = CARTESIAN_POINT ( 'NONE',  ( 47.35563350157787000, 414.9119528812245800, 98.56147754091792000 ) ) ;
#1877 = LINE ( 'NONE', #3000, #1381 ) ;
#1878 = CARTESIAN_POINT ( 'NONE',  ( 39.70063503743482900, 405.4590697815250500, 107.2305651790375400 ) ) ;
#1879 = EDGE_CURVE ( 'NONE', #2027, #3029, #1826, .T. ) ;
#1880 = CARTESIAN_POINT ( 'NONE',  ( 2.999999999999985300, 384.0000000000000000, 75.60612308660186900 ) ) ;
#1881 = CARTESIAN_POINT ( 'NONE',  ( 21.17818501059398900, 390.0000000000000000, 127.4264068710497500 ) ) ;
#1882 = LINE ( 'NONE', #506, #2418 ) ;
#1883 = CARTESIAN_POINT ( 'NONE',  ( -13.27420389235919100, 418.7689326009556200, -37.37851506778641700 ) ) ;
#1884 = VECTOR ( 'NONE', #3278, 1000.000000000000000 ) ;
#1885 = DIRECTION ( 'NONE',  ( 1.000000000000000000, 0.0000000000000000000, 0.0000000000000000000 ) ) ;
#1886 = FACE_OUTER_BOUND ( 'NONE', #30, .T. ) ;
#1887 = CARTESIAN_POINT ( 'NONE',  ( -120.0000000000000000, 60.00000000000000000, -85.00000000000001400 ) ) ;
#1888 = DIRECTION ( 'NONE',  ( -0.0000000000000000000, -1.000000000000000000, -0.0000000000000000000 ) ) ;
#1889 = ADVANCED_FACE ( 'NONE', ( #3072 ), #21, .T. ) ;
#1890 = CYLINDRICAL_SURFACE ( 'NONE', #1504, 60.00000000000000700 ) ;
#1891 = CARTESIAN_POINT ( 'NONE',  ( -40.98796567792758300, 406.6854395236043200, 122.8633485302848800 ) ) ;
#1892 = DIRECTION ( 'NONE',  ( -1.000000000000000000, 0.0000000000000000000, 0.0000000000000000000 ) ) ;
#1893 = CARTESIAN_POINT ( 'NONE',  ( -45.12173460250862400, 394.0802981779022500, -134.4213895961931700 ) ) ;
#1894 =( BOUNDED_SURFACE ( )  B_SPLINE_SURFACE ( 3, 2, ( 
 ( #1443, #1680, #671 ),
 ( #116, #1966, #3258 ),
 ( #908, #2528, #2746 ),
 ( #377, #2758, #387 ),
 ( #1174, #2233, #2243 ),
 ( #657, #648, #3289 ),
 ( #922, #2501, #1187 ),
 ( #1162, #3040, #3267 ),
 ( #91, #1990, #3033 ),
 ( #1454, #2516, #932 ),
 ( #1717, #127, #2782 ),
 ( #1977, #1462, #1726 ),
 ( #137, #402, #895 ),
 ( #994, #1748, #3079 ),
 ( #2576, #186, #1496 ),
 ( #1502, #2546, #2841 ) ),
 .UNSPECIFIED., .F., .F., .F. ) 
 B_SPLINE_SURFACE_WITH_KNOTS ( ( 4, 2, 2, 2, 2, 2, 2, 4 ),
 ( 3, 3 ),
 ( -1.170938346284344800E-017, 0.002538908363035412800, 0.005077816726070837800, 0.01015563345214168800, 0.01269454181517711300, 0.01523345017821253800, 0.01777235854124796200, 0.02031126690428338600 ),
 ( 0.0000000000000000000, 1.000000000000000000 ),
 .UNSPECIFIED. ) 
 GEOMETRIC_REPRESENTATION_ITEM ( )  RATIONAL_B_SPLINE_SURFACE ( (
 ( 1.000000000000000000, 0.8015704635012138600, 1.000000000000000000),
 ( 1.000000000000000000, 0.8143886778248312600, 1.000000000000000000),
 ( 1.000000000000000000, 0.8265549508382090700, 1.000000000000000000),
 ( 1.000000000000000000, 0.8496315461482622000, 1.000000000000000000),
 ( 1.000000000000000000, 0.8605420272065986700, 1.000000000000000000),
 ( 1.000000000000000000, 0.8914410475717627900, 1.000000000000000000),
 ( 1.000000000000000000, 0.9096028340316210100, 1.000000000000000000),
 ( 1.000000000000000000, 0.9332796642930288900, 1.000000000000000000),
 ( 1.000000000000000000, 0.9405837857816418100, 1.000000000000000000),
 ( 1.000000000000000000, 0.9539650897655497200, 1.000000000000000000),
 ( 1.000000000000000000, 0.9600169794256265800, 1.000000000000000000),
 ( 1.000000000000000000, 0.9708788776260690600, 1.000000000000000000),
 ( 1.000000000000000000, 0.9756888606577288600, 1.000000000000000000),
 ( 1.000000000000000000, 0.9840861790430438500, 1.000000000000000000),
 ( 1.000000000000000000, 0.9876734081012632500, 1.000000000000000000),
 ( 1.000000000000000000, 0.9906504106432226800, 1.000000000000000000) ) ) 
 REPRESENTATION_ITEM ( '' )  SURFACE ( )  );
#1895 = ORIENTED_EDGE ( 'NONE', *, *, #9, .F. ) ;
#1896 = CARTESIAN_POINT ( 'NONE',  ( -58.93725274157842600, 419.8143197009939600, 88.85896051832949600 ) ) ;
#1897 = CARTESIAN_POINT ( 'NONE',  ( 11.65371388933801100, 417.0131925082690700, -36.01354240455985700 ) ) ;
#1898 = CARTESIAN_POINT ( 'NONE',  ( 12.18188736785201900, 413.9818742481144200, 76.81475922156742800 ) ) ;
#1899 = ORIENTED_EDGE ( 'NONE', *, *, #1329, .F. ) ;
#1900 = VERTEX_POINT ( 'NONE', #2980 ) ;
#1901 = EDGE_CURVE ( 'NONE', #1149, #441, #2299, .T. ) ;
#1902 = DIRECTION ( 'NONE',  ( 0.0000000000000000000, -1.000000000000000000, 0.0000000000000000000 ) ) ;
#1903 = DIRECTION ( 'NONE',  ( 0.0000000000000000000, 1.000000000000000000, 0.0000000000000000000 ) ) ;
#1904 = ORIENTED_EDGE ( 'NONE', *, *, #1872, .T. ) ;
#1905 = ORIENTED_EDGE ( 'NONE', *, *, #2423, .F. ) ;
#1906 = CARTESIAN_POINT ( 'NONE',  ( -38.62654052430342200, 402.6876839578099000, 110.3970280787414000 ) ) ;
#1907 = CARTESIAN_POINT ( 'NONE',  ( -120.0000000000000000, 420.0000000000000600, -145.0000000000000300 ) ) ;
#1908 = CARTESIAN_POINT ( 'NONE',  ( 62.13254131604011100, 419.9948280069826300, 87.25668803954982900 ) ) ;
#1909 = ORIENTED_EDGE ( 'NONE', *, *, #1347, .F. ) ;
#1910 = CARTESIAN_POINT ( 'NONE',  ( -11.00000000000001100, 396.0000000000000000, 95.00000000000000000 ) ) ;
#1911 = ADVANCED_FACE ( 'NONE', ( #3151 ), #344, .F. ) ;
#1912 = CARTESIAN_POINT ( 'NONE',  ( 2.999999999999985300, 411.1428571428571700, 88.38365438660065400 ) ) ;
#1913 = EDGE_LOOP ( 'NONE', ( #576, #2678, #3219, #3083 ) ) ;
#1914 = DIRECTION ( 'NONE',  ( 0.0000000000000000000, -1.000000000000000000, 0.0000000000000000000 ) ) ;
#1915 = ORIENTED_EDGE ( 'NONE', *, *, #2872, .T. ) ;
#1916 = DIRECTION ( 'NONE',  ( 1.000000000000000000, 0.0000000000000000000, 0.0000000000000000000 ) ) ;
#1917 = CARTESIAN_POINT ( 'NONE',  ( 44.28059118904995700, 412.2639450690030600, -101.6020287764717400 ) ) ;
#1918 = EDGE_CURVE ( 'NONE', #669, #3131, #3322, .T. ) ;
#1919 = CARTESIAN_POINT ( 'NONE',  ( -52.97564447381054000, 411.0258726239164300, -116.5651757949779300 ) ) ;
#1920 = CARTESIAN_POINT ( 'NONE',  ( 10.99999999999998800, 396.0000000000000000, 95.00000000000000000 ) ) ;
#1921 = DIRECTION ( 'NONE',  ( 0.0000000000000000000, -1.000000000000000000, 0.0000000000000000000 ) ) ;
#1922 = SPHERICAL_SURFACE ( 'NONE', #1251, 60.00000000000000700 ) ;
#1923 = CARTESIAN_POINT ( 'NONE',  ( 35.70314710804756700, 384.8771644321030900, -139.6192102768397100 ) ) ;
#1924 = DIRECTION ( 'NONE',  ( 1.000000000000000000, 7.170190367370797400E-015, 2.535045115583177800E-015 ) ) ;
#1925 = FACE_OUTER_BOUND ( 'NONE', #1691, .T. ) ;
#1926 = ADVANCED_FACE ( 'NONE', ( #649 ), #261, .T. ) ;
#1927 = CARTESIAN_POINT ( 'NONE',  ( 19.99999999999977600, 380.0000000000000000, 141.5685424949237800 ) ) ;
#1928 = DIRECTION ( 'NONE',  ( -1.000000000000000000, -0.0000000000000000000, 8.673617379884041600E-017 ) ) ;
#1929 = VECTOR ( 'NONE', #776, 1000.000000000000000 ) ;
#1930 = CARTESIAN_POINT ( 'NONE',  ( 37.47276774673546400, 386.1403807694038600, -139.0322231735528100 ) ) ;
#1931 = LINE ( 'NONE', #3244, #653 ) ;
#1932 = CARTESIAN_POINT ( 'NONE',  ( 14.99999999999997500, 422.0000000000000600, -41.99999999999997900 ) ) ;
#1933 = FACE_OUTER_BOUND ( 'NONE', #2854, .T. ) ;
#1934 = CARTESIAN_POINT ( 'NONE',  ( 41.87830036727411500, 390.2354811644411800, -136.8269894751835000 ) ) ;
#1935 = DIRECTION ( 'NONE',  ( 1.000000000000000000, 0.0000000000000000000, 0.0000000000000000000 ) ) ;
#1936 = MANIFOLD_SOLID_BREP ( 'Fillet9', #910 ) ;
#1937 = ORIENTED_EDGE ( 'NONE', *, *, #169, .F. ) ;
#1938 = CARTESIAN_POINT ( 'NONE',  ( 58.94456483176539100, 419.7120972068330500, 88.86598153812282400 ) ) ;
#1939 = CARTESIAN_POINT ( 'NONE',  ( 0.0000000000000000000, 415.0000000000000600, -100.0000000000000000 ) ) ;
#1940 = DIRECTION ( 'NONE',  ( -1.000000000000000000, 0.0000000000000000000, 0.0000000000000000000 ) ) ;
#1941 = EDGE_LOOP ( 'NONE', ( #2106, #118, #2 ) ) ;
#1942 = CARTESIAN_POINT ( 'NONE',  ( 50.63046701566187100, 404.0085142614864800, 125.8466911554226600 ) ) ;
#1943 = ORIENTED_EDGE ( 'NONE', *, *, #498, .F. ) ;
#1944 = CARTESIAN_POINT ( 'NONE',  ( 3.290464581497818800, 413.0335069226305800, 83.23816155353860300 ) ) ;
#1945 = VERTEX_POINT ( 'NONE', #2202 ) ;
#1946 = DIRECTION ( 'NONE',  ( 0.0000000000000000000, -0.0000000000000000000, -1.000000000000000000 ) ) ;
#1947 = CARTESIAN_POINT ( 'NONE',  ( 35.15629862344391700, 396.9481084895919600, -120.8824816751356100 ) ) ;
#1948 = CARTESIAN_POINT ( 'NONE',  ( -11.00000000000002100, 426.0000000000000600, -47.99999999999998600 ) ) ;
#1949 = ORIENTED_EDGE ( 'NONE', *, *, #752, .T. ) ;
#1950 = FILL_AREA_STYLE_COLOUR ( '', #429 ) ;
#1951 = ORIENTED_EDGE ( 'NONE', *, *, #2699, .F. ) ;
#1952 = CARTESIAN_POINT ( 'NONE',  ( 0.0000000000000000000, 0.0000000000000000000, 0.0000000000000000000 ) ) ;
#1953 = CARTESIAN_POINT ( 'NONE',  ( 40.01652674113372400, 388.3791466026469800, -137.8660570721446800 ) ) ;
#1954 = CARTESIAN_POINT ( 'NONE',  ( 2.999999999999895200, 411.6166538380109000, 87.37718484961592900 ) ) ;
#1955 = PLANE ( 'NONE',  #1376 ) ;
#1956 = CARTESIAN_POINT ( 'NONE',  ( 46.81081030819284900, 396.6629887481865900, -132.4990463524899000 ) ) ;
#1957 = CARTESIAN_POINT ( 'NONE',  ( 19.99999999999986900, 390.0000000000000000, -127.4264068711928800 ) ) ;
#1958 = EDGE_CURVE ( 'NONE', #405, #3298, #2466, .T. ) ;
#1959 = CYLINDRICAL_SURFACE ( 'NONE', #1757, 6.999999999999999100 ) ;
#1960 = CARTESIAN_POINT ( 'NONE',  ( -39.69839699874891900, 405.4532712799741600, 107.2343874212824800 ) ) ;
#1961 = DIRECTION ( 'NONE',  ( 0.0000000000000000000, 0.0000000000000000000, -1.000000000000000000 ) ) ;
#1962 = SPHERICAL_SURFACE ( 'NONE', #2366, 60.00000000000000700 ) ;
#1963 = CARTESIAN_POINT ( 'NONE',  ( 43.09011926568838600, 391.5744719823012500, 136.0297740286709400 ) ) ;
#1964 = CARTESIAN_POINT ( 'NONE',  ( 37.36681634653520200, 399.0794317540395500, -130.9785111981817600 ) ) ;
#1965 = AXIS2_PLACEMENT_3D ( 'NONE', #3396, #478, #2323 ) ;
#1966 = CARTESIAN_POINT ( 'NONE',  ( 42.66123166541211000, 412.7342733236824900, -113.7312360685673000 ) ) ;
#1967 = CARTESIAN_POINT ( 'NONE',  ( -55.22583869019417300, 415.9103021292074200, -106.8745964695225000 ) ) ;
#1968 = FACE_OUTER_BOUND ( 'NONE', #44, .T. ) ;
#1969 = DIRECTION ( 'NONE',  ( 0.0000000000000000000, 0.0000000000000000000, 1.000000000000000000 ) ) ;
#1970 = DIRECTION ( 'NONE',  ( 0.0000000000000000000, 0.0000000000000000000, 1.000000000000000000 ) ) ;
#1971 = EDGE_LOOP ( 'NONE', ( #482, #2644, #1768, #1987 ) ) ;
#1972 = EDGE_CURVE ( 'NONE', #1324, #1775, #1095, .T. ) ;
#1973 = CARTESIAN_POINT ( 'NONE',  ( -8.000000000000026600, 422.0000000000000600, -50.99999999999999300 ) ) ;
#1974 = CARTESIAN_POINT ( 'NONE',  ( -19.99999999999985100, 390.0000000000000000, -145.0000000000000300 ) ) ;
#1975 = ORIENTED_EDGE ( 'NONE', *, *, #2940, .F. ) ;
#1976 = ORIENTED_EDGE ( 'NONE', *, *, #1744, .F. ) ;
#1977 = CARTESIAN_POINT ( 'NONE',  ( 51.76175657395794600, 417.5636506230647500, -94.57639339537964000 ) ) ;
#1978 = EDGE_CURVE ( 'NONE', #1155, #3337, #2549, .T. ) ;
#1979 = CARTESIAN_POINT ( 'NONE',  ( -39.23840977709134100, 404.4076974805018400, 107.9555664035492000 ) ) ;
#1980 = ORIENTED_EDGE ( 'NONE', *, *, #80, .F. ) ;
#1981 = ORIENTED_EDGE ( 'NONE', *, *, #1478, .F. ) ;
#1982 = CARTESIAN_POINT ( 'NONE',  ( 35.42583374227967900, 397.2390325922413000, 120.5263165152894200 ) ) ;
#1983 = CARTESIAN_POINT ( 'NONE',  ( 3.797921858838515500, 390.0000000000001100, 105.0000000000000300 ) ) ;
#1984 = VERTEX_POINT ( 'NONE', #944 ) ;
#1985 = CARTESIAN_POINT ( 'NONE',  ( 3.678598695848301700, 413.9845965171313700, 76.71572194384366100 ) ) ;
#1986 = CARTESIAN_POINT ( 'NONE',  ( 35.68494355334877400, 397.5828215195205100, -120.0212330134619900 ) ) ;
#1987 = ORIENTED_EDGE ( 'NONE', *, *, #3316, .T. ) ;
#1988 = CARTESIAN_POINT ( 'NONE',  ( 51.21220162428078000, 405.5456993888793100, -124.0641538318788500 ) ) ;
#1989 = ORIENTED_EDGE ( 'NONE', *, *, #739, .F. ) ;
#1990 = CARTESIAN_POINT ( 'NONE',  ( 51.42761526516561300, 417.8998976623993300, -100.8953812629871900 ) ) ;
#1991 = CARTESIAN_POINT ( 'NONE',  ( -42.66123166545628500, 412.7342733236611100, 113.7312360686158900 ) ) ;
#1992 =( NAMED_UNIT ( * ) SI_UNIT ( $, .STERADIAN. ) SOLID_ANGLE_UNIT ( ) );
#1993 = CARTESIAN_POINT ( 'NONE',  ( 23.81629860475118900, 390.3644412644879900, 127.1957112475125300 ) ) ;
#1994 = CARTESIAN_POINT ( 'NONE',  ( -33.21808757722137500, 394.9796291003810300, 123.2516410377341500 ) ) ;
#1995 = AXIS2_PLACEMENT_3D ( 'NONE', #1221, #1264, #2037 ) ;
#1996 = DIRECTION ( 'NONE',  ( 0.0000000000000000000, 0.0000000000000000000, -1.000000000000000000 ) ) ;
#1997 = DIRECTION ( 'NONE',  ( 1.000000000000000000, 0.0000000000000000000, 0.0000000000000000000 ) ) ;
#1998 = DIRECTION ( 'NONE',  ( -0.0000000000000000000, 1.000000000000000000, -0.0000000000000000000 ) ) ;
#1999 = EDGE_CURVE ( 'NONE', #2684, #1487, #1008, .T. ) ;
#2000 = VECTOR ( 'NONE', #1306, 1000.000000000000000 ) ;
#2001 = AXIS2_PLACEMENT_3D ( 'NONE', #2032, #978, #3114 ) ;
#2002 = CARTESIAN_POINT ( 'NONE',  ( -56.43065263829979000, 417.3098920830855100, -102.8895534966302100 ) ) ;
#2003 = LINE ( 'NONE', #2023, #2998 ) ;
#2004 =( NAMED_UNIT ( * ) PLANE_ANGLE_UNIT ( ) SI_UNIT ( $, .RADIAN. ) );
#2005 = DIRECTION ( 'NONE',  ( -0.0000000000000000000, 1.000000000000000000, -0.0000000000000000000 ) ) ;
#2006 = CARTESIAN_POINT ( 'NONE',  ( -27.38680014279729500, 391.4022303216848400, 126.4803365892800100 ) ) ;
#2007 = FACE_OUTER_BOUND ( 'NONE', #2071, .T. ) ;
#2008 = CARTESIAN_POINT ( 'NONE',  ( -14.69632158188658400, 389.9999999999998300, 114.4347196582686500 ) ) ;
#2009 = DIRECTION ( 'NONE',  ( -0.0000000000000000000, 1.000000000000000000, -0.0000000000000000000 ) ) ;
#2010 = VECTOR ( 'NONE', #2005, 1000.000000000000000 ) ;
#2011 = PLANE ( 'NONE',  #2087 ) ;
#2012 = EDGE_CURVE ( 'NONE', #3026, #2527, #1138, .T. ) ;
#2013 = CIRCLE ( 'NONE', #2217, 27.99999999999999600 ) ;
#2014 = CARTESIAN_POINT ( 'NONE',  ( -56.40411422907828900, 419.1888221542433300, 90.78801995559210500 ) ) ;
#2015 = ORIENTED_EDGE ( 'NONE', *, *, #1472, .F. ) ;
#2016 = ORIENTED_EDGE ( 'NONE', *, *, #1395, .F. ) ;
#2017 = CARTESIAN_POINT ( 'NONE',  ( 60.00000000000000000, 404.6262123083919300, -90.78801995559224700 ) ) ;
#2018 = EDGE_CURVE ( 'NONE', #619, #3166, #382, .T. ) ;
#2019 = CARTESIAN_POINT ( 'NONE',  ( 38.84322541360604200, 403.2968025531070600, 108.6738818462333900 ) ) ;
#2020 = ORIENTED_EDGE ( 'NONE', *, *, #2799, .T. ) ;
#2021 = VERTEX_POINT ( 'NONE', #3034 ) ;
#2022 = CARTESIAN_POINT ( 'NONE',  ( -54.65342596061699300, 415.0677876712002800, 108.9193659842897500 ) ) ;
#2023 = CARTESIAN_POINT ( 'NONE',  ( -15.00000000000002300, 422.0000000000000600, -47.99999999999998600 ) ) ;
#2024 = EDGE_LOOP ( 'NONE', ( #353, #2157, #951, #1777, #1022 ) ) ;
#2025 = DIRECTION ( 'NONE',  ( 0.0000000000000000000, 0.0000000000000000000, -1.000000000000000000 ) ) ;
#2026 = CARTESIAN_POINT ( 'NONE',  ( -32.33910024989785400, 394.2494658430025000, -124.0149380278959400 ) ) ;
#2027 = VERTEX_POINT ( 'NONE', #1474 ) ;
#2028 = CARTESIAN_POINT ( 'NONE',  ( -3.013681726081535800, 411.6016370597005200, 87.37275251249812400 ) ) ;
#2029 = CARTESIAN_POINT ( 'NONE',  ( -8.000000000000030200, 414.8021466795735300, -34.99999999999999300 ) ) ;
#2030 = ORIENTED_EDGE ( 'NONE', *, *, #2380, .T. ) ;
#2031 = EDGE_CURVE ( 'NONE', #3054, #868, #3403, .T. ) ;
#2032 = CARTESIAN_POINT ( 'NONE',  ( 10.99999999999999100, 420.0000000000000600, 121.0000000000000000 ) ) ;
#2033 = AXIS2_PLACEMENT_3D ( 'NONE', #457, #1997, #689 ) ;
#2034 = CARTESIAN_POINT ( 'NONE',  ( -13.94177240546824200, 411.8692067185203300, 86.76733733911073900 ) ) ;
#2035 = CARTESIAN_POINT ( 'NONE',  ( -47.44513622461029500, 397.6101746364025200, -131.8013819321965100 ) ) ;
#2036 = DIRECTION ( 'NONE',  ( 1.000000000000000000, 0.0000000000000000000, 0.0000000000000000000 ) ) ;
#2037 = DIRECTION ( 'NONE',  ( 1.000000000000000000, 0.0000000000000000000, 0.0000000000000000000 ) ) ;
#2038 = B_SPLINE_CURVE_WITH_KNOTS ( 'NONE', 3,
 ( #3098, #705, #3060, #1503, #462, #2843, #2547, #202, #1485, #3324, #2811, #1233, #3336, #165, #2026, #510, #1040, #3119, #2866, #2368, #259, #2889, #2092, #1292, #1310, #500, #3381, #1049 ),
 .UNSPECIFIED., .F., .F.,
 ( 4, 2, 2, 2, 2, 2, 2, 2, 2, 2, 2, 2, 2, 4 ),
 ( 0.0000000000000000000, 0.002094839507283096400, 0.003142259260924644800, 0.004189679014566192800, 0.008379358029132307600, 0.01047419753641538500, 0.01256903704369846100, 0.01466387655098152700, 0.01675871605826458700, 0.02094839507283064600, 0.02304323458011366100, 0.02513807408739667300, 0.02932775310196270700, 0.03351743211652873100 ),
 .UNSPECIFIED. ) ;
#2039 = DIRECTION ( 'NONE',  ( -1.000000000000000000, 0.0000000000000000000, 8.673617379884041600E-017 ) ) ;
#2040 = SURFACE_STYLE_FILL_AREA ( #2773 ) ;
#2041 = AXIS2_PLACEMENT_3D ( 'NONE', #3155, #2588, #248 ) ;
#2042 = CARTESIAN_POINT ( 'NONE',  ( -15.00000000000001200, 422.0000000000000600, 95.00000000000000000 ) ) ;
#2043 = LINE ( 'NONE', #1575, #687 ) ;
#2044 = CARTESIAN_POINT ( 'NONE',  ( -15.00000000000001200, 422.0000000000000600, 81.76847159388714200 ) ) ;
#2045 = CARTESIAN_POINT ( 'NONE',  ( -37.00954950673958900, 399.4774128344291200, -117.0559218518447400 ) ) ;
#2046 = CARTESIAN_POINT ( 'NONE',  ( -15.00000000000004800, 390.0000000000000600, -34.99999999999999300 ) ) ;
#2047 = CARTESIAN_POINT ( 'NONE',  ( 42.92976040717646000, 410.7440090593526600, 103.0600679375229400 ) ) ;
#2048 = VECTOR ( 'NONE', #158, 1000.000000000000000 ) ;
#2049 = CARTESIAN_POINT ( 'NONE',  ( 57.08116090116159600, 417.8981356764195400, 100.8793219081956900 ) ) ;
#2050 = CARTESIAN_POINT ( 'NONE',  ( 40.68694996260687400, 405.7164332676585400, 124.0564054787537300 ) ) ;
#2051 = EDGE_CURVE ( 'NONE', #2696, #2443, #3279, .T. ) ;
#2052 = VECTOR ( 'NONE', #624, 1000.000000000000000 ) ;
#2053 = CARTESIAN_POINT ( 'NONE',  ( 7.999999999999972500, 420.0000000000000600, -34.99999999999998600 ) ) ;
#2054 = DIRECTION ( 'NONE',  ( 0.0000000000000000000, 1.000000000000000000, 0.0000000000000000000 ) ) ;
#2055 = CARTESIAN_POINT ( 'NONE',  ( -37.37378741566416100, 399.1500946886022200, -130.8909193964419400 ) ) ;
#2056 = ORIENTED_EDGE ( 'NONE', *, *, #2031, .T. ) ;
#2057 = CARTESIAN_POINT ( 'NONE',  ( 14.99999999999998800, 422.0000000000000600, 93.49466690660011600 ) ) ;
#2058 = VERTEX_POINT ( 'NONE', #2496 ) ;
#2059 = CARTESIAN_POINT ( 'NONE',  ( -51.42761526524237300, 417.8998976623999500, 100.8953812629963200 ) ) ;
#2060 = ORIENTED_EDGE ( 'NONE', *, *, #2380, .F. ) ;
#2061 = ADVANCED_FACE ( 'NONE', ( #1508 ), #87, .T. ) ;
#2062 = AXIS2_PLACEMENT_3D ( 'NONE', #2324, #771, #2583 ) ;
#2063 = DIRECTION ( 'NONE',  ( 1.000000000000000000, 0.0000000000000000000, 0.0000000000000000000 ) ) ;
#2064 = CARTESIAN_POINT ( 'NONE',  ( 52.59671312308181300, 409.6055974145709200, 118.8610851348689300 ) ) ;
#2065 = VERTEX_POINT ( 'NONE', #1199 ) ;
#2066 = CARTESIAN_POINT ( 'NONE',  ( -59.99999999999992200, 419.5016164111892200, -92.71735994078993300 ) ) ;
#2067 = EDGE_CURVE ( 'NONE', #3256, #2641, #2666, .T. ) ;
#2068 = ORIENTED_EDGE ( 'NONE', *, *, #2940, .T. ) ;
#2069 = CARTESIAN_POINT ( 'NONE',  ( -43.00914165709331600, 391.4958482468776400, -136.0711332669986600 ) ) ;
#2070 = ORIENTED_EDGE ( 'NONE', *, *, #518, .T. ) ;
#2071 = EDGE_LOOP ( 'NONE', ( #548, #3084, #788, #1532 ) ) ;
#2072 = CARTESIAN_POINT ( 'NONE',  ( -33.89155915762953700, 383.7477598987918600, 140.1094153592245800 ) ) ;
#2073 = CARTESIAN_POINT ( 'NONE',  ( 0.0000000000000000000, 360.0000000000000600, 84.99999999999997200 ) ) ;
#2074 = CARTESIAN_POINT ( 'NONE',  ( -52.65368081704667700, 417.9614873612736700, -93.81295578318949400 ) ) ;
#2075 = CARTESIAN_POINT ( 'NONE',  ( -8.000000000000024900, 422.0000000000000600, -47.99999999999998600 ) ) ;
#2076 = DIRECTION ( 'NONE',  ( 1.000000000000000000, -0.0000000000000000000, 0.0000000000000000000 ) ) ;
#2077 = CARTESIAN_POINT ( 'NONE',  ( -33.25970888967604800, 394.7146041856839200, -134.6061241557804600 ) ) ;
#2078 = VECTOR ( 'NONE', #603, 1000.000000000000000 ) ;
#2079 = B_SPLINE_CURVE_WITH_KNOTS ( 'NONE', 3,
 ( #2825, #2573, #721, #1239, #2565, #3094, #1510, #3351 ),
 .UNSPECIFIED., .F., .F.,
 ( 4, 2, 2, 4 ),
 ( -4.396572866727739200E-005, 0.002375802113879078300, 0.004795569956425416700, 0.009635105641518093600 ),
 .UNSPECIFIED. ) ;
#2080 = DIRECTION ( 'NONE',  ( 0.0000000000000000000, 0.0000000000000000000, 1.000000000000000000 ) ) ;
#2081 = CIRCLE ( 'NONE', #2188, 14.99999999999999500 ) ;
#2082 = CARTESIAN_POINT ( 'NONE',  ( -31.61590022930232300, 393.7165699399665200, 124.5307375369650800 ) ) ;
#2083 = DIRECTION ( 'NONE',  ( -8.673617379884041600E-017, 0.0000000000000000000, -1.000000000000000000 ) ) ;
#2084 = FACE_OUTER_BOUND ( 'NONE', #2355, .T. ) ;
#2085 = DIRECTION ( 'NONE',  ( -1.000000000000000000, 0.0000000000000000000, 0.0000000000000000000 ) ) ;
#2086 = EDGE_CURVE ( 'NONE', #2247, #2568, #1278, .T. ) ;
#2087 = AXIS2_PLACEMENT_3D ( 'NONE', #3063, #1210, #3299 ) ;
#2088 = CARTESIAN_POINT ( 'NONE',  ( -47.34983603747181700, 414.9080037659956000, 98.56686570839002600 ) ) ;
#2089 = CIRCLE ( 'NONE', #1086, 60.00000000000001400 ) ;
#2090 = EDGE_CURVE ( 'NONE', #2566, #1324, #2038, .T. ) ;
#2091 = FACE_OUTER_BOUND ( 'NONE', #153, .T. ) ;
#2092 = CARTESIAN_POINT ( 'NONE',  ( -37.13425915464618000, 399.6774596762164200, -116.7140540438966400 ) ) ;
#2093 = FACE_OUTER_BOUND ( 'NONE', #3221, .T. ) ;
#2094 = CARTESIAN_POINT ( 'NONE',  ( -38.36886750221277300, 400.6763885419652000, 129.4630383905525800 ) ) ;
#2095 = CARTESIAN_POINT ( 'NONE',  ( 37.80342570416669900, 399.7718840692774100, 130.3225481381758500 ) ) ;
#2096 = CARTESIAN_POINT ( 'NONE',  ( 0.0000000000000000000, 401.0000000000000000, -100.0000000000000000 ) ) ;
#2097 = CARTESIAN_POINT ( 'NONE',  ( -58.16795961138545600, 419.6243612903925900, -91.77098465509287500 ) ) ;
#2098 = EDGE_CURVE ( 'NONE', #1248, #673, #2827, .T. ) ;
#2099 = FACE_OUTER_BOUND ( 'NONE', #3305, .T. ) ;
#2100 = CARTESIAN_POINT ( 'NONE',  ( -6.904026899862318900, 390.0000000000000000, 105.6384440093308800 ) ) ;
#2101 = ORIENTED_EDGE ( 'NONE', *, *, #2965, .F. ) ;
#2102 = CARTESIAN_POINT ( 'NONE',  ( -15.00000000000000900, 390.0000000000000600, 121.0000000000000000 ) ) ;
#2103 = CARTESIAN_POINT ( 'NONE',  ( -29.74503911365800600, 392.5324643131778000, -125.5891711818229800 ) ) ;
#2104 = CARTESIAN_POINT ( 'NONE',  ( -64.10958373819464400, 419.8590955619843000, 84.99999999999997200 ) ) ;
#2105 = AXIS2_PLACEMENT_3D ( 'NONE', #1587, #1089, #65 ) ;
#2106 = ORIENTED_EDGE ( 'NONE', *, *, #1478, .T. ) ;
#2107 = VERTEX_POINT ( 'NONE', #3108 ) ;
#2108 = CARTESIAN_POINT ( 'NONE',  ( -59.99999999999998600, 60.00000000000000700, -85.00000000000001400 ) ) ;
#2109 = ORIENTED_EDGE ( 'NONE', *, *, #1116, .F. ) ;
#2110 = CARTESIAN_POINT ( 'NONE',  ( -35.15629862345140600, 396.9481084896004900, 120.8824816751372700 ) ) ;
#2111 = CARTESIAN_POINT ( 'NONE',  ( 34.39259820283821500, 395.6982412109291500, 133.8392894295073700 ) ) ;
#2112 = CARTESIAN_POINT ( 'NONE',  ( 19.99999999999986900, 380.0000000000000000, 141.5685424949237800 ) ) ;
#2113 = ORIENTED_EDGE ( 'NONE', *, *, #2536, .T. ) ;
#2114 = DIRECTION ( 'NONE',  ( 8.673617379884041600E-017, -0.0000000000000000000, 1.000000000000000000 ) ) ;
#2115 = DIRECTION ( 'NONE',  ( 1.000000000000000000, 0.0000000000000000000, -9.570888143320316900E-017 ) ) ;
#2116 = ADVANCED_FACE ( 'NONE', ( #1346 ), #1308, .F. ) ;
#2117 = DIRECTION ( 'NONE',  ( 1.000000000000000000, 0.0000000000000000000, 0.0000000000000000000 ) ) ;
#2118 = ORIENTED_EDGE ( 'NONE', *, *, #3009, .F. ) ;
#2119 = DIRECTION ( 'NONE',  ( -0.0000000000000000000, -1.000000000000000000, -0.0000000000000000000 ) ) ;
#2120 = CARTESIAN_POINT ( 'NONE',  ( 10.99999999999999100, 390.0000000000000000, 121.0000000000000000 ) ) ;
#2121 = CARTESIAN_POINT ( 'NONE',  ( -32.50188592417901400, 394.3866347847469500, 123.8702421064621300 ) ) ;
#2122 = CARTESIAN_POINT ( 'NONE',  ( 28.88094685384700400, 391.9963988070554700, 136.6276603871121200 ) ) ;
#2123 = CARTESIAN_POINT ( 'NONE',  ( 10.99999999999997500, 422.0000000000000600, -48.00000000000000700 ) ) ;
#2124 = CARTESIAN_POINT ( 'NONE',  ( -14.97943709155131100, 421.9422355438567800, -41.44655918090282400 ) ) ;
#2125 = CARTESIAN_POINT ( 'NONE',  ( -39.64100413682216100, 405.3250029751613400, 107.3234401847639400 ) ) ;
#2126 = CARTESIAN_POINT ( 'NONE',  ( -19.99999999999982600, 389.9999999999998900, -138.0330085889910700 ) ) ;
#2127 = VECTOR ( 'NONE', #1846, 1000.000000000000000 ) ;
#2128 = CARTESIAN_POINT ( 'NONE',  ( 64.10958373819470100, 419.8590955619843000, 84.99999999999997200 ) ) ;
#2129 = AXIS2_PLACEMENT_3D ( 'NONE', #636, #1903, #2183 ) ;
#2130 = CARTESIAN_POINT ( 'NONE',  ( 58.49982663517103300, 418.8470378550621300, 96.75060771091432300 ) ) ;
#2131 = VECTOR ( 'NONE', #2902, 1000.000000000000000 ) ;
#2132 = ADVANCED_FACE ( 'NONE', ( #2007 ), #3107, .T. ) ;
#2133 = CARTESIAN_POINT ( 'NONE',  ( 40.37443301666037600, 406.7619780474163300, -106.2744518702893800 ) ) ;
#2134 = CARTESIAN_POINT ( 'NONE',  ( 34.32187082133558000, 396.0297793739551400, 122.0499194003859200 ) ) ;
#2135 = CARTESIAN_POINT ( 'NONE',  ( -37.48082621036805800, 386.2124049680521700, -138.9764881247330900 ) ) ;
#2136 = EDGE_CURVE ( 'NONE', #2566, #2733, #1182, .T. ) ;
#2137 = VECTOR ( 'NONE', #3217, 1000.000000000000000 ) ;
#2138 = DIRECTION ( 'NONE',  ( 0.0000000000000000000, 0.0000000000000000000, -1.000000000000000000 ) ) ;
#2139 = CARTESIAN_POINT ( 'NONE',  ( 60.00000000000000000, 419.5016164111892200, -92.71735994078964900 ) ) ;
#2140 = FACE_OUTER_BOUND ( 'NONE', #2246, .T. ) ;
#2141 = ORIENTED_EDGE ( 'NONE', *, *, #1901, .T. ) ;
#2142 = DIRECTION ( 'NONE',  ( -1.000000000000000000, 0.0000000000000000000, 9.570888143320316900E-017 ) ) ;
#2143 = CARTESIAN_POINT ( 'NONE',  ( 49.02211834960848300, 416.0634568635597900, -97.00742472863062500 ) ) ;
#2144 = ORIENTED_EDGE ( 'NONE', *, *, #194, .F. ) ;
#2145 = CARTESIAN_POINT ( 'NONE',  ( 30.12188994076248600, 381.9130929530902600, 140.8642541633503000 ) ) ;
#2146 = ORIENTED_EDGE ( 'NONE', *, *, #2098, .T. ) ;
#2147 = DIRECTION ( 'NONE',  ( -1.000000000000000000, 0.0000000000000000000, 0.0000000000000000000 ) ) ;
#2148 =( BOUNDED_SURFACE ( )  B_SPLINE_SURFACE ( 3, 2, ( 
 ( #43, #2936, #606 ),
 ( #2442, #555, #1121 ),
 ( #61, #1898, #1096 ),
 ( #2417, #819, #2947 ),
 ( #2985, #1620, #1402 ),
 ( #3186, #326, #1631 ),
 ( #2192, #293, #2455 ),
 ( #1354, #583, #870 ),
 ( #595, #2969, #568 ),
 ( #843, #1668, #2153 ),
 ( #305, #2715, #1132 ),
 ( #3239, #54, #1912 ) ),
 .UNSPECIFIED., .F., .F., .F. ) 
 B_SPLINE_SURFACE_WITH_KNOTS ( ( 4, 2, 2, 2, 2, 4 ),
 ( 3, 3 ),
 ( 0.02110946414467450300, 0.02341374424882294900, 0.02571802435297139100, 0.03032658456126827900, 0.03493514476956516300, 0.03954370497786205400 ),
 ( 0.0000000000000000000, 1.000000000000000000 ),
 .UNSPECIFIED. ) 
 GEOMETRIC_REPRESENTATION_ITEM ( )  RATIONAL_B_SPLINE_SURFACE ( (
 ( 1.000000000000000000, 0.8164965809277247000, 1.000000000000000000),
 ( 1.000000000000000000, 0.8164964738189720600, 1.000000000000000000),
 ( 1.000000000000000000, 0.8159083973595945300, 1.000000000000000000),
 ( 1.000000000000000000, 0.8135392905678134900, 1.000000000000000000),
 ( 1.000000000000000000, 0.8117505133200001400, 1.000000000000000000),
 ( 1.000000000000000000, 0.8046208662316670600, 1.000000000000000000),
 ( 1.000000000000000000, 0.7975523070868433300, 1.000000000000000000),
 ( 1.000000000000000000, 0.7790365123576250600, 1.000000000000000000),
 ( 1.000000000000000000, 0.7675875206109498100, 1.000000000000000000),
 ( 1.000000000000000000, 0.7404681078932055000, 1.000000000000000000),
 ( 1.000000000000000000, 0.7247719351727528500, 1.000000000000000000),
 ( 1.000000000000000000, 0.7071067811865460200, 1.000000000000000000) ) ) 
 REPRESENTATION_ITEM ( '' )  SURFACE ( )  );
#2149 = CARTESIAN_POINT ( 'NONE',  ( -15.00000000000004800, 390.0000000000000600, -47.99999999999998600 ) ) ;
#2150 = CARTESIAN_POINT ( 'NONE',  ( -38.84322541360602800, 403.2968025531070600, 108.6738818462306700 ) ) ;
#2151 = ORIENTED_EDGE ( 'NONE', *, *, #3222, .T. ) ;
#2152 = ADVANCED_FACE ( 'NONE', ( #3318 ), #426, .T. ) ;
#2153 = CARTESIAN_POINT ( 'NONE',  ( 3.053890103722894700, 412.0300426779292000, 86.35411564120745700 ) ) ;
#2154 = ORIENTED_EDGE ( 'NONE', *, *, #752, .F. ) ;
#2155 = CARTESIAN_POINT ( 'NONE',  ( 22.06220202997771200, 380.0000000004429800, -141.5685424947672300 ) ) ;
#2156 = EDGE_CURVE ( 'NONE', #1209, #1812, #171, .T. ) ;
#2157 = ORIENTED_EDGE ( 'NONE', *, *, #3418, .T. ) ;
#2158 = AXIS2_PLACEMENT_3D ( 'NONE', #1660, #3153, #2444 ) ;
#2159 = CARTESIAN_POINT ( 'NONE',  ( -51.21220162428065900, 405.5456993888676000, 124.0641538318920600 ) ) ;
#2160 = CARTESIAN_POINT ( 'NONE',  ( 3.429011037612588900E-015, 401.0000000000000000, -72.00000000000001400 ) ) ;
#2161 = ORIENTED_EDGE ( 'NONE', *, *, #702, .F. ) ;
#2162 = EDGE_CURVE ( 'NONE', #753, #490, #2957, .T. ) ;
#2163 = CARTESIAN_POINT ( 'NONE',  ( -11.26031665783830100, 416.6776828808608000, -35.78873687733138100 ) ) ;
#2164 = CARTESIAN_POINT ( 'NONE',  ( 14.76790308396572900, 421.3935888000571000, -40.19612323865695200 ) ) ;
#2165 = CARTESIAN_POINT ( 'NONE',  ( 19.99999999999986900, 390.0000000000000000, -145.0000000000000300 ) ) ;
#2166 = FACE_OUTER_BOUND ( 'NONE', #2840, .T. ) ;
#2167 = CARTESIAN_POINT ( 'NONE',  ( 59.21509673934150400, 419.2083439727522300, -94.77031455361738200 ) ) ;
#2168 = ADVANCED_FACE ( 'NONE', ( #3069 ), #2914, .T. ) ;
#2169 = CARTESIAN_POINT ( 'NONE',  ( -52.97564447381053300, 398.2694044679373600, -108.6738818462334400 ) ) ;
#2170 = CIRCLE ( 'NONE', #1779, 6.999999999999999100 ) ;
#2171 = CARTESIAN_POINT ( 'NONE',  ( -38.84322541360602800, 403.2968025531070600, -145.0000000000000300 ) ) ;
#2172 = EDGE_CURVE ( 'NONE', #666, #1698, #2750, .T. ) ;
#2173 = PRODUCT_DEFINITION_SHAPE ( 'NONE', 'NONE',  #388 ) ;
#2174 = CARTESIAN_POINT ( 'NONE',  ( -15.00000000000001200, 384.0000000000000000, 75.60612308660186900 ) ) ;
#2175 = AXIS2_PLACEMENT_3D ( 'NONE', #1422, #3260, #93 ) ;
#2176 = DIRECTION ( 'NONE',  ( 1.000000000000000000, 0.0000000000000000000, -8.673617379884041600E-017 ) ) ;
#2177 = VECTOR ( 'NONE', #3180, 1000.000000000000000 ) ;
#2178 = CARTESIAN_POINT ( 'NONE',  ( -59.99999999999998600, 360.0000000000000600, -85.00000000000001400 ) ) ;
#2179 = DIRECTION ( 'NONE',  ( -1.000000000000000000, 0.0000000000000000000, -5.782411586589356700E-016 ) ) ;
#2180 = VECTOR ( 'NONE', #103, 1000.000000000000000 ) ;
#2181 = CARTESIAN_POINT ( 'NONE',  ( -14.99999999999995400, 414.0000000000000600, -55.00000000000000000 ) ) ;
#2182 = AXIS2_PLACEMENT_3D ( 'NONE', #2181, #2409, #810 ) ;
#2183 = DIRECTION ( 'NONE',  ( 0.0000000000000000000, -0.0000000000000000000, 1.000000000000000000 ) ) ;
#2184 = FACE_OUTER_BOUND ( 'NONE', #3213, .T. ) ;
#2185 = CARTESIAN_POINT ( 'NONE',  ( 42.92466467658082500, 410.7343167331667900, -103.0671955908438200 ) ) ;
#2186 = EDGE_CURVE ( 'NONE', #1248, #3014, #2463, .T. ) ;
#2187 = DIRECTION ( 'NONE',  ( -8.673617379884035500E-017, 1.850371707708594400E-015, -1.000000000000000000 ) ) ;
#2188 = AXIS2_PLACEMENT_3D ( 'NONE', #430, #1765, #170 ) ;
#2189 = CIRCLE ( 'NONE', #2898, 20.00000000000000400 ) ;
#2190 = CARTESIAN_POINT ( 'NONE',  ( 14.99999999999998900, 420.0000000000000600, 105.0000000000000100 ) ) ;
#2191 = ADVANCED_FACE ( 'NONE', ( #1635 ), #847, .T. ) ;
#2192 = CARTESIAN_POINT ( 'NONE',  ( 15.00000000000015100, 422.0000000000006800, 83.28494559373365300 ) ) ;
#2193 = EDGE_LOOP ( 'NONE', ( #790, #2070, #1563, #3162 ) ) ;
#2194 = ORIENTED_EDGE ( 'NONE', *, *, #1615, .F. ) ;
#2195 = EDGE_CURVE ( 'NONE', #3294, #2285, #2043, .T. ) ;
#2196 = CARTESIAN_POINT ( 'NONE',  ( 32.28605204147543600, 394.2161494944419900, -124.0426236586042000 ) ) ;
#2197 = CARTESIAN_POINT ( 'NONE',  ( 14.99999999999995000, 390.0000000000000600, -41.99999999999997900 ) ) ;
#2198 = VERTEX_POINT ( 'NONE', #2857 ) ;
#2199 = ORIENTED_EDGE ( 'NONE', *, *, #1814, .F. ) ;
#2200 = B_SPLINE_CURVE_WITH_KNOTS ( 'NONE', 3,
 ( #2946, #42, #3196, #3164, #281, #1072, #554, #2164, #1592, #1366, #1105, #796, #2922, #1860, #1342, #2956, #3176, #1897, #2407, #581, #2677, #2428, #1845, #818, #1629, #842 ),
 .UNSPECIFIED., .F., .F.,
 ( 4, 2, 2, 2, 2, 2, 2, 2, 2, 2, 2, 2, 4 ),
 ( 0.0000000000000000000, 0.0008291838396068184700, 0.001243775759410218200, 0.001658367679213617900, 0.002487551518820417400, 0.003316735358427216600, 0.004975103037640934500, 0.006633470716854652700, 0.008291838396068370100, 0.009950206075282089200, 0.01160857375449580700, 0.01243775759410262700, 0.01326694143370944900 ),
 .UNSPECIFIED. ) ;
#2201 = CARTESIAN_POINT ( 'NONE',  ( -119.9999999999999700, 360.0000000000000600, 144.9999999999999700 ) ) ;
#2202 = CARTESIAN_POINT ( 'NONE',  ( 7.999999999999972500, 390.0000000000000600, -55.00000000000000700 ) ) ;
#2203 = ORIENTED_EDGE ( 'NONE', *, *, #498, .T. ) ;
#2204 = CARTESIAN_POINT ( 'NONE',  ( 48.29145842439053400, 399.1063158884235200, -130.5565923293962100 ) ) ;
#2205 = ORIENTED_EDGE ( 'NONE', *, *, #230, .F. ) ;
#2206 = ORIENTED_EDGE ( 'NONE', *, *, #66, .T. ) ;
#2207 = CARTESIAN_POINT ( 'NONE',  ( 35.79258484648853100, 397.7258904860952400, -119.8107545657847100 ) ) ;
#2208 = CARTESIAN_POINT ( 'NONE',  ( 57.41931251161095400, 418.1328824789565000, -99.88860133026113900 ) ) ;
#2209 = CARTESIAN_POINT ( 'NONE',  ( 120.0000000000000300, 420.0000000000000600, 84.99999999999997200 ) ) ;
#2210 = CARTESIAN_POINT ( 'NONE',  ( 0.0000000000000000000, 415.0000000000000600, -100.0000000000000000 ) ) ;
#2211 = CARTESIAN_POINT ( 'NONE',  ( -15.00000000000001100, 390.0000000000000600, 105.0000000000000100 ) ) ;
#2212 = CARTESIAN_POINT ( 'NONE',  ( 52.97564447381055400, 411.0258726239164300, 116.5651757949778800 ) ) ;
#2213 = CARTESIAN_POINT ( 'NONE',  ( 36.94173935906145800, 399.3452032335063100, -117.3193506050197100 ) ) ;
#2214 = CARTESIAN_POINT ( 'NONE',  ( 33.19791748585150500, 394.7124096216682600, -134.6025931927291900 ) ) ;
#2215 = DIRECTION ( 'NONE',  ( 0.0000000000000000000, -1.000000000000000000, 0.0000000000000000000 ) ) ;
#2216 = LINE ( 'NONE', #2165, #2622 ) ;
#2217 = AXIS2_PLACEMENT_3D ( 'NONE', #215, #1318, #2584 ) ;
#2218 = CARTESIAN_POINT ( 'NONE',  ( -120.0000000000000000, 60.00000000000000000, -145.0000000000000300 ) ) ;
#2219 = CARTESIAN_POINT ( 'NONE',  ( 58.93725274131034600, 419.8143197009272900, 88.85896051792279600 ) ) ;
#2220 = CIRCLE ( 'NONE', #464, 60.00000000000000700 ) ;
#2221 = EDGE_CURVE ( 'NONE', #3023, #3256, #94, .T. ) ;
#2222 = DIRECTION ( 'NONE',  ( -8.673617379884041600E-017, 0.0000000000000000000, -1.000000000000000000 ) ) ;
#2223 = AXIS2_PLACEMENT_3D ( 'NONE', #1907, #577, #877 ) ;
#2224 = ADVANCED_FACE ( 'NONE', ( #2084 ), #24, .T. ) ;
#2225 = CARTESIAN_POINT ( 'NONE',  ( 22.40470148799650100, 380.0831221987934300, 141.5393513200012300 ) ) ;
#2226 = VECTOR ( 'NONE', #1737, 1000.000000000000000 ) ;
#2227 = CARTESIAN_POINT ( 'NONE',  ( -57.66591323764268400, 419.5003930298405500, 89.82712291997779600 ) ) ;
#2228 = CARTESIAN_POINT ( 'NONE',  ( 27.38680014279678000, 391.4022303216846100, -126.4803365892802100 ) ) ;
#2229 = CYLINDRICAL_SURFACE ( 'NONE', #3291, 30.00000000000000000 ) ;
#2230 = CARTESIAN_POINT ( 'NONE',  ( 29.52146124093421900, 392.2718701071661400, -136.4308358310773900 ) ) ;
#2231 = CARTESIAN_POINT ( 'NONE',  ( -120.0000000000000000, 60.00000000000000000, -145.0000000000000300 ) ) ;
#2232 = ORIENTED_EDGE ( 'NONE', *, *, #1699, .F. ) ;
#2233 = CARTESIAN_POINT ( 'NONE',  ( 45.40190685132996900, 414.8004257964278700, -109.5768562718851200 ) ) ;
#2234 = CARTESIAN_POINT ( 'NONE',  ( -38.84322541360872800, 403.2968025531146700, 108.6738818462284700 ) ) ;
#2235 = ORIENTED_EDGE ( 'NONE', *, *, #454, .F. ) ;
#2236 = CARTESIAN_POINT ( 'NONE',  ( 23.47324119077293900, 390.3008088773314100, 127.2367226983547500 ) ) ;
#2237 = ORIENTED_EDGE ( 'NONE', *, *, #66, .F. ) ;
#2238 = CARTESIAN_POINT ( 'NONE',  ( 35.58674514980468500, 384.8767014062502800, 139.6009874296811700 ) ) ;
#2239 = CARTESIAN_POINT ( 'NONE',  ( 7.999999999999972500, 422.0000000000000600, -55.00000000000000700 ) ) ;
#2240 = ORIENTED_EDGE ( 'NONE', *, *, #207, .T. ) ;
#2241 = CARTESIAN_POINT ( 'NONE',  ( 50.87909559538683600, 404.6924770197776400, -125.0374992383328800 ) ) ;
#2242 = ORIENTED_EDGE ( 'NONE', *, *, #1872, .F. ) ;
#2243 = CARTESIAN_POINT ( 'NONE',  ( 53.95297829439865500, 413.7217347994270500, -111.7421824235113200 ) ) ;
#2244 = EDGE_CURVE ( 'NONE', #3379, #1248, #3401, .T. ) ;
#2245 = DIRECTION ( 'NONE',  ( -0.0000000000000000000, -0.0000000000000000000, 1.000000000000000000 ) ) ;
#2246 = EDGE_LOOP ( 'NONE', ( #1447, #585, #2810, #2594 ) ) ;
#2247 = VERTEX_POINT ( 'NONE', #2128 ) ;
#2248 = AXIS2_PLACEMENT_3D ( 'NONE', #1627, #804, #265 ) ;
#2249 = CARTESIAN_POINT ( 'NONE',  ( 0.0000000000000000000, 412.0000000000000600, -128.0000000000000000 ) ) ;
#2250 = CARTESIAN_POINT ( 'NONE',  ( 31.85096963397668900, 393.8865372563291800, -124.3678643551359100 ) ) ;
#2251 = CIRCLE ( 'NONE', #115, 60.00000000000000700 ) ;
#2252 = CARTESIAN_POINT ( 'NONE',  ( -40.72240837870943200, 407.4252122310408600, 105.7849232345075400 ) ) ;
#2253 = CARTESIAN_POINT ( 'NONE',  ( 37.69089669529644500, 400.6414276636231800, 114.9528136248565700 ) ) ;
#2254 = FACE_OUTER_BOUND ( 'NONE', #1913, .T. ) ;
#2255 = CARTESIAN_POINT ( 'NONE',  ( 5.738550770727138200, 389.9999999999998900, 105.3163820693826100 ) ) ;
#2256 = UNCERTAINTY_MEASURE_WITH_UNIT (LENGTH_MEASURE( 1.000000000000000100E-005 ), #415, 'distance_accuracy_value', 'NONE');
#2257 = DIRECTION ( 'NONE',  ( -0.0000000000000000000, -1.000000000000000000, -0.0000000000000000000 ) ) ;
#2258 = CYLINDRICAL_SURFACE ( 'NONE', #2734, 60.00000000000000700 ) ;
#2259 = CARTESIAN_POINT ( 'NONE',  ( -3.686291501026559600, 414.0000000000000000, 76.15459688762433600 ) ) ;
#2260 = CARTESIAN_POINT ( 'NONE',  ( 52.97564447381054000, 411.0258726239164300, -116.5651757949779500 ) ) ;
#2261 = FACE_OUTER_BOUND ( 'NONE', #703, .T. ) ;
#2262 = CARTESIAN_POINT ( 'NONE',  ( -56.40411422907936200, 419.1888221542434400, -90.78801995559260300 ) ) ;
#2263 = CYLINDRICAL_SURFACE ( 'NONE', #557, 20.00000000000000400 ) ;
#2264 = AXIS2_PLACEMENT_3D ( 'NONE', #2484, #333, #865 ) ;
#2265 = DIRECTION ( 'NONE',  ( -1.000000000000000000, -0.0000000000000000000, 0.0000000000000000000 ) ) ;
#2266 = CARTESIAN_POINT ( 'NONE',  ( -34.73576820201994800, 396.4685353527980900, 121.5091842596626700 ) ) ;
#2267 = FACE_OUTER_BOUND ( 'NONE', #2024, .T. ) ;
#2268 = CARTESIAN_POINT ( 'NONE',  ( -14.24329612140813900, 389.9999999999999400, 112.9146962821339200 ) ) ;
#2269 = CARTESIAN_POINT ( 'NONE',  ( 38.84322541360602800, 403.2968025531070600, -108.6738818462334700 ) ) ;
#2270 = EDGE_LOOP ( 'NONE', ( #3255, #2842 ) ) ;
#2271 = VERTEX_POINT ( 'NONE', #571 ) ;
#2272 = DIRECTION ( 'NONE',  ( 0.0000000000000000000, 0.0000000000000000000, -1.000000000000000000 ) ) ;
#2273 = DIRECTION ( 'NONE',  ( 0.0000000000000000000, 0.0000000000000000000, 1.000000000000000000 ) ) ;
#2274 = EDGE_LOOP ( 'NONE', ( #905, #1026, #1062, #1899 ) ) ;
#2275 = ORIENTED_EDGE ( 'NONE', *, *, #1229, .T. ) ;
#2276 = CARTESIAN_POINT ( 'NONE',  ( -38.10775466291730900, 401.5028855189663100, 113.1336878298294800 ) ) ;
#2277 = CARTESIAN_POINT ( 'NONE',  ( -26.74912222448353200, 391.1606847895812400, 126.6544523506060500 ) ) ;
#2278 = CARTESIAN_POINT ( 'NONE',  ( -33.09541729012426700, 383.3833930291030500, 140.2567879244483600 ) ) ;
#2279 = ORIENTED_EDGE ( 'NONE', *, *, #431, .T. ) ;
#2280 = CARTESIAN_POINT ( 'NONE',  ( 60.00000000000000000, 360.0000000000000600, -85.00000000000001400 ) ) ;
#2281 = CARTESIAN_POINT ( 'NONE',  ( -3.000000000000009800, 411.1428571428571700, 88.38365438660065400 ) ) ;
#2282 = ORIENTED_EDGE ( 'NONE', *, *, #3331, .F. ) ;
#2283 = CARTESIAN_POINT ( 'NONE',  ( 14.99999999999997500, 420.0000000000000600, -48.00000000000001400 ) ) ;
#2284 = CARTESIAN_POINT ( 'NONE',  ( -15.00000000000001100, 414.0000000000000600, 75.60612308660186900 ) ) ;
#2285 = VERTEX_POINT ( 'NONE', #1633 ) ;
#2286 = DIRECTION ( 'NONE',  ( 0.0000000000000000000, 0.0000000000000000000, -1.000000000000000000 ) ) ;
#2287 = CARTESIAN_POINT ( 'NONE',  ( -54.75786084333306300, 418.9587040352540700, 96.27307560258550700 ) ) ;
#2288 = AXIS2_PLACEMENT_3D ( 'NONE', #298, #136, #2025 ) ;
#2289 = CARTESIAN_POINT ( 'NONE',  ( -19.99999999999982200, 389.9999999999998900, 138.0330085889910400 ) ) ;
#2290 = CARTESIAN_POINT ( 'NONE',  ( 9.035927827257760100, 390.0000000000000600, 106.6301640066755400 ) ) ;
#2291 = CARTESIAN_POINT ( 'NONE',  ( -12.93450473830007400, 412.8916541261756900, 83.78563594380447900 ) ) ;
#2292 = CARTESIAN_POINT ( 'NONE',  ( -31.88757530512377500, 393.8791746355847700, -124.3988225060842200 ) ) ;
#2293 = LINE ( 'NONE', #2211, #3353 ) ;
#2294 = DIRECTION ( 'NONE',  ( -1.000000000000000000, 0.0000000000000000000, 0.0000000000000000000 ) ) ;
#2295 = CARTESIAN_POINT ( 'NONE',  ( -47.55551923955715000, 415.0597616097657000, 98.37198583731904500 ) ) ;
#2296 = CIRCLE ( 'NONE', #2356, 6.999999999999999100 ) ;
#2297 =( BOUNDED_SURFACE ( )  B_SPLINE_SURFACE ( 3, 2, ( 
 ( #1255, #2879, #769 ),
 ( #453, #1807, #2064 ),
 ( #1517, #465, #1786 ),
 ( #3123, #2614, #727 ),
 ( #488, #1552, #2605 ),
 ( #2581, #750, #3356 ),
 ( #2591, #2050, #1280 ),
 ( #1006, #2346, #2860 ),
 ( #759, #1017, #3395 ),
 ( #251, #1579, #540 ),
 ( #3420, #1601, #3159 ),
 ( #277, #2095, #1326 ),
 ( #2134, #2378, #514 ),
 ( #2893, #1362, #1042 ),
 ( #17, #528, #1839 ),
 ( #3144, #289, #1614 ),
 ( #2624, #551, #2370 ),
 ( #2652, #2111, #792 ),
 ( #1829, #2402, #2637 ),
 ( #7, #1092, #779 ),
 ( #2673, #1313, #1054 ),
 ( #3183, #28, #2905 ),
 ( #2932, #1067, #1588 ),
 ( #2943, #2918, #1855 ),
 ( #263, #2122, #1349 ),
 ( #1339, #3192, #2145 ),
 ( #3406, #3172, #2660 ),
 ( #1870, #815, #1080 ),
 ( #1881, #563, #2413 ),
 ( #825, #239, #1927 ) ),
 .UNSPECIFIED., .F., .F., .F. ) 
 B_SPLINE_SURFACE_WITH_KNOTS ( ( 4, 2, 2, 2, 2, 2, 2, 2, 2, 2, 2, 2, 2, 2, 4 ),
 ( 3, 3 ),
 ( 0.0000000000000000000, 0.006103994355512636400, 0.009155991533268955500, 0.01068199012214711400, 0.01220798871102527300, 0.01831198306653791100, 0.02136398024429422800, 0.02288997883317238700, 0.02441597742205054600, 0.03051997177756318400, 0.03204597036644134300, 0.03357196895531950500, 0.03662396613307582200, 0.04272796048858845700, 0.04883195484410109100 ),
 ( 0.0000000000000000000, 1.000000000000000000 ),
 .UNSPECIFIED. ) 
 GEOMETRIC_REPRESENTATION_ITEM ( )  RATIONAL_B_SPLINE_SURFACE ( (
 ( 1.000000000000000000, 0.8015704635011975400, 1.000000000000000000),
 ( 1.000000000000000000, 0.8071710396198591400, 1.000000000000000000),
 ( 1.000000000000000000, 0.8125170072908001200, 1.000000000000000000),
 ( 1.000000000000000000, 0.8195684373739189300, 1.000000000000000000),
 ( 1.000000000000000000, 0.8217582483937688800, 1.000000000000000000),
 ( 1.000000000000000000, 0.8247381086612625100, 1.000000000000000000),
 ( 1.000000000000000000, 0.8256806603550962400, 1.000000000000000000),
 ( 1.000000000000000000, 0.8274545836261412200, 1.000000000000000000),
 ( 1.000000000000000000, 0.8282853455551103500, 1.000000000000000000),
 ( 1.000000000000000000, 0.8320993441792075000, 1.000000000000000000),
 ( 1.000000000000000000, 0.8340920391135079300, 1.000000000000000000),
 ( 1.000000000000000000, 0.8355163742908476900, 1.000000000000000000),
 ( 1.000000000000000000, 0.8357329852667949600, 1.000000000000000000),
 ( 1.000000000000000000, 0.8356971766950904700, 1.000000000000000000),
 ( 1.000000000000000000, 0.8356247970483590100, 1.000000000000000000),
 ( 1.000000000000000000, 0.8353691938031933000, 1.000000000000000000),
 ( 1.000000000000000000, 0.8351865419887817300, 1.000000000000000000),
 ( 1.000000000000000000, 0.8340326069851787800, 1.000000000000000000),
 ( 1.000000000000000000, 0.8323370478622196300, 1.000000000000000000),
 ( 1.000000000000000000, 0.8298130754653227900, 1.000000000000000000),
 ( 1.000000000000000000, 0.8292881942378067500, 1.000000000000000000),
 ( 1.000000000000000000, 0.8282128481328945300, 1.000000000000000000),
 ( 1.000000000000000000, 0.8276619013966765000, 1.000000000000000000),
 ( 1.000000000000000000, 0.8260109141025180300, 1.000000000000000000),
 ( 1.000000000000000000, 0.8249076177363590100, 1.000000000000000000),
 ( 1.000000000000000000, 0.8217542045967737300, 1.000000000000000000),
 ( 1.000000000000000000, 0.8198674733488663400, 1.000000000000000000),
 ( 1.000000000000000000, 0.8172209905115636100, 1.000000000000000000),
 ( 1.000000000000000000, 0.8164904929256782100, 1.000000000000000000),
 ( 1.000000000000000000, 0.8164965809277260300, 1.000000000000000000) ) ) 
 REPRESENTATION_ITEM ( '' )  SURFACE ( )  );
#2298 = CARTESIAN_POINT ( 'NONE',  ( -25.44260894162823700, 390.7425739958050600, 126.9461711273127700 ) ) ;
#2299 = CIRCLE ( 'NONE', #890, 12.00000000000000000 ) ;
#2300 = EDGE_CURVE ( 'NONE', #3131, #3251, #258, .T. ) ;
#2301 = CARTESIAN_POINT ( 'NONE',  ( -14.99999999999993100, 421.9999999999998300, 78.68465960087432600 ) ) ;
#2302 = LINE ( 'NONE', #2046, #974 ) ;
#2303 = CARTESIAN_POINT ( 'NONE',  ( -45.68829416103733400, 394.9485399015758300, -133.7834316698197800 ) ) ;
#2304 = CIRCLE ( 'NONE', #3376, 27.99999999999999600 ) ;
#2305 = CARTESIAN_POINT ( 'NONE',  ( -57.45137903817727200, 418.1570739847806500, 99.79312568193169900 ) ) ;
#2306 = ORIENTED_EDGE ( 'NONE', *, *, #691, .T. ) ;
#2307 = CARTESIAN_POINT ( 'NONE',  ( -62.39725718061353600, 394.9178057444908600, 3.431513553824601000E-015 ) ) ;
#2308 = CARTESIAN_POINT ( 'NONE',  ( 14.59683756287889600, 390.0000000000000000, 114.0314725176709800 ) ) ;
#2309 = CARTESIAN_POINT ( 'NONE',  ( -21.20670002629861600, 380.0000000000001100, 141.5685424949237800 ) ) ;
#2310 = ORIENTED_EDGE ( 'NONE', *, *, #1025, .T. ) ;
#2311 = EDGE_CURVE ( 'NONE', #1078, #501, #2216, .T. ) ;
#2312 = CARTESIAN_POINT ( 'NONE',  ( -15.00000000000001100, 390.0000000000000600, 116.3775232971007700 ) ) ;
#2313 = ORIENTED_EDGE ( 'NONE', *, *, #2649, .T. ) ;
#2314 = CARTESIAN_POINT ( 'NONE',  ( -14.99999999999993100, 421.9999999999997200, 86.27470961893995100 ) ) ;
#2315 = CARTESIAN_POINT ( 'NONE',  ( -39.65560853480425900, 403.0091955597806600, -127.1527323004706000 ) ) ;
#2316 = AXIS2_PLACEMENT_3D ( 'NONE', #2174, #853, #2703 ) ;
#2317 = ORIENTED_EDGE ( 'NONE', *, *, #3022, .T. ) ;
#2318 = DIRECTION ( 'NONE',  ( -8.673617379884041600E-017, 0.0000000000000000000, -1.000000000000000000 ) ) ;
#2319 = CARTESIAN_POINT ( 'NONE',  ( -58.16795961138469600, 419.6243612903925300, 91.77098465509254800 ) ) ;
#2320 = VERTEX_POINT ( 'NONE', #1887 ) ;
#2321 = CARTESIAN_POINT ( 'NONE',  ( 60.00000000000001400, 360.0000000000000600, 84.99999999999997200 ) ) ;
#2322 = DIRECTION ( 'NONE',  ( 0.0000000000000000000, 0.0000000000000000000, 1.000000000000000000 ) ) ;
#2323 = DIRECTION ( 'NONE',  ( 0.0000000000000000000, 0.0000000000000000000, 1.000000000000000000 ) ) ;
#2324 = CARTESIAN_POINT ( 'NONE',  ( 14.99999999999998900, 396.0000000000000000, 95.00000000000000000 ) ) ;
#2325 = ORIENTED_EDGE ( 'NONE', *, *, #2362, .T. ) ;
#2326 = CARTESIAN_POINT ( 'NONE',  ( -56.40411422907971000, 419.1888221542434400, 90.78801995559224700 ) ) ;
#2327 = ADVANCED_FACE ( 'NONE', ( #1925 ), #140, .T. ) ;
#2328 = CARTESIAN_POINT ( 'NONE',  ( -40.45087147395177100, 405.0376725879751200, -124.8587679101610300 ) ) ;
#2329 = ORIENTED_EDGE ( 'NONE', *, *, #2051, .T. ) ;
#2330 = CARTESIAN_POINT ( 'NONE',  ( 54.47592790861562400, 418.6496637706301800, 92.30028286038546500 ) ) ;
#2331 = EDGE_CURVE ( 'NONE', #3210, #921, #2296, .T. ) ;
#2332 = CARTESIAN_POINT ( 'NONE',  ( 60.00000000000001400, 419.5016164111897300, 92.71735994078588300 ) ) ;
#2333 = LINE ( 'NONE', #2992, #641 ) ;
#2334 = DIRECTION ( 'NONE',  ( -0.0000000000000000000, -0.0000000000000000000, -1.000000000000000000 ) ) ;
#2335 = CARTESIAN_POINT ( 'NONE',  ( -48.29145842439258700, 399.1063158884273300, 130.5565923293930300 ) ) ;
#2336 = EDGE_CURVE ( 'NONE', #1732, #1728, #342, .T. ) ;
#2337 = CARTESIAN_POINT ( 'NONE',  ( -56.46827363942381300, 417.3466114521425500, -102.7711151900617600 ) ) ;
#2338 = FACE_OUTER_BOUND ( 'NONE', #3334, .T. ) ;
#2339 = CARTESIAN_POINT ( 'NONE',  ( 3.245314017740486600E-015, 398.0000000000000000, -125.0000000000000000 ) ) ;
#2340 = CARTESIAN_POINT ( 'NONE',  ( -51.23623115396574700, 405.5946721543007800, -124.0231898650020200 ) ) ;
#2341 = EDGE_CURVE ( 'NONE', #1082, #2639, #647, .T. ) ;
#2342 = FACE_OUTER_BOUND ( 'NONE', #2883, .T. ) ;
#2343 = B_SPLINE_CURVE_WITH_KNOTS ( 'NONE', 3,
 ( #2104, #1416, #247, #3414, #522, #2901, #2227, #122 ),
 .UNSPECIFIED., .F., .F.,
 ( 4, 2, 2, 4 ),
 ( -4.396572866358017500E-005, 0.002375802113882780600, 0.004795569956429124700, 0.009635105641521837100 ),
 .UNSPECIFIED. ) ;
#2344 = DIRECTION ( 'NONE',  ( 0.0000000000000000000, -1.000000000000000000, -0.0000000000000000000 ) ) ;
#2345 = CARTESIAN_POINT ( 'NONE',  ( -27.53780414235533100, 391.4158470057851100, 137.0426122409277200 ) ) ;
#2346 = CARTESIAN_POINT ( 'NONE',  ( 40.45087147395462800, 405.0376725879923500, 124.8587679101502900 ) ) ;
#2347 = DIRECTION ( 'NONE',  ( 1.000000000000000000, 0.0000000000000000000, -4.625929269271485900E-016 ) ) ;
#2348 = EDGE_CURVE ( 'NONE', #1698, #1152, #968, .T. ) ;
#2349 = CYLINDRICAL_SURFACE ( 'NONE', #2461, 60.00000000000000700 ) ;
#2350 = CARTESIAN_POINT ( 'NONE',  ( -3.686291501015258400, 414.0000000000000600, 75.60612308660186900 ) ) ;
#2351 = CARTESIAN_POINT ( 'NONE',  ( -26.90356386320699400, 391.1403192399224600, -137.2396169485625100 ) ) ;
#2352 = VECTOR ( 'NONE', #2009, 1000.000000000000000 ) ;
#2353 = AXIS2_PLACEMENT_3D ( 'NONE', #975, #964, #2590 ) ;
#2354 = ORIENTED_EDGE ( 'NONE', *, *, #2086, .F. ) ;
#2355 = EDGE_LOOP ( 'NONE', ( #124, #947, #1192, #1276 ) ) ;
#2356 = AXIS2_PLACEMENT_3D ( 'NONE', #272, #2670, #834 ) ;
#2357 = CARTESIAN_POINT ( 'NONE',  ( -28.08335349843683900, 381.2413305518786600, 141.1154887842894000 ) ) ;
#2358 = CARTESIAN_POINT ( 'NONE',  ( 0.0000000000000000000, 415.0000000000000600, -100.0000000000000000 ) ) ;
#2359 = EDGE_LOOP ( 'NONE', ( #1457, #1859, #1849, #2691, #659 ) ) ;
#2360 = CARTESIAN_POINT ( 'NONE',  ( -44.73662622136053100, 414.3454633021250400, -110.5675559235474600 ) ) ;
#2361 = EDGE_LOOP ( 'NONE', ( #37, #1951, #1154, #2161 ) ) ;
#2362 = EDGE_CURVE ( 'NONE', #827, #2646, #1223, .T. ) ;
#2363 = ORIENTED_EDGE ( 'NONE', *, *, #3232, .F. ) ;
#2364 = ADVANCED_FACE ( 'NONE', ( #3355 ), #2938, .F. ) ;
#2365 = CARTESIAN_POINT ( 'NONE',  ( 10.99999999999998800, 422.0000000000000600, 95.00000000000000000 ) ) ;
#2366 = AXIS2_PLACEMENT_3D ( 'NONE', #2280, #181, #2794 ) ;
#2367 = ORIENTED_EDGE ( 'NONE', *, *, #2493, .F. ) ;
#2368 = CARTESIAN_POINT ( 'NONE',  ( -36.23332447278265500, 398.3090276059713800, -118.9559248148668300 ) ) ;
#2369 = CARTESIAN_POINT ( 'NONE',  ( -46.81081030818955200, 396.6629887482023900, 132.4990463524775100 ) ) ;
#2370 = CARTESIAN_POINT ( 'NONE',  ( 42.64787297462088800, 391.0813346652411200, 136.3242027478785300 ) ) ;
#2371 = DIRECTION ( 'NONE',  ( -1.000000000000000000, -0.0000000000000000000, 4.625929269271485900E-016 ) ) ;
#2372 = CARTESIAN_POINT ( 'NONE',  ( -47.45590639462345500, 416.0881018945101500, -106.5540226636117200 ) ) ;
#2373 = CARTESIAN_POINT ( 'NONE',  ( -24.66374764408817900, 390.5158487414831800, -127.0981088363066500 ) ) ;
#2374 = CARTESIAN_POINT ( 'NONE',  ( -19.99999999999985100, 390.0000000000000000, -145.0000000000000300 ) ) ;
#2375 = CIRCLE ( 'NONE', #1715, 15.00000000000000200 ) ;
#2376 = ADVANCED_FACE ( 'NONE', ( #1048 ), #670, .T. ) ;
#2377 = CARTESIAN_POINT ( 'NONE',  ( -38.93297909715277400, 401.6595000116608400, 128.4992268347748200 ) ) ;
#2378 = CARTESIAN_POINT ( 'NONE',  ( 37.37378741566200100, 399.1500946885757900, 130.8909193964545100 ) ) ;
#2379 = DIRECTION ( 'NONE',  ( 0.0000000000000000000, -1.000000000000000000, 0.0000000000000000000 ) ) ;
#2380 = EDGE_CURVE ( 'NONE', #1526, #582, #2542, .T. ) ;
#2381 = CARTESIAN_POINT ( 'NONE',  ( -34.10314665946172100, 383.9499306669037500, -140.0136094610848800 ) ) ;
#2382 = CARTESIAN_POINT ( 'NONE',  ( -61.53101562883536200, 420.0361253261423300, 86.93416685978445500 ) ) ;
#2383 = CARTESIAN_POINT ( 'NONE',  ( -39.21067554005845300, 404.3297343167698200, 108.0059781419208100 ) ) ;
#2384 = SURFACE_STYLE_FILL_AREA ( #1411 ) ;
#2385 = DIRECTION ( 'NONE',  ( -0.0000000000000000000, 1.000000000000000000, -0.0000000000000000000 ) ) ;
#2386 = VECTOR ( 'NONE', #1690, 1000.000000000000000 ) ;
#2387 = CARTESIAN_POINT ( 'NONE',  ( 60.00000000000000000, 60.00000000000000700, -85.00000000000001400 ) ) ;
#2388 = DIRECTION ( 'NONE',  ( -0.0000000000000000000, 0.0000000000000000000, 1.000000000000000000 ) ) ;
#2389 = CIRCLE ( 'NONE', #3175, 60.00000000000000000 ) ;
#2390 = CARTESIAN_POINT ( 'NONE',  ( -22.77526055489649800, 390.1408383530736000, 137.9360556957871600 ) ) ;
#2391 = CARTESIAN_POINT ( 'NONE',  ( -50.63046701566188500, 404.0085142614866000, -125.8466911554227200 ) ) ;
#2392 = ORIENTED_EDGE ( 'NONE', *, *, #1544, .T. ) ;
#2393 = CARTESIAN_POINT ( 'NONE',  ( -15.00000000000002000, 422.0000000000000000, -41.85933138205044900 ) ) ;
#2394 = CARTESIAN_POINT ( 'NONE',  ( -64.10958373819464400, 419.8590955619843000, -85.00000000000001400 ) ) ;
#2395 = ADVANCED_FACE ( 'NONE', ( #1548 ), #2405, .T. ) ;
#2396 = ORIENTED_EDGE ( 'NONE', *, *, #138, .T. ) ;
#2397 = ORIENTED_EDGE ( 'NONE', *, *, #80, .T. ) ;
#2398 = CARTESIAN_POINT ( 'NONE',  ( 54.70208224515430800, 415.1490490822520800, 108.7358109444655800 ) ) ;
#2399 = ORIENTED_EDGE ( 'NONE', *, *, #2799, .F. ) ;
#2400 = AXIS2_PLACEMENT_3D ( 'NONE', #2387, #3169, #2681 ) ;
#2401 = CARTESIAN_POINT ( 'NONE',  ( -41.87958678327761700, 410.9364375265932400, 116.8846878522315900 ) ) ;
#2402 = CARTESIAN_POINT ( 'NONE',  ( 33.25970888968753100, 394.7146041858001700, 134.6061241558063600 ) ) ;
#2403 = CARTESIAN_POINT ( 'NONE',  ( -43.09011926568837900, 391.5744719823012500, -136.0297740286709400 ) ) ;
#2404 = ORIENTED_EDGE ( 'NONE', *, *, #1841, .T. ) ;
#2405 =( BOUNDED_SURFACE ( )  B_SPLINE_SURFACE ( 3, 2, ( 
 ( #2514, #385, #962 ),
 ( #2526, #1452, #1481 ),
 ( #3320, #3310, #930 ),
 ( #678, #2499, #1746 ) ),
 .UNSPECIFIED., .F., .F., .F. ) 
 B_SPLINE_SURFACE_WITH_KNOTS ( ( 4, 4 ),
 ( 3, 3 ),
 ( 0.0000000000000000000, 0.006563110498406079000 ),
 ( 0.0000000000000000000, 1.000000000000000000 ),
 .UNSPECIFIED. ) 
 GEOMETRIC_REPRESENTATION_ITEM ( )  RATIONAL_B_SPLINE_SURFACE ( (
 ( 1.000000000000000000, 0.9906504106432249000, 1.000000000000000000),
 ( 1.000000000000000000, 0.9969058896704048300, 1.000000000000000000),
 ( 1.000000000000000000, 0.9999933592842829000, 1.000000000000000000),
 ( 1.000000000000000000, 1.000000000000000000, 1.000000000000000000) ) ) 
 REPRESENTATION_ITEM ( '' )  SURFACE ( )  );
#2406 = CARTESIAN_POINT ( 'NONE',  ( -15.00000000000002300, 422.0000000000000600, -41.99999999999997900 ) ) ;
#2407 = CARTESIAN_POINT ( 'NONE',  ( 11.26220046489740900, 416.6792300052242700, -35.78974548559012400 ) ) ;
#2408 = VERTEX_POINT ( 'NONE', #2788 ) ;
#2409 = DIRECTION ( 'NONE',  ( 0.0000000000000000000, -1.000000000000000000, 0.0000000000000000000 ) ) ;
#2410 = ADVANCED_FACE ( 'NONE', ( #1390 ), #2011, .F. ) ;
#2411 = EDGE_CURVE ( 'NONE', #530, #1621, #3363, .T. ) ;
#2412 = CARTESIAN_POINT ( 'NONE',  ( -61.35814707602376900, 419.7810716995939500, -90.14856753473635800 ) ) ;
#2413 = CARTESIAN_POINT ( 'NONE',  ( 22.06182376855866100, 380.0000000001737100, 141.5685424948623800 ) ) ;
#2414 = CARTESIAN_POINT ( 'NONE',  ( -59.99999999999997200, 419.5016164111892200, 92.71735994078954900 ) ) ;
#2415 = CARTESIAN_POINT ( 'NONE',  ( -11.00000000000001100, 396.0000000000000000, 95.00000000000000000 ) ) ;
#2416 = LINE ( 'NONE', #1400, #2821 ) ;
#2417 = CARTESIAN_POINT ( 'NONE',  ( 14.99999999999969100, 421.9999999999992000, 78.68465960087432600 ) ) ;
#2418 = VECTOR ( 'NONE', #214, 1000.000000000000000 ) ;
#2419 = DIRECTION ( 'NONE',  ( 9.570888143320316900E-017, 0.0000000000000000000, 1.000000000000000000 ) ) ;
#2420 = AXIS2_PLACEMENT_3D ( 'NONE', #1681, #1928, #2187 ) ;
#2421 = DIRECTION ( 'NONE',  ( -1.000000000000000000, 0.0000000000000000000, 0.0000000000000000000 ) ) ;
#2422 = CARTESIAN_POINT ( 'NONE',  ( -39.91396841891274500, 403.6632209036030800, 126.4151793603262300 ) ) ;
#2423 = EDGE_CURVE ( 'NONE', #1689, #2684, #2003, .T. ) ;
#2424 = CARTESIAN_POINT ( 'NONE',  ( -35.58674514980464200, 384.8767014062502200, -139.6009874296812300 ) ) ;
#2425 = LINE ( 'NONE', #2218, #2180 ) ;
#2426 = AXIS2_PLACEMENT_3D ( 'NONE', #2776, #3296, #132 ) ;
#2427 = DIRECTION ( 'NONE',  ( 0.0000000000000000000, 0.0000000000000000000, -1.000000000000000000 ) ) ;
#2428 = CARTESIAN_POINT ( 'NONE',  ( 9.265335587770017900, 415.3722677318562000, -35.11097870403765600 ) ) ;
#2429 = ADVANCED_FACE ( 'NONE', ( #888 ), #2258, .T. ) ;
#2430 = LINE ( 'NONE', #2284, #1722 ) ;
#2431 = FACE_OUTER_BOUND ( 'NONE', #823, .T. ) ;
#2432 = CARTESIAN_POINT ( 'NONE',  ( -3.000000000000010200, 422.0000000000000000, 93.49466690660015900 ) ) ;
#2433 = CARTESIAN_POINT ( 'NONE',  ( 7.999999999999976000, 390.0000000000000000, -48.00000000000000700 ) ) ;
#2434 = CARTESIAN_POINT ( 'NONE',  ( -59.99999999999998600, 419.5016164111891000, -92.71735994079023200 ) ) ;
#2435 = ORIENTED_EDGE ( 'NONE', *, *, #3300, .T. ) ;
#2436 = CARTESIAN_POINT ( 'NONE',  ( -47.35563350157592300, 414.9119528812232100, -98.56147754091978200 ) ) ;
#2437 = ORIENTED_EDGE ( 'NONE', *, *, #2642, .F. ) ;
#2438 = CARTESIAN_POINT ( 'NONE',  ( 39.57619027245915100, 405.3572255325947300, 107.3415923486478900 ) ) ;
#2439 = DIRECTION ( 'NONE',  ( 0.0000000000000000000, -1.000000000000000000, 0.0000000000000000000 ) ) ;
#2440 = DIRECTION ( 'NONE',  ( -1.000000000000000000, 0.0000000000000000000, 0.0000000000000000000 ) ) ;
#2441 = ORIENTED_EDGE ( 'NONE', *, *, #612, .T. ) ;
#2442 = CARTESIAN_POINT ( 'NONE',  ( 14.99999999999873500, 421.9999999999964800, 76.37398640803033300 ) ) ;
#2443 = VERTEX_POINT ( 'NONE', #1250 ) ;
#2444 = DIRECTION ( 'NONE',  ( 0.0000000000000000000, 0.0000000000000000000, -1.000000000000000000 ) ) ;
#2445 = ORIENTED_EDGE ( 'NONE', *, *, #2523, .T. ) ;
#2446 = CARTESIAN_POINT ( 'NONE',  ( 47.36815435708034300, 397.5713348126703900, -131.7838535045999000 ) ) ;
#2447 = DIRECTION ( 'NONE',  ( 8.673617379884041600E-017, 0.0000000000000000000, 1.000000000000000000 ) ) ;
#2448 = ORIENTED_EDGE ( 'NONE', *, *, #1455, .T. ) ;
#2449 = AXIS2_PLACEMENT_3D ( 'NONE', #2178, #1084, #3197 ) ;
#2450 = B_SPLINE_CURVE_WITH_KNOTS ( 'NONE', 3,
 ( #2847, #31, #2738, #2276, #694, #3326, #676, #1731, #3044, #1507, #1205, #2266, #1753, #685, #1994, #407, #3307, #440, #1762, #418, #2784, #2006, #2277, #2298, #1216, #3349, #151, #142 ),
 .UNSPECIFIED., .F., .F.,
 ( 4, 2, 2, 2, 2, 2, 2, 2, 2, 2, 2, 2, 2, 4 ),
 ( 4.022763522469815100E-016, 0.004168014104729507500, 0.006252021157094077300, 0.008336028209458647100, 0.01250404231418778500, 0.01458804936655237600, 0.01667205641891696500, 0.01875606347128155500, 0.01979806699746385400, 0.02084007052364615300, 0.02500808462837545600, 0.02709209168074011900, 0.02917609873310478600, 0.03334411283783407500 ),
 .UNSPECIFIED. ) ;
#2451 = CARTESIAN_POINT ( 'NONE',  ( -36.50530691977176200, 398.6958677154044000, 118.3576682404517900 ) ) ;
#2452 = CARTESIAN_POINT ( 'NONE',  ( 14.99999999999999100, 390.0000000000000600, 121.0000000000000000 ) ) ;
#2453 = ORIENTED_EDGE ( 'NONE', *, *, #332, .T. ) ;
#2454 = DIRECTION ( 'NONE',  ( -1.000000000000000000, 0.0000000000000000000, 8.673617379884041600E-017 ) ) ;
#2455 = CARTESIAN_POINT ( 'NONE',  ( 3.463374208599277400, 413.5146306666459300, 81.09099630599233400 ) ) ;
#2456 = CARTESIAN_POINT ( 'NONE',  ( 3.686291501015218400, 426.0000000000000600, -35.00000000000000000 ) ) ;
#2457 = CARTESIAN_POINT ( 'NONE',  ( 49.75714024206393300, 402.0757440597352600, -127.7918046089256700 ) ) ;
#2458 = DIRECTION ( 'NONE',  ( -9.570888143320316900E-017, 0.0000000000000000000, -1.000000000000000000 ) ) ;
#2459 = DIRECTION ( 'NONE',  ( 0.0000000000000000000, 0.0000000000000000000, -1.000000000000000000 ) ) ;
#2460 = CARTESIAN_POINT ( 'NONE',  ( -22.40470148799639800, 380.0831221987935500, -141.5393513200013200 ) ) ;
#2461 = AXIS2_PLACEMENT_3D ( 'NONE', #131, #1466, #2570 ) ;
#2462 = CARTESIAN_POINT ( 'NONE',  ( 52.97564447381055400, 411.0258726239164300, -116.5651757949779300 ) ) ;
#2463 = CIRCLE ( 'NONE', #2929, 4.000000000000003600 ) ;
#2464 = ADVANCED_FACE ( 'NONE', ( #2708 ), #1304, .T. ) ;
#2465 = DIRECTION ( 'NONE',  ( 0.0000000000000000000, 0.0000000000000000000, 1.000000000000000000 ) ) ;
#2466 = CIRCLE ( 'NONE', #3133, 30.00000000000000000 ) ;
#2467 = CARTESIAN_POINT ( 'NONE',  ( 24.82588437475694900, 390.5627694798353700, -137.6423974077270600 ) ) ;
#2468 = DIRECTION ( 'NONE',  ( 0.0000000000000000000, -1.000000000000000000, 0.0000000000000000000 ) ) ;
#2469 = LINE ( 'NONE', #2201, #2548 ) ;
#2470 = DIRECTION ( 'NONE',  ( -0.0000000000000000000, -1.000000000000000000, -0.0000000000000000000 ) ) ;
#2471 = FACE_OUTER_BOUND ( 'NONE', #1864, .T. ) ;
#2472 = DIRECTION ( 'NONE',  ( 1.000000000000000000, 0.0000000000000000000, 0.0000000000000000000 ) ) ;
#2473 = CARTESIAN_POINT ( 'NONE',  ( 25.90803674498242500, 380.6432530602190800, -141.3379844951607800 ) ) ;
#2474 = CARTESIAN_POINT ( 'NONE',  ( 3.429011037612588900E-015, 415.0000000000000600, -72.00000000000001400 ) ) ;
#2475 = ORIENTED_EDGE ( 'NONE', *, *, #518, .F. ) ;
#2476 = CARTESIAN_POINT ( 'NONE',  ( 3.542122381473367100, 413.6933249297260900, 80.02541740287998100 ) ) ;
#2477 = CARTESIAN_POINT ( 'NONE',  ( -3.678785298639748000, 413.9849706011273700, 76.70407834423836800 ) ) ;
#2478 = CARTESIAN_POINT ( 'NONE',  ( 38.36886750220601500, 400.6763885419344400, -129.4630383905619600 ) ) ;
#2479 = EDGE_LOOP ( 'NONE', ( #1114, #2781, #543, #2520 ) ) ;
#2480 = DIRECTION ( 'NONE',  ( 1.000000000000000000, 0.0000000000000000000, -4.625929269271485900E-016 ) ) ;
#2481 = ORIENTED_EDGE ( 'NONE', *, *, #1103, .F. ) ;
#2482 = ADVANCED_FACE ( 'NONE', ( #1505 ), #2763, .T. ) ;
#2483 = VERTEX_POINT ( 'NONE', #3391 ) ;
#2484 = CARTESIAN_POINT ( 'NONE',  ( -59.99999999999998600, 360.0000000000000600, -85.00000000000001400 ) ) ;
#2485 = ORIENTED_EDGE ( 'NONE', *, *, #2603, .F. ) ;
#2486 = CARTESIAN_POINT ( 'NONE',  ( 0.0000000000000000000, 380.0000000000000000, -141.5685424949238300 ) ) ;
#2487 = CARTESIAN_POINT ( 'NONE',  ( 52.23770175670291100, 408.4261254363054300, 120.5005185247947800 ) ) ;
#2488 = ORIENTED_EDGE ( 'NONE', *, *, #1025, .F. ) ;
#2489 = CARTESIAN_POINT ( 'NONE',  ( 37.49735269858590000, 400.3056998600876600, -115.5670661696890600 ) ) ;
#2490 = VERTEX_POINT ( 'NONE', #233 ) ;
#2491 = CARTESIAN_POINT ( 'NONE',  ( 38.27827866662125400, 386.8474315069097400, -138.6632861632948800 ) ) ;
#2492 = CARTESIAN_POINT ( 'NONE',  ( -120.0000000000000000, 360.0000000000000600, -85.00000000000001400 ) ) ;
#2493 = EDGE_CURVE ( 'NONE', #921, #1487, #803, .T. ) ;
#2494 = ORIENTED_EDGE ( 'NONE', *, *, #1652, .F. ) ;
#2495 = CARTESIAN_POINT ( 'NONE',  ( 20.00000000000000700, 410.0000000000000600, -145.0000000000000300 ) ) ;
#2496 = CARTESIAN_POINT ( 'NONE',  ( -15.00000000000004800, 390.0000000000000600, -41.99999999999998600 ) ) ;
#2497 = CARTESIAN_POINT ( 'NONE',  ( 29.40959583784135800, 381.6092843295886000, 140.9776694836600400 ) ) ;
#2498 = CARTESIAN_POINT ( 'NONE',  ( 3.053748961653119000, 412.0287664261802000, 86.35714417105872100 ) ) ;
#2499 = CARTESIAN_POINT ( 'NONE',  ( -64.10958373819464400, 419.8590955619843000, -85.00000000000001400 ) ) ;
#2500 = CIRCLE ( 'NONE', #1536, 25.99999999999999600 ) ;
#2501 = CARTESIAN_POINT ( 'NONE',  ( 48.74556041479072400, 416.7579673531140500, -104.6977488914272000 ) ) ;
#2502 = DIRECTION ( 'NONE',  ( -0.0000000000000000000, 1.000000000000000000, -0.0000000000000000000 ) ) ;
#2503 = CIRCLE ( 'NONE', #718, 4.000000000000000000 ) ;
#2504 = APPLICATION_CONTEXT ( 'automotive_design' ) ;
#2505 = AXIS2_PLACEMENT_3D ( 'NONE', #3354, #3311, #2318 ) ;
#2506 = CARTESIAN_POINT ( 'NONE',  ( 7.999999999999977800, 390.0000000000000000, -41.99999999999997900 ) ) ;
#2507 = CARTESIAN_POINT ( 'NONE',  ( 46.27946721899403600, 395.7694857637951000, 133.2196368286277800 ) ) ;
#2508 = CARTESIAN_POINT ( 'NONE',  ( -8.000000000000028400, 390.0000000000000600, -54.99999999999999300 ) ) ;
#2509 = FACE_OUTER_BOUND ( 'NONE', #3090, .T. ) ;
#2510 = B_SPLINE_CURVE_WITH_KNOTS ( 'NONE', 3,
 ( #442, #2312, #2572, #2008, #1259, #409, #2268, #686, #2533, #950, #743, #2595, #196, #228, #1569, #1533, #3374, #2100, #2851, #762, #1010, #1286 ),
 .UNSPECIFIED., .F., .F.,
 ( 4, 2, 2, 2, 2, 2, 2, 2, 2, 2, 4 ),
 ( 0.0000000000000000000, 0.002359451202798920300, 0.003539176804198380400, 0.004718902405597840500, 0.007078353608396759100, 0.009437804811195677600, 0.01179725601399459600, 0.01297698161539405900, 0.01415670721679351800, 0.01651615841959245800, 0.01887560962239140000 ),
 .UNSPECIFIED. ) ;
#2511 = CARTESIAN_POINT ( 'NONE',  ( 60.00000000000008500, 419.5016164111892200, -92.71735994078970600 ) ) ;
#2512 = CARTESIAN_POINT ( 'NONE',  ( 36.50135154331630400, 398.6633117712834200, -118.4369699125759800 ) ) ;
#2513 = CYLINDRICAL_SURFACE ( 'NONE', #2288, 4.000000000000003600 ) ;
#2514 = CARTESIAN_POINT ( 'NONE',  ( -59.99999999999978700, 419.5016164111891000, -92.71735994079020300 ) ) ;
#2515 = EDGE_LOOP ( 'NONE', ( #1333, #716, #626, #39 ) ) ;
#2516 = CARTESIAN_POINT ( 'NONE',  ( 52.76101273927576300, 418.3738296753340400, -99.02911184076109000 ) ) ;
#2517 = CARTESIAN_POINT ( 'NONE',  ( -52.97564447381054000, 411.0258726239164300, -116.5651757949779300 ) ) ;
#2518 = ORIENTED_EDGE ( 'NONE', *, *, #2018, .F. ) ;
#2519 = CARTESIAN_POINT ( 'NONE',  ( -3.000000000000009800, 390.0000000000000600, 105.0000000000000100 ) ) ;
#2520 = ORIENTED_EDGE ( 'NONE', *, *, #3373, .F. ) ;
#2521 = CARTESIAN_POINT ( 'NONE',  ( 10.94140369767373500, 390.0000000000000600, 108.0510500829004900 ) ) ;
#2522 = ORIENTED_EDGE ( 'NONE', *, *, #1275, .T. ) ;
#2523 = EDGE_CURVE ( 'NONE', #2443, #3199, #516, .T. ) ;
#2524 = VERTEX_POINT ( 'NONE', #1835 ) ;
#2525 = CARTESIAN_POINT ( 'NONE',  ( -12.17157287520922200, 414.0000000000639500, 76.20944037858213000 ) ) ;
#2526 = CARTESIAN_POINT ( 'NONE',  ( -61.35108265628564100, 419.8352337330891800, -90.14513704745267800 ) ) ;
#2527 = VERTEX_POINT ( 'NONE', #3165 ) ;
#2528 = CARTESIAN_POINT ( 'NONE',  ( 43.35239711332029300, 413.3036085156431300, -112.6652102483931900 ) ) ;
#2529 = EDGE_CURVE ( 'NONE', #2527, #666, #1136, .T. ) ;
#2530 = CARTESIAN_POINT ( 'NONE',  ( -53.31771310807700800, 412.1759892781830100, 114.6458498950826300 ) ) ;
#2531 = AXIS2_PLACEMENT_3D ( 'NONE', #2017, #2541, #2822 ) ;
#2532 = ORIENTED_EDGE ( 'NONE', *, *, #2874, .F. ) ;
#2533 = CARTESIAN_POINT ( 'NONE',  ( -13.42994258788058400, 390.0000000000000600, 111.1175357902287300 ) ) ;
#2534 = CARTESIAN_POINT ( 'NONE',  ( -12.22428000055676700, 413.9094655620207800, 78.02153354135400300 ) ) ;
#2535 = CARTESIAN_POINT ( 'NONE',  ( 37.83554378526319800, 400.9481568809479200, -114.2981153738737800 ) ) ;
#2536 = EDGE_CURVE ( 'NONE', #2941, #2198, #3146, .T. ) ;
#2537 = CARTESIAN_POINT ( 'NONE',  ( -38.84322541360602800, 403.2968025531070600, -108.6738818462334300 ) ) ;
#2538 = CARTESIAN_POINT ( 'NONE',  ( 64.10958373819470100, 419.8590955619843000, 84.99999999999997200 ) ) ;
#2539 = CARTESIAN_POINT ( 'NONE',  ( 36.23332447278266200, 398.3090276059713800, 118.9559248148667500 ) ) ;
#2540 = CYLINDRICAL_SURFACE ( 'NONE', #3388, 60.00000000000000700 ) ;
#2541 = DIRECTION ( 'NONE',  ( 0.4619779787835171500, 0.1140743354364771600, 0.8795245267266982300 ) ) ;
#2542 = LINE ( 'NONE', #2283, #57 ) ;
#2543 = CARTESIAN_POINT ( 'NONE',  ( -3.291457401944158700, 413.0366401744846000, 83.22654203826134300 ) ) ;
#2544 = CARTESIAN_POINT ( 'NONE',  ( 38.35697717429614100, 402.0219220019143300, -112.0206555264123700 ) ) ;
#2545 = FACE_OUTER_BOUND ( 'NONE', #329, .T. ) ;
#2546 = CARTESIAN_POINT ( 'NONE',  ( 58.16795961138473100, 419.6243612903925900, -91.77098465509259000 ) ) ;
#2547 = CARTESIAN_POINT ( 'NONE',  ( -23.81629860475120700, 390.3644412644879900, -127.1957112475125500 ) ) ;
#2548 = VECTOR ( 'NONE', #885, 1000.000000000000000 ) ;
#2549 = B_SPLINE_CURVE_WITH_KNOTS ( 'NONE', 3,
 ( #896, #148, #1433, #1706, #367, #1444, #2002, #1967, #2790, #2747, #1739, #2517 ),
 .UNSPECIFIED., .F., .F.,
 ( 4, 2, 2, 2, 2, 4 ),
 ( 1.387778780781445700E-017, 0.003289794071217851000, 0.006579588142435688200, 0.01315917628487133000, 0.01973876442730697000, 0.02631835256974261000 ),
 .UNSPECIFIED. ) ;
#2550 = CARTESIAN_POINT ( 'NONE',  ( 59.21455261010542200, 419.2080409765549700, 94.77184824070813800 ) ) ;
#2551 = DIRECTION ( 'NONE',  ( 1.000000000000000000, 0.0000000000000000000, 0.0000000000000000000 ) ) ;
#2552 = CIRCLE ( 'NONE', #3011, 60.00000000000000700 ) ;
#2553 = CARTESIAN_POINT ( 'NONE',  ( 64.10958373819468600, 419.8590955619843000, -85.00000000000001400 ) ) ;
#2554 = CARTESIAN_POINT ( 'NONE',  ( 7.999999999999977800, 420.0000000000000600, -41.99999999999997900 ) ) ;
#2555 = CARTESIAN_POINT ( 'NONE',  ( -38.35839097712740700, 402.0262118138197700, -112.0089434921925400 ) ) ;
#2556 = AXIS2_PLACEMENT_3D ( 'NONE', #3226, #1921, #1368 ) ;
#2557 = ORIENTED_EDGE ( 'NONE', *, *, #1582, .F. ) ;
#2558 = CARTESIAN_POINT ( 'NONE',  ( -59.99999999999941000, 419.5016164111892700, 92.71735994078949300 ) ) ;
#2559 = ORIENTED_EDGE ( 'NONE', *, *, #3399, .F. ) ;
#2560 = ORIENTED_EDGE ( 'NONE', *, *, #2536, .F. ) ;
#2561 = CARTESIAN_POINT ( 'NONE',  ( -3.199187342337197900, 412.7388241827920900, 84.28245167837693000 ) ) ;
#2562 = CARTESIAN_POINT ( 'NONE',  ( 11.23103186256820200, 389.9999999999999400, 108.3196229589102300 ) ) ;
#2563 = ORIENTED_EDGE ( 'NONE', *, *, #194, .T. ) ;
#2564 = CARTESIAN_POINT ( 'NONE',  ( -59.99999999999998600, 60.00000000000000000, -145.0000000000000300 ) ) ;
#2565 = CARTESIAN_POINT ( 'NONE',  ( 60.88033440421961000, 419.8801461568206200, -87.41630836939938800 ) ) ;
#2566 = VERTEX_POINT ( 'NONE', #3429 ) ;
#2567 = CARTESIAN_POINT ( 'NONE',  ( -30.97466422470107600, 393.2415337841082400, -124.9857303193690500 ) ) ;
#2568 = VERTEX_POINT ( 'NONE', #13 ) ;
#2569 = CARTESIAN_POINT ( 'NONE',  ( 52.97564447381055400, 411.0258726239164300, -116.5651757949779300 ) ) ;
#2570 = DIRECTION ( 'NONE',  ( 0.0000000000000000000, 0.0000000000000000000, -1.000000000000000000 ) ) ;
#2571 = CARTESIAN_POINT ( 'NONE',  ( -32.57908937301300500, 383.1116939211415200, 140.3708183118116900 ) ) ;
#2572 = CARTESIAN_POINT ( 'NONE',  ( -14.92281766206916400, 389.9999999999999400, 115.5928553575307100 ) ) ;
#2573 = CARTESIAN_POINT ( 'NONE',  ( 63.46531200487979900, 419.9033275807501000, -85.48326383772153700 ) ) ;
#2574 = CARTESIAN_POINT ( 'NONE',  ( -40.79643428938275200, 406.0541355364938500, -123.6472894067095600 ) ) ;
#2575 = COLOUR_RGB ( '',1.000000000000000000, 0.0000000000000000000, 0.0000000000000000000 ) ;
#2576 = CARTESIAN_POINT ( 'NONE',  ( 55.41585272053396200, 418.9447947763117700, -91.54061015147875900 ) ) ;
#2577 = CARTESIAN_POINT ( 'NONE',  ( 14.99999999999998900, 390.0000000000000600, 105.0000000000000100 ) ) ;
#2578 = CIRCLE ( 'NONE', #174, 60.00000000000000700 ) ;
#2579 = ADVANCED_FACE ( 'NONE', ( #935 ), #1755, .T. ) ;
#2580 = CARTESIAN_POINT ( 'NONE',  ( -3.462572633358285100, 413.5126187157981700, 81.10136974242841700 ) ) ;
#2581 = CARTESIAN_POINT ( 'NONE',  ( 37.34910901154562900, 400.0474147761891600, 116.0415524825883600 ) ) ;
#2582 = DIRECTION ( 'NONE',  ( 0.0000000000000000000, 1.000000000000000000, 0.0000000000000000000 ) ) ;
#2583 = DIRECTION ( 'NONE',  ( 6.672013369141566700E-017, 0.0000000000000000000, 1.000000000000000000 ) ) ;
#2584 = DIRECTION ( 'NONE',  ( 0.0000000000000000000, 0.0000000000000000000, 1.000000000000000000 ) ) ;
#2585 = CARTESIAN_POINT ( 'NONE',  ( -45.06327393748635800, 394.0694852058271600, -134.3998925339983800 ) ) ;
#2586 = EDGE_CURVE ( 'NONE', #1732, #2527, #3238, .T. ) ;
#2587 = FACE_OUTER_BOUND ( 'NONE', #1361, .T. ) ;
#2588 = DIRECTION ( 'NONE',  ( 0.0000000000000000000, -1.000000000000000000, 0.0000000000000000000 ) ) ;
#2589 = ORIENTED_EDGE ( 'NONE', *, *, #1229, .F. ) ;
#2590 = DIRECTION ( 'NONE',  ( 0.0000000000000000000, 0.0000000000000000000, 1.000000000000000000 ) ) ;
#2591 = CARTESIAN_POINT ( 'NONE',  ( 37.23968607410231600, 399.8588541502613800, 116.3842082126088300 ) ) ;
#2592 = CARTESIAN_POINT ( 'NONE',  ( -40.82755407124734900, 389.1560798930946100, 137.4415766116662800 ) ) ;
#2593 = CARTESIAN_POINT ( 'NONE',  ( -59.22872547184644500, 419.2140652731470100, -94.73371048051097900 ) ) ;
#2594 = ORIENTED_EDGE ( 'NONE', *, *, #3373, .T. ) ;
#2595 = CARTESIAN_POINT ( 'NONE',  ( -10.96100371678023000, 390.0000000000001100, 108.0430474268193700 ) ) ;
#2596 = ORIENTED_EDGE ( 'NONE', *, *, #1180, .T. ) ;
#2597 = ADVANCED_FACE ( 'NONE', ( #725 ), #2148, .T. ) ;
#2598 = CARTESIAN_POINT ( 'NONE',  ( -50.36094077010767500, 403.4439678111460800, -126.3887366434281200 ) ) ;
#2599 = ORIENTED_EDGE ( 'NONE', *, *, #1410, .F. ) ;
#2600 = ORIENTED_EDGE ( 'NONE', *, *, #923, .T. ) ;
#2601 = CARTESIAN_POINT ( 'NONE',  ( 44.29455904117193700, 412.2780256038216700, 101.5875069208018700 ) ) ;
#2602 = ORIENTED_EDGE ( 'NONE', *, *, #1814, .T. ) ;
#2603 = EDGE_CURVE ( 'NONE', #1483, #2021, #1344, .T. ) ;
#2604 = CARTESIAN_POINT ( 'NONE',  ( -34.33701369690263800, 395.7118460920972300, 133.8122371944392300 ) ) ;
#2605 = CARTESIAN_POINT ( 'NONE',  ( 50.90800755059679300, 404.7475066308607000, 124.9910501335093600 ) ) ;
#2606 = CARTESIAN_POINT ( 'NONE',  ( -15.00000000000000900, 420.0000000000000600, 125.0000000000000000 ) ) ;
#2607 = ORIENTED_EDGE ( 'NONE', *, *, #2621, .T. ) ;
#2608 = CARTESIAN_POINT ( 'NONE',  ( -52.56726326675551100, 417.9259839563998200, 93.88580421613993100 ) ) ;
#2609 = CARTESIAN_POINT ( 'NONE',  ( -33.89702078512623000, 383.8151455827543800, -140.0747458481709200 ) ) ;
#2610 = ORIENTED_EDGE ( 'NONE', *, *, #574, .F. ) ;
#2611 = DIRECTION ( 'NONE',  ( -0.0000000000000000000, -1.000000000000000000, -0.0000000000000000000 ) ) ;
#2612 = ADVANCED_FACE ( 'NONE', ( #2342 ), #3037, .T. ) ;
#2613 = CARTESIAN_POINT ( 'NONE',  ( -32.28605204147210400, 394.2161494944395500, 124.0426236586032300 ) ) ;
#2614 = CARTESIAN_POINT ( 'NONE',  ( 41.27234466587023600, 407.7246693610301200, 121.5278138571217900 ) ) ;
#2615 = CARTESIAN_POINT ( 'NONE',  ( -45.07784605840444700, 394.0227873386263600, 134.4597921495521300 ) ) ;
#2616 = DIRECTION ( 'NONE',  ( 1.000000000000000000, -0.0000000000000000000, 1.224646799147353200E-016 ) ) ;
#2617 = DIRECTION ( 'NONE',  ( -0.0000000000000000000, 1.000000000000000000, -0.0000000000000000000 ) ) ;
#2618 = CYLINDRICAL_SURFACE ( 'NONE', #544, 27.99999999999999600 ) ;
#2619 = CARTESIAN_POINT ( 'NONE',  ( 38.84322541360604200, 403.2968025531070600, -108.6738818462334400 ) ) ;
#2620 = CARTESIAN_POINT ( 'NONE',  ( -28.72526395813984100, 392.0013059690458600, -126.0209715484492100 ) ) ;
#2621 = EDGE_CURVE ( 'NONE', #1805, #2987, #2870, .T. ) ;
#2622 = VECTOR ( 'NONE', #307, 1000.000000000000000 ) ;
#2623 = CARTESIAN_POINT ( 'NONE',  ( -26.86007426702908400, 391.1643151797493900, 137.2203850721545600 ) ) ;
#2624 = CARTESIAN_POINT ( 'NONE',  ( 32.94164169977811000, 394.7491434279536400, 123.4931520608179600 ) ) ;
#2625 = DIRECTION ( 'NONE',  ( 6.938893903907228400E-016, 0.0000000000000000000, -1.000000000000000000 ) ) ;
#2626 = CARTESIAN_POINT ( 'NONE',  ( -40.73438915484680200, 407.4467743016728600, -105.7686281449913300 ) ) ;
#2627 = LINE ( 'NONE', #1236, #2876 ) ;
#2628 = CARTESIAN_POINT ( 'NONE',  ( -41.45581014558187900, 408.5826251174885300, 104.8572877523613000 ) ) ;
#2629 = ADVANCED_FACE ( 'NONE', ( #211 ), #2618, .T. ) ;
#2630 = LINE ( 'NONE', #256, #2924 ) ;
#2631 = ORIENTED_EDGE ( 'NONE', *, *, #592, .T. ) ;
#2632 = CARTESIAN_POINT ( 'NONE',  ( 0.0000000000000000000, 401.0000000000000000, -75.00000000000001400 ) ) ;
#2633 = CARTESIAN_POINT ( 'NONE',  ( 52.77152992761311600, 418.4017055150485500, 99.00511226514748800 ) ) ;
#2634 = EDGE_CURVE ( 'NONE', #1805, #157, #920, .T. ) ;
#2635 = AXIS2_PLACEMENT_3D ( 'NONE', #3402, #1804, #1549 ) ;
#2636 = CARTESIAN_POINT ( 'NONE',  ( -31.03139463499862000, 382.3578912158213300, 140.6810168795708200 ) ) ;
#2637 = CARTESIAN_POINT ( 'NONE',  ( 39.20566239339132200, 387.5635788296120300, 138.3143070927949900 ) ) ;
#2638 = DIRECTION ( 'NONE',  ( 0.0000000000000000000, 0.0000000000000000000, 1.000000000000000000 ) ) ;
#2639 = VERTEX_POINT ( 'NONE', #283 ) ;
#2640 = CARTESIAN_POINT ( 'NONE',  ( -29.40959583784126300, 381.6092843295886600, -140.9776694836601500 ) ) ;
#2641 = VERTEX_POINT ( 'NONE', #2668 ) ;
#2642 = EDGE_CURVE ( 'NONE', #3166, #1812, #299, .T. ) ;
#2643 = CARTESIAN_POINT ( 'NONE',  ( 0.0000000000000000000, 412.0000000000000600, -100.0000000000000000 ) ) ;
#2644 = ORIENTED_EDGE ( 'NONE', *, *, #2423, .T. ) ;
#2645 = CARTESIAN_POINT ( 'NONE',  ( -19.99999999999985100, 390.0000000000000000, -127.4264068711928800 ) ) ;
#2646 = VERTEX_POINT ( 'NONE', #1436 ) ;
#2647 = CARTESIAN_POINT ( 'NONE',  ( 47.57479832796553200, 415.1481878558806800, 98.32833639257499700 ) ) ;
#2648 = ADVANCED_FACE ( 'NONE', ( #255 ), #684, .T. ) ;
#2649 = EDGE_CURVE ( 'NONE', #185, #2027, #965, .T. ) ;
#2650 = ORIENTED_EDGE ( 'NONE', *, *, #3009, .T. ) ;
#2651 = CARTESIAN_POINT ( 'NONE',  ( -39.61387225381182700, 402.9917788283329400, 127.1355059540932900 ) ) ;
#2652 = CARTESIAN_POINT ( 'NONE',  ( 31.88757530509708700, 393.8791746355625500, 124.3988225060831600 ) ) ;
#2653 = DIRECTION ( 'NONE',  ( 0.0000000000000000000, 0.0000000000000000000, 1.000000000000000000 ) ) ;
#2654 = CARTESIAN_POINT ( 'NONE',  ( -49.70908725068390800, 401.9911489024112300, -127.8610371779680400 ) ) ;
#2655 = UNCERTAINTY_MEASURE_WITH_UNIT (LENGTH_MEASURE( 1.000000000000000100E-005 ), #1375, 'distance_accuracy_value', 'NONE');
#2656 = CARTESIAN_POINT ( 'NONE',  ( -8.000000000000024900, 420.0000000000000600, -47.99999999999998600 ) ) ;
#2657 = CARTESIAN_POINT ( 'NONE',  ( -22.78674850025899100, 390.1410886112476000, -137.9359034736099800 ) ) ;
#2658 = DIRECTION ( 'NONE',  ( 5.109288633709835400E-015, 0.4259177099999599800, -0.9047619047619047700 ) ) ;
#2659 = VECTOR ( 'NONE', #2982, 1000.000000000000000 ) ;
#2660 = CARTESIAN_POINT ( 'NONE',  ( 28.16155837719213700, 381.2036470633279400, 141.1308117818918500 ) ) ;
#2661 = CIRCLE ( 'NONE', #919, 14.99999999999999600 ) ;
#2662 = CARTESIAN_POINT ( 'NONE',  ( -8.000000000000026600, 426.0000000000000600, -50.99999999999999300 ) ) ;
#2663 = AXIS2_PLACEMENT_3D ( 'NONE', #1666, #627, #2472 ) ;
#2664 = PRODUCT_DEFINITION_CONTEXT ( 'detailed design', #2504, 'design' ) ;
#2665 = CARTESIAN_POINT ( 'NONE',  ( -14.96721062623557200, 421.9081890287400300, -41.31031747645172200 ) ) ;
#2666 = CIRCLE ( 'NONE', #1995, 60.00000000000000700 ) ;
#2667 = ADVANCED_FACE ( 'NONE', ( #605 ), #1922, .T. ) ;
#2668 = CARTESIAN_POINT ( 'NONE',  ( -119.9999999999999700, 60.00000000000000000, 84.99999999999997200 ) ) ;
#2669 = CIRCLE ( 'NONE', #2105, 15.00000000000001400 ) ;
#2670 = DIRECTION ( 'NONE',  ( 0.0000000000000000000, -1.000000000000000000, 0.0000000000000000000 ) ) ;
#2671 = LINE ( 'NONE', #3315, #3286 ) ;
#2672 = CARTESIAN_POINT ( 'NONE',  ( -48.88428710945417100, 400.2903580026916800, 129.4768909871579300 ) ) ;
#2673 = CARTESIAN_POINT ( 'NONE',  ( 29.49466804201607000, 392.3950611244660000, 125.7032855622929600 ) ) ;
#2674 = DIRECTION ( 'NONE',  ( -1.000000000000000000, -0.0000000000000000000, -0.0000000000000000000 ) ) ;
#2675 = AXIS2_PLACEMENT_3D ( 'NONE', #240, #3370, #2347 ) ;
#2676 = ORIENTED_EDGE ( 'NONE', *, *, #3266, .F. ) ;
#2677 = CARTESIAN_POINT ( 'NONE',  ( 9.981156819971245000, 415.7690481890780900, -35.26844951602672000 ) ) ;
#2678 = ORIENTED_EDGE ( 'NONE', *, *, #955, .F. ) ;
#2679 = AXIS2_PLACEMENT_3D ( 'NONE', #1514, #1758, #2286 ) ;
#2680 = ORIENTED_EDGE ( 'NONE', *, *, #169, .T. ) ;
#2681 = DIRECTION ( 'NONE',  ( 1.000000000000000000, 0.0000000000000000000, 0.0000000000000000000 ) ) ;
#2682 = CARTESIAN_POINT ( 'NONE',  ( 58.14685390605058800, 418.6370659080661200, 97.75773913821107900 ) ) ;
#2683 = EDGE_CURVE ( 'NONE', #1650, #3294, #55, .T. ) ;
#2684 = VERTEX_POINT ( 'NONE', #1168 ) ;
#2685 = ADVANCED_FACE ( 'NONE', ( #2254 ), #2540, .T. ) ;
#2686 = ORIENTED_EDGE ( 'NONE', *, *, #406, .F. ) ;
#2687 = AXIS2_PLACEMENT_3D ( 'NONE', #714, #2855, #481 ) ;
#2688 = CARTESIAN_POINT ( 'NONE',  ( -37.23210866029604200, 399.8394547493333600, 116.4299709719950300 ) ) ;
#2689 = PLANE ( 'NONE',  #2223 ) ;
#2690 = SURFACE_SIDE_STYLE ('',( #2384 ) ) ;
#2691 = ORIENTED_EDGE ( 'NONE', *, *, #1693, .F. ) ;
#2692 = EDGE_CURVE ( 'NONE', #1149, #1689, #2995, .T. ) ;
#2693 = CARTESIAN_POINT ( 'NONE',  ( 19.99999999999986900, 390.0000000000000000, 127.4264068711928400 ) ) ;
#2694 = CARTESIAN_POINT ( 'NONE',  ( 0.0000000000000000000, 415.0000000000000600, -100.0000000000000000 ) ) ;
#2695 = ORIENTED_EDGE ( 'NONE', *, *, #2341, .F. ) ;
#2696 = VERTEX_POINT ( 'NONE', #2057 ) ;
#2697 = CARTESIAN_POINT ( 'NONE',  ( 46.56243363743473700, 414.2899401578537200, 99.32470064345696400 ) ) ;
#2698 = CARTESIAN_POINT ( 'NONE',  ( 7.999999999999972500, 420.0000000000000600, -55.00000000000000700 ) ) ;
#2699 = EDGE_CURVE ( 'NONE', #2987, #584, #494, .T. ) ;
#2700 = CARTESIAN_POINT ( 'NONE',  ( -49.75714024204820200, 402.0757440596731300, 127.7918046089840900 ) ) ;
#2701 = CARTESIAN_POINT ( 'NONE',  ( -49.01442173825156300, 416.0581954795393400, -97.01458391446432500 ) ) ;
#2702 = DIRECTION ( 'NONE',  ( 1.000000000000000000, 0.0000000000000000000, 0.0000000000000000000 ) ) ;
#2703 = DIRECTION ( 'NONE',  ( -8.260587980841940000E-017, 0.0000000000000000000, -1.000000000000000000 ) ) ;
#2704 = PRESENTATION_STYLE_ASSIGNMENT (( #674 ) ) ;
#2705 = CARTESIAN_POINT ( 'NONE',  ( 50.58018902832184000, 403.9499218425345900, -125.8623585058889500 ) ) ;
#2706 = LINE ( 'NONE', #1034, #2000 ) ;
#2707 = CARTESIAN_POINT ( 'NONE',  ( 36.50530691976857200, 398.6958677153995700, -118.3576682404757200 ) ) ;
#2708 = FACE_OUTER_BOUND ( 'NONE', #404, .T. ) ;
#2709 = CARTESIAN_POINT ( 'NONE',  ( -52.59643911669430600, 409.6045704089656300, 118.8627453143502100 ) ) ;
#2710 = CARTESIAN_POINT ( 'NONE',  ( -40.55256903147991200, 407.2572442104108200, -105.9589911779898400 ) ) ;
#2711 = EDGE_CURVE ( 'NONE', #2639, #2933, #3187, .T. ) ;
#2712 = CARTESIAN_POINT ( 'NONE',  ( 64.10958373819470100, 419.8590955619843000, 84.99999999999997200 ) ) ;
#2713 = DIRECTION ( 'NONE',  ( 8.673617379884041600E-017, 0.0000000000000000000, 1.000000000000000000 ) ) ;
#2714 = CARTESIAN_POINT ( 'NONE',  ( 21.20670002629857400, 380.0000000000001100, -141.5685424949238000 ) ) ;
#2715 = CARTESIAN_POINT ( 'NONE',  ( 14.41453093288532500, 411.4876822855596300, 87.65115455401142700 ) ) ;
#2716 = VECTOR ( 'NONE', #3204, 1000.000000000000000 ) ;
#2717 = CARTESIAN_POINT ( 'NONE',  ( 0.0000000000000000000, 390.0000000000000000, -100.0000000000000000 ) ) ;
#2718 = FACE_OUTER_BOUND ( 'NONE', #1515, .T. ) ;
#2719 = CARTESIAN_POINT ( 'NONE',  ( 37.23210866028381400, 399.8394547493115900, -116.4299709719982700 ) ) ;
#2720 = DIRECTION ( 'NONE',  ( 0.0000000000000000000, 0.0000000000000000000, -1.000000000000000000 ) ) ;
#2721 = ADVANCED_FACE ( 'NONE', ( #3103 ), #1133, .T. ) ;
#2722 = EDGE_LOOP ( 'NONE', ( #2317, #2778, #3203, #1367 ) ) ;
#2723 = EDGE_LOOP ( 'NONE', ( #2068, #1609, #864, #81 ) ) ;
#2724 = CARTESIAN_POINT ( 'NONE',  ( 60.13834271027979400, 419.9168126773088300, 89.51615523345775200 ) ) ;
#2725 = DIRECTION ( 'NONE',  ( 0.0000000000000000000, 0.0000000000000000000, -1.000000000000000000 ) ) ;
#2726 = ORIENTED_EDGE ( 'NONE', *, *, #138, .F. ) ;
#2727 = CARTESIAN_POINT ( 'NONE',  ( 37.48082621036810700, 386.2124049680520600, 138.9764881247329500 ) ) ;
#2728 = EDGE_LOOP ( 'NONE', ( #2475, #2151, #1212, #1571, #3380 ) ) ;
#2729 = AXIS2_PLACEMENT_3D ( 'NONE', #1603, #290, #2147 ) ;
#2730 = ORIENTED_EDGE ( 'NONE', *, *, #2098, .F. ) ;
#2731 = CARTESIAN_POINT ( 'NONE',  ( 27.53780414235314900, 391.4158470058418400, -137.0426122409279500 ) ) ;
#2732 = CARTESIAN_POINT ( 'NONE',  ( -19.99999999999974400, 375.0000000000000000, -127.4264068711928800 ) ) ;
#2733 = VERTEX_POINT ( 'NONE', #328 ) ;
#2734 = AXIS2_PLACEMENT_3D ( 'NONE', #421, #2767, #1004 ) ;
#2735 = CARTESIAN_POINT ( 'NONE',  ( 61.52619293414637300, 419.9109751170691400, 86.93353163267052300 ) ) ;
#2736 = CARTESIAN_POINT ( 'NONE',  ( 60.00000000000197500, 419.5016164111896700, 92.71735994078603900 ) ) ;
#2737 = ORIENTED_EDGE ( 'NONE', *, *, #949, .F. ) ;
#2738 = CARTESIAN_POINT ( 'NONE',  ( -38.48124575085358100, 402.3312002737495700, 111.2570361687169100 ) ) ;
#2739 = CARTESIAN_POINT ( 'NONE',  ( 60.00000000000001400, 360.0000000000000600, 84.99999999999997200 ) ) ;
#2740 = DIRECTION ( 'NONE',  ( -8.673617379884041600E-017, 0.0000000000000000000, -1.000000000000000000 ) ) ;
#2741 = CARTESIAN_POINT ( 'NONE',  ( -12.18188736785071000, 413.9818742481144200, 76.81475922156745600 ) ) ;
#2742 = CARTESIAN_POINT ( 'NONE',  ( 39.11010651021954500, 401.9920357585601800, -128.1643475651408700 ) ) ;
#2743 = CARTESIAN_POINT ( 'NONE',  ( 53.28481654386389000, 412.1846825906051200, -114.6919313644816000 ) ) ;
#2744 = EDGE_CURVE ( 'NONE', #2568, #584, #2661, .T. ) ;
#2745 = AXIS2_PLACEMENT_3D ( 'NONE', #3150, #231, #1287 ) ;
#2746 = CARTESIAN_POINT ( 'NONE',  ( 53.31771310807575000, 412.1759892781738000, -114.6458498950995000 ) ) ;
#2747 = CARTESIAN_POINT ( 'NONE',  ( -53.69831575585943300, 413.2311991578117200, -112.7696521633374800 ) ) ;
#2748 = AXIS2_PLACEMENT_3D ( 'NONE', #1198, #3008, #2770 ) ;
#2749 = CARTESIAN_POINT ( 'NONE',  ( 50.24566516079182300, 403.1646647813840300, -126.6903783624835900 ) ) ;
#2750 = CIRCLE ( 'NONE', #1337, 60.00000000000000700 ) ;
#2751 = DIRECTION ( 'NONE',  ( 1.000000000000000000, 0.0000000000000000000, 0.0000000000000000000 ) ) ;
#2752 = CARTESIAN_POINT ( 'NONE',  ( -119.9999999999999700, 360.0000000000000600, 84.99999999999997200 ) ) ;
#2753 = CYLINDRICAL_SURFACE ( 'NONE', #608, 6.999999999999999100 ) ;
#2754 = DIRECTION ( 'NONE',  ( 0.0000000000000000000, -1.000000000000000000, 0.0000000000000000000 ) ) ;
#2755 = CARTESIAN_POINT ( 'NONE',  ( 45.04339749604704900, 393.9788917174560100, -134.5013804302803600 ) ) ;
#2756 = CARTESIAN_POINT ( 'NONE',  ( -19.99999999999985100, 390.0000000000000000, -127.4264068711928800 ) ) ;
#2757 = VECTOR ( 'NONE', #366, 1000.000000000000000 ) ;
#2758 = CARTESIAN_POINT ( 'NONE',  ( 44.72146866699337400, 414.3344940910395700, -110.5903565225413700 ) ) ;
#2759 = DIRECTION ( 'NONE',  ( -1.224646799147352000E-016, 0.0000000000000000000, -1.000000000000000000 ) ) ;
#2760 = LINE ( 'NONE', #209, #941 ) ;
#2761 = CARTESIAN_POINT ( 'NONE',  ( 29.21591354865466900, 392.2382357852113200, 125.8353099900368600 ) ) ;
#2762 = CARTESIAN_POINT ( 'NONE',  ( 34.60287674359883400, 384.2496200265599700, 139.8823653801418300 ) ) ;
#2763 =( BOUNDED_SURFACE ( )  B_SPLINE_SURFACE ( 3, 2, ( 
 ( #1788, #980, #746 ),
 ( #3077, #756, #1813 ),
 ( #2555, #1273, #3344 ),
 ( #183, #3087, #2340 ),
 ( #970, #1512, #2826 ),
 ( #3352, #2574, #2598 ),
 ( #1778, #217, #3361 ),
 ( #2045, #2328, #1501 ),
 ( #471, #458, #1767 ),
 ( #2864, #2315, #733 ),
 ( #2817, #991, #2035 ),
 ( #1290, #2839, #2303 ),
 ( #199, #2055, #2585 ),
 ( #1535, #1522, #1240 ),
 ( #3378, #1263, #1801 ),
 ( #3095, #205, #2069 ),
 ( #3116, #1547, #434 ),
 ( #2292, #446, #722 ),
 ( #2567, #2077, #773 ),
 ( #2103, #3177, #2873 ),
 ( #1343, #1559, #1024 ),
 ( #1862, #270, #3398 ),
 ( #2620, #1046, #2912 ),
 ( #497, #1607, #2609 ),
 ( #1824, #1037, #22 ),
 ( #547, #2351, #2923 ),
 ( #2373, #532, #2885 ),
 ( #1875, #2657, #787 ),
 ( #1075, #3130, #1309 ),
 ( #2645, #2126, #508 ) ),
 .UNSPECIFIED., .F., .F., .F. ) 
 B_SPLINE_SURFACE_WITH_KNOTS ( ( 4, 2, 2, 2, 2, 2, 2, 2, 2, 2, 2, 2, 2, 2, 4 ),
 ( 3, 3 ),
 ( 0.0000000000000000000, 0.006103994355511907800, 0.009155991533267862600, 0.01068199012214583900, 0.01220798871102381600, 0.01831198306653572500, 0.02136398024429167800, 0.02288997883316965700, 0.02441597742204763100, 0.03051997177755954100, 0.03204597036643751900, 0.03357196895531549400, 0.03662396613307145100, 0.04272796048858335700, 0.04883195484409526300 ),
 ( 0.0000000000000000000, 1.000000000000000000 ),
 .UNSPECIFIED. ) 
 GEOMETRIC_REPRESENTATION_ITEM ( )  RATIONAL_B_SPLINE_SURFACE ( (
 ( 1.000000000000000000, 0.8015704635012138600, 1.000000000000000000),
 ( 1.000000000000000000, 0.8071710396196197800, 1.000000000000000000),
 ( 1.000000000000000000, 0.8125170072911512800, 1.000000000000000000),
 ( 1.000000000000000000, 0.8195684373737609500, 1.000000000000000000),
 ( 1.000000000000000000, 0.8217582483932092100, 1.000000000000000000),
 ( 1.000000000000000000, 0.8247381086615541700, 1.000000000000000000),
 ( 1.000000000000000000, 0.8256806603551328800, 1.000000000000000000),
 ( 1.000000000000000000, 0.8274545836261203400, 1.000000000000000000),
 ( 1.000000000000000000, 0.8282853455552020600, 1.000000000000000000),
 ( 1.000000000000000000, 0.8320993441788716600, 1.000000000000000000),
 ( 1.000000000000000000, 0.8340920391131712000, 1.000000000000000000),
 ( 1.000000000000000000, 0.8355163742910181000, 1.000000000000000000),
 ( 1.000000000000000000, 0.8357329852665103000, 1.000000000000000000),
 ( 1.000000000000000000, 0.8356971766952329100, 1.000000000000000000),
 ( 1.000000000000000000, 0.8356247970482442200, 1.000000000000000000),
 ( 1.000000000000000000, 0.8353691938033072100, 1.000000000000000000),
 ( 1.000000000000000000, 0.8351865419889514800, 1.000000000000000000),
 ( 1.000000000000000000, 0.8340326069844967700, 1.000000000000000000),
 ( 1.000000000000000000, 0.8323370478642617700, 1.000000000000000000),
 ( 1.000000000000000000, 0.8298130754648109800, 1.000000000000000000),
 ( 1.000000000000000000, 0.8292881942376059100, 1.000000000000000000),
 ( 1.000000000000000000, 0.8282128481330935900, 1.000000000000000000),
 ( 1.000000000000000000, 0.8276619013966169900, 1.000000000000000000),
 ( 1.000000000000000000, 0.8260109141026298300, 1.000000000000000000),
 ( 1.000000000000000000, 0.8249076177365278800, 1.000000000000000000),
 ( 1.000000000000000000, 0.8217542045964337800, 1.000000000000000000),
 ( 1.000000000000000000, 0.8198674733477197000, 1.000000000000000000),
 ( 1.000000000000000000, 0.8172209905127066900, 1.000000000000000000),
 ( 1.000000000000000000, 0.8164904929248202300, 1.000000000000000000),
 ( 1.000000000000000000, 0.8164965809277260300, 1.000000000000000000) ) ) 
 REPRESENTATION_ITEM ( '' )  SURFACE ( )  );
#2764 = VERTEX_POINT ( 'NONE', #798 ) ;
#2765 = CARTESIAN_POINT ( 'NONE',  ( 58.16795961138579700, 419.6243612903925300, -91.77098465509271800 ) ) ;
#2766 = DIRECTION ( 'NONE',  ( -0.0000000000000000000, 1.000000000000000000, -0.0000000000000000000 ) ) ;
#2767 = DIRECTION ( 'NONE',  ( -9.570888143320316900E-017, 0.0000000000000000000, -1.000000000000000000 ) ) ;
#2768 = EDGE_LOOP ( 'NONE', ( #2607, #656, #2813, #1237 ) ) ;
#2769 = ORIENTED_EDGE ( 'NONE', *, *, #923, .F. ) ;
#2770 = DIRECTION ( 'NONE',  ( 0.0000000000000000000, 0.0000000000000000000, -1.000000000000000000 ) ) ;
#2771 = DIRECTION ( 'NONE',  ( 8.673617379884035500E-017, 3.700743415417188700E-015, 1.000000000000000000 ) ) ;
#2772 = ORIENTED_EDGE ( 'NONE', *, *, #1499, .F. ) ;
#2773 = FILL_AREA_STYLE ('',( #1741 ) ) ;
#2774 = CARTESIAN_POINT ( 'NONE',  ( 31.86795481643820700, 393.8903288108188000, 124.3684923297626500 ) ) ;
#2775 = ORIENTED_EDGE ( 'NONE', *, *, #1699, .T. ) ;
#2776 = CARTESIAN_POINT ( 'NONE',  ( 60.00000000000000000, 360.0000000000000600, -85.00000000000001400 ) ) ;
#2777 = CARTESIAN_POINT ( 'NONE',  ( 60.00000000000000700, 0.0000000000000000000, -5.742532885992190700E-015 ) ) ;
#2778 = ORIENTED_EDGE ( 'NONE', *, *, #1213, .F. ) ;
#2779 = CARTESIAN_POINT ( 'NONE',  ( 41.87958678321070500, 410.9364375267154500, -116.8846878522787600 ) ) ;
#2780 = EDGE_CURVE ( 'NONE', #74, #827, #1300, .T. ) ;
#2781 = ORIENTED_EDGE ( 'NONE', *, *, #3184, .T. ) ;
#2782 = CARTESIAN_POINT ( 'NONE',  ( 57.45137903817364100, 418.1570739847789500, -99.79312568193911700 ) ) ;
#2783 = CARTESIAN_POINT ( 'NONE',  ( 38.67942830139098500, 402.8363557391767200, 109.9764478798595500 ) ) ;
#2784 = CARTESIAN_POINT ( 'NONE',  ( -29.21464976439746400, 392.1995044128359500, 125.8746671958811400 ) ) ;
#2785 = FACE_OUTER_BOUND ( 'NONE', #1658, .T. ) ;
#2786 = DIRECTION ( 'NONE',  ( 0.0000000000000000000, -0.0000000000000000000, 1.000000000000000000 ) ) ;
#2787 = CARTESIAN_POINT ( 'NONE',  ( 38.10775466291691800, 401.5028855189654000, -113.1336878298314600 ) ) ;
#2788 = CARTESIAN_POINT ( 'NONE',  ( 10.99999999999999300, 396.0000000000000000, 125.0000000000000000 ) ) ;
#2789 = FACE_OUTER_BOUND ( 'NONE', #68, .T. ) ;
#2790 = CARTESIAN_POINT ( 'NONE',  ( -54.67173119586081500, 415.0991321262055200, -108.8495237686272900 ) ) ;
#2791 = AXIS2_PLACEMENT_3D ( 'NONE', #1939, #3245, #1654 ) ;
#2792 = DIRECTION ( 'NONE',  ( 1.000000000000000000, -0.0000000000000000000, -0.0000000000000000000 ) ) ;
#2793 = VECTOR ( 'NONE', #1243, 1000.000000000000000 ) ;
#2794 = DIRECTION ( 'NONE',  ( 1.000000000000000000, 0.0000000000000000000, 0.0000000000000000000 ) ) ;
#2795 = CARTESIAN_POINT ( 'NONE',  ( -14.99999999999998400, 421.9999999999998900, 90.65331266306206700 ) ) ;
#2796 = CARTESIAN_POINT ( 'NONE',  ( 51.37112175867412100, 405.9689271140016400, -123.5653833392898900 ) ) ;
#2797 = FACE_BOUND ( 'NONE', #1201, .T. ) ;
#2798 = CARTESIAN_POINT ( 'NONE',  ( -19.99999999999985100, 390.0000000000000000, -145.0000000000000300 ) ) ;
#2799 = EDGE_CURVE ( 'NONE', #749, #1078, #1632, .T. ) ;
#2800 = CARTESIAN_POINT ( 'NONE',  ( -59.60434396279544700, 419.3713527708412700, 93.72170562633229500 ) ) ;
#2801 = B_SPLINE_CURVE_WITH_KNOTS ( 'NONE', 3,
 ( #192, #1253, #2028, #737, #719, #2561, #427, #2580, #1005, #1506, #3348, #178, #1266, #452 ),
 .UNSPECIFIED., .F., .F.,
 ( 4, 2, 2, 2, 2, 2, 4 ),
 ( 0.0000000000000000000, 0.001665142674869971200, 0.003330285349739942400, 0.006660570699479884800, 0.009990856049219827200, 0.01165599872408979900, 0.01332114139895977000 ),
 .UNSPECIFIED. ) ;
#2802 = ORIENTED_EDGE ( 'NONE', *, *, #1544, .F. ) ;
#2803 = CARTESIAN_POINT ( 'NONE',  ( 25.50563933463429200, 390.7231546704641100, 126.9609379859292800 ) ) ;
#2804 = ORIENTED_EDGE ( 'NONE', *, *, #1068, .T. ) ;
#2805 = DIRECTION ( 'NONE',  ( -1.000000000000000000, -0.0000000000000000000, 8.673617379884041600E-017 ) ) ;
#2806 = ORIENTED_EDGE ( 'NONE', *, *, #1999, .T. ) ;
#2807 = ORIENTED_EDGE ( 'NONE', *, *, #566, .T. ) ;
#2808 = CARTESIAN_POINT ( 'NONE',  ( -3.199459192164283600, 412.7399672145143100, 84.27889202097671300 ) ) ;
#2809 = CARTESIAN_POINT ( 'NONE',  ( 60.00000000000000000, 419.5016164111892200, -92.71735994078964900 ) ) ;
#2810 = ORIENTED_EDGE ( 'NONE', *, *, #1116, .T. ) ;
#2811 = CARTESIAN_POINT ( 'NONE',  ( -29.21591354865468700, 392.2382357852113200, -125.8353099900369200 ) ) ;
#2812 = AXIS2_PLACEMENT_3D ( 'NONE', #850, #82, #1892 ) ;
#2813 = ORIENTED_EDGE ( 'NONE', *, *, #340, .F. ) ;
#2814 = CARTESIAN_POINT ( 'NONE',  ( -59.99999999999998600, 0.0000000000000000000, -85.00000000000001400 ) ) ;
#2815 = VERTEX_POINT ( 'NONE', #1932 ) ;
#2816 = AXIS2_PLACEMENT_3D ( 'NONE', #1537, #3393, #3 ) ;
#2817 = CARTESIAN_POINT ( 'NONE',  ( -35.68293498532980800, 397.5472177013316500, -120.1010364489302600 ) ) ;
#2818 = CARTESIAN_POINT ( 'NONE',  ( -59.99999999999997200, 60.00000000000000700, 84.99999999999997200 ) ) ;
#2819 = CARTESIAN_POINT ( 'NONE',  ( -50.76051478482494200, 417.6366059697128300, 101.8361300798189700 ) ) ;
#2820 = CARTESIAN_POINT ( 'NONE',  ( 59.59525776613875100, 419.3683612822403000, 93.74477030241323000 ) ) ;
#2821 = VECTOR ( 'NONE', #1656, 1000.000000000000000 ) ;
#2822 = DIRECTION ( 'NONE',  ( 0.8853035964740712000, 0.0000000000000000000, -0.4650134859012961500 ) ) ;
#2823 = CARTESIAN_POINT ( 'NONE',  ( -64.10958373819464400, 419.8590955619843000, 84.99999999999997200 ) ) ;
#2824 = VECTOR ( 'NONE', #3216, 1000.000000000000000 ) ;
#2825 = CARTESIAN_POINT ( 'NONE',  ( 64.10958373819470100, 419.8590955619843000, -85.00000000000001400 ) ) ;
#2826 = CARTESIAN_POINT ( 'NONE',  ( -50.90800755059147800, 404.7475066308565500, -124.9910501335139700 ) ) ;
#2827 = LINE ( 'NONE', #2577, #2131 ) ;
#2828 = DIRECTION ( 'NONE',  ( 0.0000000000000000000, -1.000000000000000000, 0.0000000000000000000 ) ) ;
#2829 = CARTESIAN_POINT ( 'NONE',  ( -55.42554724229154300, 419.1224018399470900, 95.36328836996916900 ) ) ;
#2830 = FACE_OUTER_BOUND ( 'NONE', #2361, .T. ) ;
#2831 = DIRECTION ( 'NONE',  ( -0.0000000000000000000, 1.000000000000000000, -0.0000000000000000000 ) ) ;
#2832 = CARTESIAN_POINT ( 'NONE',  ( -29.33299960405791400, 381.6634909318638600, 140.9547671929134400 ) ) ;
#2833 = CARTESIAN_POINT ( 'NONE',  ( -42.66160990482353600, 412.7346196208297300, -113.7306362681149200 ) ) ;
#2834 = CIRCLE ( 'NONE', #1441, 15.00000000000001400 ) ;
#2835 = EDGE_CURVE ( 'NONE', #2021, #956, #2578, .T. ) ;
#2836 = CARTESIAN_POINT ( 'NONE',  ( 60.00000000000001400, 0.0000000000000000000, 84.99999999999997200 ) ) ;
#2837 = CARTESIAN_POINT ( 'NONE',  ( -53.28481654386511200, 412.1846825906087000, 114.6919313644753100 ) ) ;
#2838 = ADVANCED_FACE ( 'NONE', ( #2338, #1714 ), #316, .F. ) ;
#2839 = CARTESIAN_POINT ( 'NONE',  ( -37.80342570416537000, 399.7718840692471600, -130.3225481381639100 ) ) ;
#2840 = EDGE_LOOP ( 'NONE', ( #2313, #747, #2596, #1980 ) ) ;
#2841 = CARTESIAN_POINT ( 'NONE',  ( 59.99999999999945300, 419.5016164111892700, -92.71735994078952100 ) ) ;
#2842 = ORIENTED_EDGE ( 'NONE', *, *, #221, .T. ) ;
#2843 = CARTESIAN_POINT ( 'NONE',  ( -23.47324119077295300, 390.3008088773311800, -127.2367226983547800 ) ) ;
#2844 = ORIENTED_EDGE ( 'NONE', *, *, #56, .T. ) ;
#2845 = CARTESIAN_POINT ( 'NONE',  ( 3.686291501015216600, 414.0000000000000600, -34.99999999999998600 ) ) ;
#2846 = DIRECTION ( 'NONE',  ( -0.0000000000000000000, -1.000000000000000000, -0.0000000000000000000 ) ) ;
#2847 = CARTESIAN_POINT ( 'NONE',  ( -38.84322541360602800, 403.2968025531070600, 108.6738818462306700 ) ) ;
#2848 = ORIENTED_EDGE ( 'NONE', *, *, #2960, .F. ) ;
#2849 = CARTESIAN_POINT ( 'NONE',  ( -57.11682846144425000, 417.9267984059617300, -100.7717358377926300 ) ) ;
#2850 = EDGE_CURVE ( 'NONE', #3029, #2107, #2343, .T. ) ;
#2851 = CARTESIAN_POINT ( 'NONE',  ( -6.150152819076937200, 389.9999999999998900, 105.4014919526961900 ) ) ;
#2852 = AXIS2_PLACEMENT_3D ( 'NONE', #999, #760, #3407 ) ;
#2853 = DIRECTION ( 'NONE',  ( 8.673617379884041600E-017, -0.0000000000000000000, 1.000000000000000000 ) ) ;
#2854 = EDGE_LOOP ( 'NONE', ( #499, #1989, #1415, #3421 ) ) ;
#2855 = DIRECTION ( 'NONE',  ( -8.673617379884041600E-017, 0.0000000000000000000, -1.000000000000000000 ) ) ;
#2856 = ORIENTED_EDGE ( 'NONE', *, *, #294, .F. ) ;
#2857 = CARTESIAN_POINT ( 'NONE',  ( 0.0000000000000000000, 401.0000000000000000, -128.0000000000000000 ) ) ;
#2858 = ADVANCED_FACE ( 'NONE', ( #206 ), #109, .F. ) ;
#2859 = DIRECTION ( 'NONE',  ( 1.156482317317871500E-016, 0.0000000000000000000, 1.000000000000000000 ) ) ;
#2860 = CARTESIAN_POINT ( 'NONE',  ( 49.76671163668914500, 402.1139632803802300, 127.7412291357593800 ) ) ;
#2861 = CARTESIAN_POINT ( 'NONE',  ( -46.24402900940881300, 395.7138757436865700, 133.2620567982394000 ) ) ;
#2862 = CARTESIAN_POINT ( 'NONE',  ( -43.15931984285157300, 411.0277584123051000, -102.8018582084430900 ) ) ;
#2863 = AXIS2_PLACEMENT_3D ( 'NONE', #2365, #1059, #3412 ) ;
#2864 = CARTESIAN_POINT ( 'NONE',  ( -36.26226054851133500, 398.3216653342715900, -118.9775629517041400 ) ) ;
#2865 = LINE ( 'NONE', #3236, #2078 ) ;
#2866 = CARTESIAN_POINT ( 'NONE',  ( -35.42583374227965000, 397.2390325922411900, -120.5263165152894800 ) ) ;
#2867 = CIRCLE ( 'NONE', #1211, 24.99999999999999300 ) ;
#2868 = CARTESIAN_POINT ( 'NONE',  ( -35.63894534687845800, 397.5305720625518100, 120.0878901283719100 ) ) ;
#2869 = CARTESIAN_POINT ( 'NONE',  ( 7.999999999999972500, 414.8021466795735300, -34.99999999999998600 ) ) ;
#2870 = CIRCLE ( 'NONE', #1071, 14.99999999999999500 ) ;
#2871 = CARTESIAN_POINT ( 'NONE',  ( -55.42913065254492000, 419.1231877312033000, -95.35847028746921700 ) ) ;
#2872 = EDGE_CURVE ( 'NONE', #1487, #2524, #1219, .T. ) ;
#2873 = CARTESIAN_POINT ( 'NONE',  ( -37.05381844886979800, 385.9090833974344700, -139.1188949090088400 ) ) ;
#2874 = EDGE_CURVE ( 'NONE', #1209, #358, #2867, .T. ) ;
#2875 = AXIS2_PLACEMENT_3D ( 'NONE', #3099, #3369, #2063 ) ;
#2876 = VECTOR ( 'NONE', #1490, 1000.000000000000000 ) ;
#2877 = VECTOR ( 'NONE', #1193, 1000.000000000000000 ) ;
#2878 = CARTESIAN_POINT ( 'NONE',  ( -28.97322691892689400, 392.0902133281152300, 125.9644077079170000 ) ) ;
#2879 = CARTESIAN_POINT ( 'NONE',  ( 41.97791330326848700, 412.1086615165643800, 114.8148212753730600 ) ) ;
#2880 = CARTESIAN_POINT ( 'NONE',  ( 120.0000000000000300, 60.00000000000000000, 84.99999999999997200 ) ) ;
#2881 = ORIENTED_EDGE ( 'NONE', *, *, #1972, .T. ) ;
#2882 = DIRECTION ( 'NONE',  ( 0.0000000000000000000, -1.000000000000000000, 0.0000000000000000000 ) ) ;
#2883 = EDGE_LOOP ( 'NONE', ( #229, #1867, #1169, #1372 ) ) ;
#2884 = DIRECTION ( 'NONE',  ( 8.673617379884041600E-017, -0.0000000000000000000, 1.000000000000000000 ) ) ;
#2885 = CARTESIAN_POINT ( 'NONE',  ( -28.16155837719116000, 381.2036470632269200, -141.1308117819290800 ) ) ;
#2886 = AXIS2_PLACEMENT_3D ( 'NONE', #2075, #3410, #1002 ) ;
#2887 = ORIENTED_EDGE ( 'NONE', *, *, #1269, .F. ) ;
#2888 = ORIENTED_EDGE ( 'NONE', *, *, #2311, .F. ) ;
#2889 = CARTESIAN_POINT ( 'NONE',  ( -36.92899370114710700, 399.3427593761754800, -117.2933424504210900 ) ) ;
#2890 = ORIENTED_EDGE ( 'NONE', *, *, #2411, .F. ) ;
#2891 = EDGE_CURVE ( 'NONE', #408, #405, #295, .T. ) ;
#2892 = CARTESIAN_POINT ( 'NONE',  ( -47.63702348125341500, 398.0270778009132200, 131.4143394209939100 ) ) ;
#2893 = CARTESIAN_POINT ( 'NONE',  ( 33.74963847529679800, 395.4735343651840900, 122.6966842040342800 ) ) ;
#2894 = DIRECTION ( 'NONE',  ( 1.000000000000000000, 0.0000000000000000000, -0.0000000000000000000 ) ) ;
#2895 = DIRECTION ( 'NONE',  ( -0.0000000000000000000, -0.0000000000000000000, 1.000000000000000000 ) ) ;
#2896 = ORIENTED_EDGE ( 'NONE', *, *, #860, .F. ) ;
#2897 = CARTESIAN_POINT ( 'NONE',  ( 0.0000000000000000000, 412.0000000000000600, -100.0000000000000000 ) ) ;
#2898 = AXIS2_PLACEMENT_3D ( 'NONE', #384, #3038, #652 ) ;
#2899 = CARTESIAN_POINT ( 'NONE',  ( 49.88238944150583600, 416.5830920557653500, 96.22889989597828700 ) ) ;
#2900 = ORIENTED_EDGE ( 'NONE', *, *, #505, .F. ) ;
#2901 = CARTESIAN_POINT ( 'NONE',  ( -58.94456537977274000, 419.7120972974006500, 88.86598112619499500 ) ) ;
#2902 = DIRECTION ( 'NONE',  ( -8.673617379884040400E-017, -0.0000000000000000000, -1.000000000000000000 ) ) ;
#2903 = AXIS2_PLACEMENT_3D ( 'NONE', #1328, #3422, #1616 ) ;
#2904 = CARTESIAN_POINT ( 'NONE',  ( -39.11010651021193500, 401.9920357585626800, 128.1643475651452800 ) ) ;
#2905 = CARTESIAN_POINT ( 'NONE',  ( 35.72357640288439000, 384.9688737200863200, 139.5588859365439000 ) ) ;
#2906 = CARTESIAN_POINT ( 'NONE',  ( -26.53666929680483500, 380.8144146937683000, -141.2742297289313200 ) ) ;
#2907 = B_SPLINE_CURVE_WITH_KNOTS ( 'NONE', 3,
 ( #2332, #2820, #2550, #166, #1751, #2049, #1528, #3339, #1497, #476, #1235, #726 ),
 .UNSPECIFIED., .F., .F.,
 ( 4, 2, 2, 2, 2, 4 ),
 ( 4.357713764310151100E-016, 0.003289794071218771300, 0.006579588142437106300, 0.01315917628487377400, 0.01973876442731044300, 0.02631835256974711400 ),
 .UNSPECIFIED. ) ;
#2908 = CARTESIAN_POINT ( 'NONE',  ( -64.10958373819465800, 419.8590955619843000, 84.99999999999997200 ) ) ;
#2909 = TOROIDAL_SURFACE ( 'NONE', #1655, 26.00000000000000000, 4.000000000000000000 ) ;
#2910 = DIRECTION ( 'NONE',  ( 0.0000000000000000000, 0.0000000000000000000, -1.000000000000000000 ) ) ;
#2911 = ADVANCED_FACE ( 'NONE', ( #422 ), #1170, .F. ) ;
#2912 = CARTESIAN_POINT ( 'NONE',  ( -35.26921192674552000, 384.6697139278346600, -139.6946287313562600 ) ) ;
#2913 = CARTESIAN_POINT ( 'NONE',  ( 2.449293598294707300E-015, 415.0000000000000600, -80.00000000000000000 ) ) ;
#2914 = SPHERICAL_SURFACE ( 'NONE', #587, 60.00000000000000700 ) ;
#2915 = CARTESIAN_POINT ( 'NONE',  ( 0.0000000000000000000, 0.0000000000000000000, 84.99999999999997200 ) ) ;
#2916 = CARTESIAN_POINT ( 'NONE',  ( 43.15931984285639100, 411.0277584123117500, 102.8018582084182800 ) ) ;
#2917 = CARTESIAN_POINT ( 'NONE',  ( -22.06220202997529300, 380.0000000004429800, 141.5685424947671700 ) ) ;
#2918 = CARTESIAN_POINT ( 'NONE',  ( 29.53083872633821000, 392.3174607926967500, 136.3962278934717500 ) ) ;
#2919 = AXIS2_PLACEMENT_3D ( 'NONE', #1534, #2054, #3389 ) ;
#2920 = LINE ( 'NONE', #723, #1511 ) ;
#2921 = CARTESIAN_POINT ( 'NONE',  ( -8.000000000000030200, 414.8021466795735300, -34.99999999999999300 ) ) ;
#2922 = CARTESIAN_POINT ( 'NONE',  ( 14.00952350230651600, 419.8665424781924600, -38.38633577955853600 ) ) ;
#2923 = CARTESIAN_POINT ( 'NONE',  ( -30.12188994074714900, 381.9130929530697900, -140.8642541633587900 ) ) ;
#2924 = VECTOR ( 'NONE', #1606, 1000.000000000000000 ) ;
#2925 = VERTEX_POINT ( 'NONE', #2752 ) ;
#2926 = CARTESIAN_POINT ( 'NONE',  ( 14.99999999999999100, 420.0000000000000600, 121.0000000000000000 ) ) ;
#2927 = CARTESIAN_POINT ( 'NONE',  ( 59.60364377430900600, 419.3711222448565600, 93.72348300471263400 ) ) ;
#2928 = ADVANCED_FACE ( 'NONE', ( #2952 ), #1438, .T. ) ;
#2929 = AXIS2_PLACEMENT_3D ( 'NONE', #2120, #748, #3416 ) ;
#2930 = CARTESIAN_POINT ( 'NONE',  ( -41.25688507209959300, 407.6867475718566400, 121.5661462070841200 ) ) ;
#2931 = ORIENTED_EDGE ( 'NONE', *, *, #3399, .T. ) ;
#2932 = CARTESIAN_POINT ( 'NONE',  ( 28.72526395814409000, 392.0013059690478500, 126.0209715484488300 ) ) ;
#2933 = VERTEX_POINT ( 'NONE', #1207 ) ;
#2934 = CARTESIAN_POINT ( 'NONE',  ( -47.79203985971900400, 398.2804171812104000, -131.2142513988409600 ) ) ;
#2935 = ORIENTED_EDGE ( 'NONE', *, *, #2300, .T. ) ;
#2936 = CARTESIAN_POINT ( 'NONE',  ( 12.17157287525382100, 413.9999999999998900, 75.60612308660186900 ) ) ;
#2937 = ORIENTED_EDGE ( 'NONE', *, *, #2891, .F. ) ;
#2938 = PLANE ( 'NONE',  #3093 ) ;
#2939 = CARTESIAN_POINT ( 'NONE',  ( 56.77452910758664500, 419.4051578067675900, 93.55931325666077200 ) ) ;
#2940 = EDGE_CURVE ( 'NONE', #1487, #1818, #844, .T. ) ;
#2941 = VERTEX_POINT ( 'NONE', #2249 ) ;
#2942 = DIRECTION ( 'NONE',  ( 8.673617379884042900E-017, 0.0000000000000000000, 1.000000000000000000 ) ) ;
#2943 = CARTESIAN_POINT ( 'NONE',  ( 27.94115473435312300, 391.6350623926586000, 126.3060593862638300 ) ) ;
#2944 = DIRECTION ( 'NONE',  ( -1.000000000000000000, 0.0000000000000000000, 0.0000000000000000000 ) ) ;
#2945 = CARTESIAN_POINT ( 'NONE',  ( -8.000000000000024900, 390.0000000000000000, -41.99999999999998600 ) ) ;
#2946 = CARTESIAN_POINT ( 'NONE',  ( 14.99999999999997500, 422.0000000000000600, -41.99999999999997900 ) ) ;
#2947 = CARTESIAN_POINT ( 'NONE',  ( 3.649328520167792100, 413.9243807978052700, 77.80507773965645400 ) ) ;
#2948 = LINE ( 'NONE', #69, #296 ) ;
#2949 = CARTESIAN_POINT ( 'NONE',  ( 47.45590639464177900, 416.0881018944642200, 106.5540226635755400 ) ) ;
#2950 = CARTESIAN_POINT ( 'NONE',  ( -41.33704567828570500, 408.0195744838665600, 121.1193435285838700 ) ) ;
#2951 = CARTESIAN_POINT ( 'NONE',  ( 60.88033344288969300, 419.8801460948620800, 87.41630908856038200 ) ) ;
#2952 = FACE_OUTER_BOUND ( 'NONE', #1450, .T. ) ;
#2953 = SURFACE_STYLE_USAGE ( .BOTH. , #2690 ) ;
#2954 = AXIS2_PLACEMENT_3D ( 'NONE', #2190, #2454, #2713 ) ;
#2955 = CARTESIAN_POINT ( 'NONE',  ( -59.99999999999997200, 360.0000000000000600, 84.99999999999997200 ) ) ;
#2956 = CARTESIAN_POINT ( 'NONE',  ( 12.68537880955794800, 418.0481500734756000, -36.78254615766590500 ) ) ;
#2957 = CIRCLE ( 'NONE', #1158, 14.99999999999999500 ) ;
#2958 = DIRECTION ( 'NONE',  ( -0.1839536846741159400, -0.5171085550500130700, 0.8359185272434771500 ) ) ;
#2959 = FACE_OUTER_BOUND ( 'NONE', #2515, .T. ) ;
#2960 = EDGE_CURVE ( 'NONE', #530, #666, #379, .T. ) ;
#2961 = CARTESIAN_POINT ( 'NONE',  ( 19.99999999999986900, 390.0000000000000000, -127.4264068711928800 ) ) ;
#2962 = ADVANCED_FACE ( 'NONE', ( #2789 ), #3106, .T. ) ;
#2963 = CARTESIAN_POINT ( 'NONE',  ( 55.40334751908668000, 418.9417069179936000, -91.55013322279879200 ) ) ;
#2964 = CARTESIAN_POINT ( 'NONE',  ( 120.0000000000000300, 360.0000000000000600, 84.99999999999997200 ) ) ;
#2965 = EDGE_CURVE ( 'NONE', #1650, #3054, #2500, .T. ) ;
#2966 = CARTESIAN_POINT ( 'NONE',  ( 58.16795961138844700, 419.6243612903928100, 91.77098465508940700 ) ) ;
#2967 = AXIS2_PLACEMENT_3D ( 'NONE', #466, #1018, #3137 ) ;
#2968 = CARTESIAN_POINT ( 'NONE',  ( 28.19832262930705000, 381.2715251402323100, -141.1037842938751500 ) ) ;
#2969 = CARTESIAN_POINT ( 'NONE',  ( 13.20800061769537900, 412.5677931926019800, 84.83710077155110700 ) ) ;
#2970 = CARTESIAN_POINT ( 'NONE',  ( 3.686291501015228200, 426.0000000000000600, 75.60612308660186900 ) ) ;
#2971 = ORIENTED_EDGE ( 'NONE', *, *, #982, .F. ) ;
#2972 = ORIENTED_EDGE ( 'NONE', *, *, #2221, .F. ) ;
#2973 = CARTESIAN_POINT ( 'NONE',  ( 25.74341030061658500, 390.8335706015068400, -126.8830465277803800 ) ) ;
#2974 = CARTESIAN_POINT ( 'NONE',  ( 0.0000000000000000000, 401.0000000000000000, -100.0000000000000000 ) ) ;
#2975 = EDGE_CURVE ( 'NONE', #3199, #706, #3276, .T. ) ;
#2976 = ORIENTED_EDGE ( 'NONE', *, *, #860, .T. ) ;
#2977 = ORIENTED_EDGE ( 'NONE', *, *, #1499, .T. ) ;
#2978 = AXIS2_PLACEMENT_3D ( 'NONE', #73, #832, #1885 ) ;
#2979 = CARTESIAN_POINT ( 'NONE',  ( -49.88238944150329200, 416.5830920557637600, -96.22889989598056100 ) ) ;
#2980 = CARTESIAN_POINT ( 'NONE',  ( -56.40411422907936200, 419.1888221542434400, -90.78801995559260300 ) ) ;
#2981 = ORIENTED_EDGE ( 'NONE', *, *, #1269, .T. ) ;
#2982 = DIRECTION ( 'NONE',  ( -9.570888143320316900E-017, -0.0000000000000000000, -1.000000000000000000 ) ) ;
#2983 = DIRECTION ( 'NONE',  ( 0.0000000000000000000, 0.0000000000000000000, -1.000000000000000000 ) ) ;
#2984 = ADVANCED_FACE ( 'NONE', ( #1791 ), #1962, .T. ) ;
#2985 = CARTESIAN_POINT ( 'NONE',  ( 15.00000000000005200, 422.0000000000002800, 79.45908400955301000 ) ) ;
#2986 = ORIENTED_EDGE ( 'NONE', *, *, #1538, .T. ) ;
#2987 = VERTEX_POINT ( 'NONE', #2019 ) ;
#2988 = CARTESIAN_POINT ( 'NONE',  ( 24.05229875340291900, 390.4062417036620300, -127.1687365386648700 ) ) ;
#2989 = CARTESIAN_POINT ( 'NONE',  ( -15.00000000000000900, 396.0000000000000000, 121.0000000000000000 ) ) ;
#2990 = CARTESIAN_POINT ( 'NONE',  ( -42.92976040717553600, 410.7440090593513000, -103.0600679375239400 ) ) ;
#2991 = CARTESIAN_POINT ( 'NONE',  ( 64.10958373819468600, 419.8590955619843000, 84.99999999999997200 ) ) ;
#2992 = CARTESIAN_POINT ( 'NONE',  ( 0.0000000000000000000, 415.0000000000000600, -120.0000000000000100 ) ) ;
#2993 = CARTESIAN_POINT ( 'NONE',  ( -15.00000000000001100, 384.0000000000000000, 75.60612308660186900 ) ) ;
#2994 = CARTESIAN_POINT ( 'NONE',  ( -11.00000000000000900, 396.0000000000000000, 121.0000000000000000 ) ) ;
#2995 = LINE ( 'NONE', #1140, #135 ) ;
#2996 = CARTESIAN_POINT ( 'NONE',  ( 31.61590022930112900, 393.7165699399656700, -124.5307375369659000 ) ) ;
#2997 = CARTESIAN_POINT ( 'NONE',  ( 59.59607427890096400, 419.3686301064556100, -93.74269764084694100 ) ) ;
#2998 = VECTOR ( 'NONE', #3031, 1000.000000000000000 ) ;
#2999 = CARTESIAN_POINT ( 'NONE',  ( 64.10958373819470100, 419.8590955619843000, 84.99999999999997200 ) ) ;
#3000 = CARTESIAN_POINT ( 'NONE',  ( 120.0000000000000000, 420.0000000000000600, -85.00000000000001400 ) ) ;
#3001 = CARTESIAN_POINT ( 'NONE',  ( 35.62280319929936200, 384.8046016266927700, -139.6467074821203800 ) ) ;
#3002 = CARTESIAN_POINT ( 'NONE',  ( 36.07118260617370000, 385.2044724065569300, 139.4506421617711900 ) ) ;
#3003 = LINE ( 'NONE', #1382, #1550 ) ;
#3004 = CARTESIAN_POINT ( 'NONE',  ( 37.66479065867729000, 400.6155394699582100, -114.9702645415532800 ) ) ;
#3005 = CIRCLE ( 'NONE', #2967, 4.000000000000003600 ) ;
#3006 = CARTESIAN_POINT ( 'NONE',  ( 36.23457002892246900, 398.3091173152975600, -118.9575977842142300 ) ) ;
#3007 = ORIENTED_EDGE ( 'NONE', *, *, #2649, .F. ) ;
#3008 = DIRECTION ( 'NONE',  ( -0.0000000000000000000, 1.000000000000000000, -0.0000000000000000000 ) ) ;
#3009 = EDGE_CURVE ( 'NONE', #3166, #2941, #3142, .T. ) ;
#3010 = CARTESIAN_POINT ( 'NONE',  ( 40.55256903148029600, 407.2572442104115600, 105.9589911779893900 ) ) ;
#3011 = AXIS2_PLACEMENT_3D ( 'NONE', #830, #2983, #2440 ) ;
#3012 = ORIENTED_EDGE ( 'NONE', *, *, #505, .T. ) ;
#3013 = CARTESIAN_POINT ( 'NONE',  ( 60.00000000000001400, 360.0000000000000600, 84.99999999999997200 ) ) ;
#3014 = VERTEX_POINT ( 'NONE', #3074 ) ;
#3015 = CARTESIAN_POINT ( 'NONE',  ( 38.36998400464000300, 386.9216235158714300, 138.6276052535373500 ) ) ;
#3016 = B_SPLINE_CURVE_WITH_KNOTS ( 'NONE', 3,
 ( #1711, #2837, #172, #2022, #700, #953, #432, #155, #145, #3086, #731, #1262, #969, #445 ),
 .UNSPECIFIED., .F., .F.,
 ( 4, 2, 2, 2, 2, 2, 4 ),
 ( 0.0000000000000000000, 0.006589154163160669700, 0.01317830832632133900, 0.01647288540790168100, 0.01976746248948202700, 0.02306203957106236700, 0.02635661665264271400 ),
 .UNSPECIFIED. ) ;
#3017 = CARTESIAN_POINT ( 'NONE',  ( 56.40411422907980200, 419.1888221542434400, -90.78801995559229000 ) ) ;
#3018 = ORIENTED_EDGE ( 'NONE', *, *, #643, .T. ) ;
#3019 = DIRECTION ( 'NONE',  ( 0.0000000000000000000, 1.000000000000000000, 0.0000000000000000000 ) ) ;
#3020 = CARTESIAN_POINT ( 'NONE',  ( 39.61387225379270700, 402.9917788283302700, -127.1355059541103000 ) ) ;
#3021 = CARTESIAN_POINT ( 'NONE',  ( -64.10958373819464400, 419.8590955619843000, -85.00000000000001400 ) ) ;
#3022 = EDGE_CURVE ( 'NONE', #1155, #1900, #2081, .T. ) ;
#3023 = VERTEX_POINT ( 'NONE', #2836 ) ;
#3024 = DIRECTION ( 'NONE',  ( -0.0000000000000000000, -0.0000000000000000000, 1.000000000000000000 ) ) ;
#3025 = CARTESIAN_POINT ( 'NONE',  ( -47.40404532926852700, 416.0580648598726200, 106.6295747564044900 ) ) ;
#3026 = VERTEX_POINT ( 'NONE', #2564 ) ;
#3027 = DIRECTION ( 'NONE',  ( 0.0000000000000000000, -1.000000000000000000, 0.0000000000000000000 ) ) ;
#3028 = DIRECTION ( 'NONE',  ( 0.0000000000000000000, -1.000000000000000000, 0.0000000000000000000 ) ) ;
#3029 = VERTEX_POINT ( 'NONE', #2823 ) ;
#3030 = CARTESIAN_POINT ( 'NONE',  ( 33.21808757722070700, 394.9796291003803500, -123.2516410377348300 ) ) ;
#3031 = DIRECTION ( 'NONE',  ( -8.673617379884041600E-017, -0.0000000000000000000, -1.000000000000000000 ) ) ;
#3032 = AXIS2_PLACEMENT_3D ( 'NONE', #2096, #2582, #2653 ) ;
#3033 = CARTESIAN_POINT ( 'NONE',  ( 56.46056200422863500, 417.2994507874420800, -102.8293144498048300 ) ) ;
#3034 = CARTESIAN_POINT ( 'NONE',  ( 120.0000000000000000, 60.00000000000000000, -85.00000000000001400 ) ) ;
#3035 = CARTESIAN_POINT ( 'NONE',  ( 28.61977021940501200, 391.9405994200945400, 126.0712031136197500 ) ) ;
#3036 = VECTOR ( 'NONE', #2119, 1000.000000000000000 ) ;
#3037 = CYLINDRICAL_SURFACE ( 'NONE', #2978, 60.00000000000000700 ) ;
#3038 = DIRECTION ( 'NONE',  ( 0.0000000000000000000, -1.000000000000000000, 0.0000000000000000000 ) ) ;
#3039 = LINE ( 'NONE', #2231, #2386 ) ;
#3040 = CARTESIAN_POINT ( 'NONE',  ( 50.76051478487519800, 417.6366059697584800, -101.8361300798223400 ) ) ;
#3041 = CARTESIAN_POINT ( 'NONE',  ( -44.72146866696293400, 414.3344940909732900, 110.5903565225344400 ) ) ;
#3042 = FACE_OUTER_BOUND ( 'NONE', #986, .T. ) ;
#3043 = DIRECTION ( 'NONE',  ( 0.0000000000000000000, 0.0000000000000000000, -1.000000000000000000 ) ) ;
#3044 = CARTESIAN_POINT ( 'NONE',  ( -36.50135154331687200, 398.6633117712841000, 118.4369699125745800 ) ) ;
#3045 = CIRCLE ( 'NONE', #1787, 11.99999999999999800 ) ;
#3046 = CARTESIAN_POINT ( 'NONE',  ( 0.0000000000000000000, 415.0000000000000600, -100.0000000000000000 ) ) ;
#3047 = CARTESIAN_POINT ( 'NONE',  ( 62.73184729725723900, 419.9001370003269900, -87.57671787543763700 ) ) ;
#3048 = EDGE_LOOP ( 'NONE', ( #246, #707, #114, #2240 ) ) ;
#3049 = ORIENTED_EDGE ( 'NONE', *, *, #2683, .T. ) ;
#3050 = CARTESIAN_POINT ( 'NONE',  ( -8.000000000000024900, 422.0000000000000600, -47.99999999999998600 ) ) ;
#3051 = EDGE_LOOP ( 'NONE', ( #537, #2769, #1408, #1895 ) ) ;
#3052 = EDGE_LOOP ( 'NONE', ( #2896, #2900, #1245 ) ) ;
#3053 = CARTESIAN_POINT ( 'NONE',  ( 30.33762619946035200, 392.8667920365666600, 125.3075228401866200 ) ) ;
#3054 = VERTEX_POINT ( 'NONE', #2042 ) ;
#3055 = PRESENTATION_LAYER_ASSIGNMENT (  '', '', ( #512 ) ) ;
#3056 = CARTESIAN_POINT ( 'NONE',  ( -15.00000000000001200, 422.0000000000000600, 79.45908400955301000 ) ) ;
#3057 = EDGE_LOOP ( 'NONE', ( #2056, #1653, #365, #1905, #459, #984, #3134 ) ) ;
#3058 = CARTESIAN_POINT ( 'NONE',  ( 39.21067554005733800, 404.3297343167670900, -108.0059781419228500 ) ) ;
#3059 = ORIENTED_EDGE ( 'NONE', *, *, #1693, .T. ) ;
#3060 = CARTESIAN_POINT ( 'NONE',  ( -21.39947526158290700, 390.0368542906937300, -127.4037659773109000 ) ) ;
#3061 = CARTESIAN_POINT ( 'NONE',  ( 38.48186803432299300, 402.3330072940239000, 111.2520723712512300 ) ) ;
#3062 = CARTESIAN_POINT ( 'NONE',  ( 4.582071741537346200, 390.0000000000000600, 105.0804272668172100 ) ) ;
#3063 = CARTESIAN_POINT ( 'NONE',  ( 14.99999999999998900, 420.0000000000000600, 105.0000000000000100 ) ) ;
#3064 = EDGE_CURVE ( 'NONE', #862, #669, #2510, .T. ) ;
#3065 = LINE ( 'NONE', #280, #1671 ) ;
#3066 = AXIS2_PLACEMENT_3D ( 'NONE', #1880, #288, #2942 ) ;
#3067 = UNCERTAINTY_MEASURE_WITH_UNIT (LENGTH_MEASURE( 1.000000000000000100E-005 ), #945, 'distance_accuracy_value', 'NONE');
#3068 = CARTESIAN_POINT ( 'NONE',  ( 60.00000000000000000, 60.00000000000000000, -145.0000000000000300 ) ) ;
#3069 = FACE_OUTER_BOUND ( 'NONE', #3423, .T. ) ;
#3070 = CARTESIAN_POINT ( 'NONE',  ( 10.99999999999998800, 396.0000000000000000, 95.00000000000000000 ) ) ;
#3071 = CARTESIAN_POINT ( 'NONE',  ( 8.346019884429710000, 390.0000000000001100, 106.2520648335669600 ) ) ;
#3072 = FACE_OUTER_BOUND ( 'NONE', #1282, .T. ) ;
#3073 = EDGE_CURVE ( 'NONE', #1984, #74, #1386, .T. ) ;
#3074 = CARTESIAN_POINT ( 'NONE',  ( 10.99999999999999100, 390.0000000000000600, 125.0000000000000000 ) ) ;
#3075 = CARTESIAN_POINT ( 'NONE',  ( -15.00000000000003900, 422.0000000000002300, 87.74799959472770200 ) ) ;
#3076 = CIRCLE ( 'NONE', #2062, 25.99999999999999600 ) ;
#3077 = CARTESIAN_POINT ( 'NONE',  ( -38.62669708987829200, 402.6881240761925900, -110.3957830197474400 ) ) ;
#3078 = TOROIDAL_SURFACE ( 'NONE', #934, 26.00000000000000000, 4.000000000000000000 ) ;
#3079 = CARTESIAN_POINT ( 'NONE',  ( 59.22903889690978500, 419.2142709205700700, -94.73279666338358100 ) ) ;
#3080 = CARTESIAN_POINT ( 'NONE',  ( -53.42630063172776300, 418.5849215252067100, 98.10468292899815900 ) ) ;
#3081 = ORIENTED_EDGE ( 'NONE', *, *, #454, .T. ) ;
#3082 = CARTESIAN_POINT ( 'NONE',  ( 14.10735214621454000, 390.0000000000000600, 112.5306872745687800 ) ) ;
#3083 = ORIENTED_EDGE ( 'NONE', *, *, #1258, .F. ) ;
#3084 = ORIENTED_EDGE ( 'NONE', *, *, #1410, .T. ) ;
#3085 = AXIS2_PLACEMENT_3D ( 'NONE', #1530, #1007, #2083 ) ;
#3086 = CARTESIAN_POINT ( 'NONE',  ( -58.11625925767965100, 418.6182233781802300, 97.84548025063224900 ) ) ;
#3087 = CARTESIAN_POINT ( 'NONE',  ( -41.27234466587650300, 407.7246693609985800, -121.5278138571546300 ) ) ;
#3088 = ORIENTED_EDGE ( 'NONE', *, *, #2634, .T. ) ;
#3089 = CARTESIAN_POINT ( 'NONE',  ( -57.45710284491320900, 419.5252947533221600, 92.66035325689530600 ) ) ;
#3090 = EDGE_LOOP ( 'NONE', ( #3124, #2532, #3092, #1861 ) ) ;
#3091 = CARTESIAN_POINT ( 'NONE',  ( -58.14685390605244200, 418.6370659080640700, -97.75773913821971900 ) ) ;
#3092 = ORIENTED_EDGE ( 'NONE', *, *, #2156, .T. ) ;
#3093 = AXIS2_PLACEMENT_3D ( 'NONE', #317, #2142, #2419 ) ;
#3094 = CARTESIAN_POINT ( 'NONE',  ( 58.94456537977279000, 419.7120972974007000, -88.86598112619509500 ) ) ;
#3095 = CARTESIAN_POINT ( 'NONE',  ( -33.14808094691902300, 394.9267921058223000, -123.3033499503415400 ) ) ;
#3096 = ORIENTED_EDGE ( 'NONE', *, *, #267, .F. ) ;
#3097 = CARTESIAN_POINT ( 'NONE',  ( 54.76503311519645200, 418.9604258588948400, 96.26332479787416200 ) ) ;
#3098 = CARTESIAN_POINT ( 'NONE',  ( -19.99999999999985100, 390.0000000000000000, -127.4264068711928800 ) ) ;
#3099 = CARTESIAN_POINT ( 'NONE',  ( 62.39725718061357900, 394.9178057444908600, -3.431513553824602500E-015 ) ) ;
#3100 = DIRECTION ( 'NONE',  ( 0.0000000000000000000, -1.000000000000000000, 0.0000000000000000000 ) ) ;
#3101 = DIRECTION ( 'NONE',  ( -1.000000000000000000, 0.0000000000000000000, -0.0000000000000000000 ) ) ;
#3102 = CARTESIAN_POINT ( 'NONE',  ( -47.57479832795699100, 415.1481878558735700, -98.32833639256496400 ) ) ;
#3103 = FACE_OUTER_BOUND ( 'NONE', #1073, .T. ) ;
#3104 = DIRECTION ( 'NONE',  ( 7.170190367370795800E-015, -1.000000000000000000, 0.0000000000000000000 ) ) ;
#3105 = ADVANCED_FACE ( 'NONE', ( #511 ), #3397, .T. ) ;
#3106 =( BOUNDED_SURFACE ( )  B_SPLINE_SURFACE ( 3, 2, ( 
 ( #3017, #2765, #2511 ),
 ( #1498, #1480, #711 ),
 ( #3317, #1743, #456 ),
 ( #2553, #699, #3329 ) ),
 .UNSPECIFIED., .F., .F., .F. ) 
 B_SPLINE_SURFACE_WITH_KNOTS ( ( 4, 4 ),
 ( 3, 3 ),
 ( 0.0000000000000000000, 0.006563110498405671400 ),
 ( 0.0000000000000000000, 1.000000000000000000 ),
 .UNSPECIFIED. ) 
 GEOMETRIC_REPRESENTATION_ITEM ( )  RATIONAL_B_SPLINE_SURFACE ( (
 ( 1.000000000000000000, 0.9906504106432261200, 1.000000000000000000),
 ( 1.000000000000000000, 0.9969058896704039400, 1.000000000000000000),
 ( 1.000000000000000000, 0.9999933592842842300, 1.000000000000000000),
 ( 1.000000000000000000, 1.000000000000000000, 1.000000000000000000) ) ) 
 REPRESENTATION_ITEM ( '' )  SURFACE ( )  );
#3107 = CYLINDRICAL_SURFACE ( 'NONE', #2816, 60.00000000000000700 ) ;
#3108 = CARTESIAN_POINT ( 'NONE',  ( -56.40411422907971000, 419.1888221542434400, 90.78801995559224700 ) ) ;
#3109 = CIRCLE ( 'NONE', #108, 6.999999999999999100 ) ;
#3110 = CARTESIAN_POINT ( 'NONE',  ( -25.74341030061724200, 390.8335706015069500, 126.8830465277802100 ) ) ;
#3111 = DIRECTION ( 'NONE',  ( -1.000000000000000000, 0.0000000000000000000, 0.0000000000000000000 ) ) ;
#3112 = CARTESIAN_POINT ( 'NONE',  ( -53.31860832352100500, 412.1790818123328100, -114.6407535720862800 ) ) ;
#3113 = CIRCLE ( 'NONE', #992, 60.00000000000000700 ) ;
#3114 = DIRECTION ( 'NONE',  ( 0.0000000000000000000, 0.0000000000000000000, -1.000000000000000000 ) ) ;
#3115 = CARTESIAN_POINT ( 'NONE',  ( -19.99999999999974400, 375.0000000000000000, 127.4264068711928400 ) ) ;
#3116 = CARTESIAN_POINT ( 'NONE',  ( -32.94164169976989600, 394.7491434279468800, -123.4931520608191100 ) ) ;
#3117 = LINE ( 'NONE', #770, #616 ) ;
#3118 = ORIENTED_EDGE ( 'NONE', *, *, #3218, .F. ) ;
#3119 = CARTESIAN_POINT ( 'NONE',  ( -34.79345056885255600, 396.4978657831781600, -121.4976093644146900 ) ) ;
#3120 = ORIENTED_EDGE ( 'NONE', *, *, #2195, .T. ) ;
#3121 = ADVANCED_FACE ( 'NONE', ( #1093 ), #1260, .T. ) ;
#3122 = CARTESIAN_POINT ( 'NONE',  ( -21.39923367863837500, 390.0000000005723000, 138.0330085889052000 ) ) ;
#3123 = CARTESIAN_POINT ( 'NONE',  ( 37.84927494522617800, 400.9691452089800200, 114.2673923987684900 ) ) ;
#3124 = ORIENTED_EDGE ( 'NONE', *, *, #1794, .F. ) ;
#3125 = CARTESIAN_POINT ( 'NONE',  ( -44.55628620609882500, 412.5437355496890200, -101.3148138874290800 ) ) ;
#3126 = ORIENTED_EDGE ( 'NONE', *, *, #1918, .T. ) ;
#3127 = EDGE_CURVE ( 'NONE', #3256, #742, #2706, .T. ) ;
#3128 = CARTESIAN_POINT ( 'NONE',  ( 60.00000000000001400, 360.0000000000000600, 144.9999999999999700 ) ) ;
#3129 = ORIENTED_EDGE ( 'NONE', *, *, #928, .T. ) ;
#3130 = CARTESIAN_POINT ( 'NONE',  ( -21.39899332975377200, 390.0000000002860400, -138.0330085889052900 ) ) ;
#3131 = VERTEX_POINT ( 'NONE', #1297 ) ;
#3132 = DIRECTION ( 'NONE',  ( 0.0000000000000000000, 1.000000000000000000, 0.0000000000000000000 ) ) ;
#3133 = AXIS2_PLACEMENT_3D ( 'NONE', #128, #117, #2771 ) ;
#3134 = ORIENTED_EDGE ( 'NONE', *, *, #525, .F. ) ;
#3135 = CARTESIAN_POINT ( 'NONE',  ( -34.31051285496463500, 395.9909535932142100, 122.1260353230131600 ) ) ;
#3136 = CARTESIAN_POINT ( 'NONE',  ( 14.99999999999998800, 422.0000000000000600, 95.00000000000000000 ) ) ;
#3137 = DIRECTION ( 'NONE',  ( 0.0000000000000000000, 0.0000000000000000000, -1.000000000000000000 ) ) ;
#3138 = EDGE_CURVE ( 'NONE', #1732, #2320, #602, .T. ) ;
#3139 = CARTESIAN_POINT ( 'NONE',  ( -53.73210997013272600, 413.2391908899038500, -112.6915041933017700 ) ) ;
#3140 = CARTESIAN_POINT ( 'NONE',  ( -44.28059118905036200, 412.2639450690036300, 101.6020287764712300 ) ) ;
#3141 = DIRECTION ( 'NONE',  ( 0.0000000000000000000, 0.0000000000000000000, -1.000000000000000000 ) ) ;
#3142 = CIRCLE ( 'NONE', #1186, 27.99999999999999600 ) ;
#3143 = CARTESIAN_POINT ( 'NONE',  ( -43.71989931552888500, 392.2571511411338700, 135.6262259027381800 ) ) ;
#3144 = CARTESIAN_POINT ( 'NONE',  ( 33.14808094691630200, 394.9267921058198000, 123.3033499503403000 ) ) ;
#3145 = CARTESIAN_POINT ( 'NONE',  ( -43.07226085546937400, 391.5541849581882200, 136.0420286241253500 ) ) ;
#3146 = LINE ( 'NONE', #1594, #2127 ) ;
#3147 = CARTESIAN_POINT ( 'NONE',  ( -49.51648380497380900, 401.5832863596376700, -128.2567554386448600 ) ) ;
#3148 = B_SPLINE_CURVE_WITH_KNOTS ( 'NONE', 3,
 ( #1469, #1183, #123, #2787, #3273, #3004, #2489, #2213, #2512, #1986, #362, #99, #940, #1687, #3030, #1172, #375, #2250, #3285, #903, #667, #2228, #892, #929, #3309, #1700, #110, #1427 ),
 .UNSPECIFIED., .F., .F.,
 ( 4, 2, 2, 2, 2, 2, 2, 2, 2, 2, 2, 2, 2, 4 ),
 ( 0.0000000000000000000, 0.004168014104728898600, 0.006252021157093347800, 0.008336028209457797100, 0.01250404231418669600, 0.01458804936655118700, 0.01667205641891568100, 0.01875606347128017500, 0.01979806699746243900, 0.02084007052364470600, 0.02500808462837361000, 0.02709209168073801700, 0.02917609873310242000, 0.03334411283783125800 ),
 .UNSPECIFIED. ) ;
#3149 = CARTESIAN_POINT ( 'NONE',  ( -10.42383143449718700, 416.0563080704034700, -35.41710584426999700 ) ) ;
#3150 = CARTESIAN_POINT ( 'NONE',  ( -15.00000000000004800, 420.0000000000000600, -34.99999999999999300 ) ) ;
#3151 = FACE_OUTER_BOUND ( 'NONE', #2270, .T. ) ;
#3152 = CARTESIAN_POINT ( 'NONE',  ( 51.65872444785572500, 417.5162672015092700, 94.66497374120525900 ) ) ;
#3153 = DIRECTION ( 'NONE',  ( 1.000000000000000000, -0.0000000000000000000, 0.0000000000000000000 ) ) ;
#3154 = LINE ( 'NONE', #1792, #3409 ) ;
#3155 = CARTESIAN_POINT ( 'NONE',  ( -59.99999999999998600, 420.0000000000000600, -85.00000000000001400 ) ) ;
#3156 = ADVANCED_FACE ( 'NONE', ( #1832 ), #1752, .T. ) ;
#3157 = LINE ( 'NONE', #793, #222 ) ;
#3158 = CARTESIAN_POINT ( 'NONE',  ( -27.93803380432784100, 391.6061828138185800, 126.3320615191970400 ) ) ;
#3159 = CARTESIAN_POINT ( 'NONE',  ( 47.44513622460554100, 397.6101746363696600, 131.8013819322207800 ) ) ;
#3160 = CARTESIAN_POINT ( 'NONE',  ( 0.0000000000000000000, 412.0000000000000600, -100.0000000000000000 ) ) ;
#3161 = DIRECTION ( 'NONE',  ( 0.0000000000000000000, 0.0000000000000000000, -1.000000000000000000 ) ) ;
#3162 = ORIENTED_EDGE ( 'NONE', *, *, #654, .F. ) ;
#3163 = CARTESIAN_POINT ( 'NONE',  ( -64.10958373819464400, 419.8590955619843000, 84.99999999999997200 ) ) ;
#3164 = CARTESIAN_POINT ( 'NONE',  ( 14.93660139761160500, 421.8247691138603300, -41.05069478320765300 ) ) ;
#3165 = CARTESIAN_POINT ( 'NONE',  ( -59.99999999999998600, 360.0000000000000600, -145.0000000000000300 ) ) ;
#3166 = VERTEX_POINT ( 'NONE', #1021 ) ;
#3167 = ORIENTED_EDGE ( 'NONE', *, *, #1001, .F. ) ;
#3168 = ORIENTED_EDGE ( 'NONE', *, *, #2341, .T. ) ;
#3169 = DIRECTION ( 'NONE',  ( 0.0000000000000000000, 1.000000000000000000, 0.0000000000000000000 ) ) ;
#3170 = VERTEX_POINT ( 'NONE', #3128 ) ;
#3171 = CARTESIAN_POINT ( 'NONE',  ( 41.45581014558133100, 408.5826251174877400, -104.8572877523619400 ) ) ;
#3172 = CARTESIAN_POINT ( 'NONE',  ( 25.55541917344502400, 390.7150293328016300, 137.5364042755678300 ) ) ;
#3173 = ORIENTED_EDGE ( 'NONE', *, *, #2331, .F. ) ;
#3174 = CARTESIAN_POINT ( 'NONE',  ( -14.87622159578828200, 421.6633174065754600, -40.66712196405359200 ) ) ;
#3175 = AXIS2_PLACEMENT_3D ( 'NONE', #3013, #357, #1413 ) ;
#3176 = CARTESIAN_POINT ( 'NONE',  ( 12.36330568824741700, 417.6962687181032800, -36.50920195253438300 ) ) ;
#3177 = CARTESIAN_POINT ( 'NONE',  ( -31.74641345710090300, 393.6476016902833500, -135.4134501411994300 ) ) ;
#3178 = ORIENTED_EDGE ( 'NONE', *, *, #1258, .T. ) ;
#3179 = ORIENTED_EDGE ( 'NONE', *, *, #1822, .T. ) ;
#3180 = DIRECTION ( 'NONE',  ( 9.570888143320316900E-017, -0.0000000000000000000, 1.000000000000000000 ) ) ;
#3181 = CARTESIAN_POINT ( 'NONE',  ( 53.13380363429885000, 411.6186700612246900, 115.6069043529195900 ) ) ;
#3182 = CARTESIAN_POINT ( 'NONE',  ( -37.00408013822960400, 399.4610331684663200, 117.0938534566547300 ) ) ;
#3183 = CARTESIAN_POINT ( 'NONE',  ( 28.98490080166377300, 392.1295173085999300, 125.9191644524693900 ) ) ;
#3184 = EDGE_CURVE ( 'NONE', #3029, #1728, #1882, .T. ) ;
#3185 = DIRECTION ( 'NONE',  ( -9.570888143320316900E-017, 0.0000000000000000000, -1.000000000000000000 ) ) ;
#3186 = CARTESIAN_POINT ( 'NONE',  ( 14.99999999999985600, 421.9999999999996600, 81.76847159388714200 ) ) ;
#3187 = LINE ( 'NONE', #2913, #3036 ) ;
#3188 = CARTESIAN_POINT ( 'NONE',  ( 51.77124899421410500, 417.5677899609228800, 94.56830435366120500 ) ) ;
#3189 = LINE ( 'NONE', #838, #971 ) ;
#3190 = ADVANCED_FACE ( 'NONE', ( #1045 ), #45, .T. ) ;
#3191 = CARTESIAN_POINT ( 'NONE',  ( -60.67483155030459600, 419.6682498096798800, -91.43259978519822100 ) ) ;
#3192 = CARTESIAN_POINT ( 'NONE',  ( 26.90356386321544600, 391.1403192399228600, 137.2396169485053000 ) ) ;
#3193 = CARTESIAN_POINT ( 'NONE',  ( -51.23147272843589700, 405.5419352110112100, -124.1319380754153500 ) ) ;
#3194 = CIRCLE ( 'NONE', #1222, 24.99999999999999300 ) ;
#3195 = CARTESIAN_POINT ( 'NONE',  ( -13.53648688029249100, 419.1326906200288200, -37.69673157073425800 ) ) ;
#3196 = CARTESIAN_POINT ( 'NONE',  ( 14.98310567245119000, 421.9515320843361200, -41.44618365563393100 ) ) ;
#3197 = DIRECTION ( 'NONE',  ( 0.0000000000000000000, 0.0000000000000000000, 1.000000000000000000 ) ) ;
#3198 = CYLINDRICAL_SURFACE ( 'NONE', #2875, 25.00000000000000700 ) ;
#3199 = VERTEX_POINT ( 'NONE', #1823 ) ;
#3200 = CARTESIAN_POINT ( 'NONE',  ( -59.99999999999999300, 360.0000000000000600, -85.00000000000001400 ) ) ;
#3201 = CARTESIAN_POINT ( 'NONE',  ( 7.999999999999974200, 422.0000000000000600, -51.00000000000000700 ) ) ;
#3202 = CARTESIAN_POINT ( 'NONE',  ( -48.41049755082336500, 399.3879404023229500, 130.2767970457144900 ) ) ;
#3203 = ORIENTED_EDGE ( 'NONE', *, *, #1171, .F. ) ;
#3204 = DIRECTION ( 'NONE',  ( -0.0000000000000000000, 1.000000000000000000, -0.0000000000000000000 ) ) ;
#3205 = EDGE_LOOP ( 'NONE', ( #3387, #278, #1975, #271 ) ) ;
#3206 =( NAMED_UNIT ( * ) PLANE_ANGLE_UNIT ( ) SI_UNIT ( $, .RADIAN. ) );
#3207 = EDGE_CURVE ( 'NONE', #993, #1689, #1108, .T. ) ;
#3208 = CARTESIAN_POINT ( 'NONE',  ( 60.00000000000000000, 420.0000000000000600, -145.0000000000000300 ) ) ;
#3209 = CARTESIAN_POINT ( 'NONE',  ( -56.40411422907936200, 419.1888221542434400, -90.78801995559260300 ) ) ;
#3210 = VERTEX_POINT ( 'NONE', #2149 ) ;
#3211 = ADVANCED_FACE ( 'NONE', ( #337 ), #3233, .T. ) ;
#3212 = DIRECTION ( 'NONE',  ( 0.0000000000000000000, -0.8504312103986059200, -0.5260862632496331500 ) ) ;
#3213 = EDGE_LOOP ( 'NONE', ( #3178, #327, #757, #1404 ) ) ;
#3214 = ORIENTED_EDGE ( 'NONE', *, *, #691, .F. ) ;
#3215 = B_SPLINE_CURVE_WITH_KNOTS ( 'NONE', 3,
 ( #1477, #2309, #168, #728, #152, #419, #2832, #967, #1754, #2571, #2278, #3341, #696, #1763, #1256, #2592, #3384, #1808, #3145, #2615, #2861, #2335, #252, #210, #1268, #1542, #503, #1281, #1303, #1793 ),
 .UNSPECIFIED., .F., .F.,
 ( 4, 2, 2, 2, 2, 2, 2, 2, 2, 2, 2, 2, 2, 2, 4 ),
 ( 0.0000000000000000000, 0.003560575891368114200, 0.007121151782736228300, 0.01068172767410434400, 0.01246201561978841500, 0.01424230356547248800, 0.02136345534820874000, 0.02314374329389284900, 0.02492403123957695800, 0.02848460713094510100, 0.03560575891368141000, 0.04272691069641772200, 0.04628748658778590600, 0.04984806247915412500, 0.05696921426189052000 ),
 .UNSPECIFIED. ) ;
#3216 = DIRECTION ( 'NONE',  ( -1.000000000000000000, 0.0000000000000000000, -6.938893903907228400E-016 ) ) ;
#3217 = DIRECTION ( 'NONE',  ( 0.0000000000000000000, -1.000000000000000000, 0.0000000000000000000 ) ) ;
#3218 = EDGE_CURVE ( 'NONE', #2027, #2107, #2375, .T. ) ;
#3219 = ORIENTED_EDGE ( 'NONE', *, *, #1841, .F. ) ;
#3220 = CARTESIAN_POINT ( 'NONE',  ( 0.0000000000000000000, 390.0000000000000000, -100.0000000000000000 ) ) ;
#3221 = EDGE_LOOP ( 'NONE', ( #2141, #2154, #2935, #1495 ) ) ;
#3222 = EDGE_CURVE ( 'NONE', #2815, #578, #3065, .T. ) ;
#3223 = DIRECTION ( 'NONE',  ( 0.0000000000000000000, 0.0000000000000000000, 1.000000000000000000 ) ) ;
#3224 = AXIS2_PLACEMENT_3D ( 'NONE', #1773, #1279, #161 ) ;
#3225 = DIRECTION ( 'NONE',  ( 1.000000000000000000, 0.0000000000000000000, -0.0000000000000000000 ) ) ;
#3226 = CARTESIAN_POINT ( 'NONE',  ( 60.00000000000000000, 60.00000000000000000, -85.00000000000001400 ) ) ;
#3227 = CARTESIAN_POINT ( 'NONE',  ( 34.31051285498849500, 395.9909535932413900, -122.1260353230291000 ) ) ;
#3228 =( GEOMETRIC_REPRESENTATION_CONTEXT ( 3 ) GLOBAL_UNCERTAINTY_ASSIGNED_CONTEXT ( ( #2655 ) ) GLOBAL_UNIT_ASSIGNED_CONTEXT ( ( #1375, #3206, #1638 ) ) REPRESENTATION_CONTEXT ( 'NONE', 'WORKASPACE' ) );
#3229 = DIRECTION ( 'NONE',  ( -4.336808689942013800E-016, 0.0000000000000000000, -1.000000000000000000 ) ) ;
#3230 = ADVANCED_FACE ( 'NONE', ( #470 ), #1959, .T. ) ;
#3231 = DIRECTION ( 'NONE',  ( 0.1839536846741159400, -0.5171085550500130700, -0.8359185272434771500 ) ) ;
#3232 = EDGE_CURVE ( 'NONE', #314, #2058, #2170, .T. ) ;
#3233 = TOROIDAL_SURFACE ( 'NONE', #3235, 24.99999999999999600, 3.000000000000000000 ) ;
#3234 = CARTESIAN_POINT ( 'NONE',  ( -62.73184729725725400, 419.9001370003269400, 87.57671787543758100 ) ) ;
#3235 = AXIS2_PLACEMENT_3D ( 'NONE', #2643, #254, #2427 ) ;
#3236 = CARTESIAN_POINT ( 'NONE',  ( -15.00000000000002300, 422.0000000000000600, -47.99999999999998600 ) ) ;
#3237 = CARTESIAN_POINT ( 'NONE',  ( 32.57908937301146300, 383.1116939211406100, -140.3708183118120300 ) ) ;
#3238 = CIRCLE ( 'NONE', #2449, 60.00000000000000700 ) ;
#3239 = CARTESIAN_POINT ( 'NONE',  ( 14.99999999999998800, 422.0000000000000600, 93.49466690660018700 ) ) ;
#3240 = PRESENTATION_STYLE_ASSIGNMENT (( #2953 ) ) ;
#3241 = CARTESIAN_POINT ( 'NONE',  ( 25.50558357187033900, 390.7384779787826100, -137.5197832194744800 ) ) ;
#3242 = CARTESIAN_POINT ( 'NONE',  ( 56.42503932029869400, 417.2645321110119900, -102.9414797539063800 ) ) ;
#3243 = CIRCLE ( 'NONE', #3425, 6.999999999999999100 ) ;
#3244 = CARTESIAN_POINT ( 'NONE',  ( 19.99999999999986900, 390.0000000000000000, -145.0000000000000300 ) ) ;
#3245 = DIRECTION ( 'NONE',  ( 0.0000000000000000000, -1.000000000000000000, 0.0000000000000000000 ) ) ;
#3246 = LINE ( 'NONE', #3319, #2352 ) ;
#3247 = CARTESIAN_POINT ( 'NONE',  ( -59.99999999999998600, 360.0000000000000600, -85.00000000000001400 ) ) ;
#3248 = CARTESIAN_POINT ( 'NONE',  ( 30.98309758462890800, 382.3505575883503400, -140.6822528121112700 ) ) ;
#3249 = ADVANCED_FACE ( 'NONE', ( #1178 ), #2909, .T. ) ;
#3250 = CARTESIAN_POINT ( 'NONE',  ( 34.10314665946177800, 383.9499306669037500, 140.0136094610847700 ) ) ;
#3251 = VERTEX_POINT ( 'NONE', #1094 ) ;
#3252 = CARTESIAN_POINT ( 'NONE',  ( 34.33701369689227800, 395.7118460920816000, -133.8122371944547000 ) ) ;
#3253 = CARTESIAN_POINT ( 'NONE',  ( 0.0000000000000000000, 375.0000000000000000, -127.4264068711928800 ) ) ;
#3254 = EDGE_CURVE ( 'NONE', #1155, #2527, #2251, .T. ) ;
#3255 = ORIENTED_EDGE ( 'NONE', *, *, #1284, .T. ) ;
#3256 = VERTEX_POINT ( 'NONE', #1139 ) ;
#3257 = AXIS2_PLACEMENT_3D ( 'NONE', #1585, #808, #2117 ) ;
#3258 = CARTESIAN_POINT ( 'NONE',  ( 53.13371737861639600, 411.6183467654388400, -115.6074269684025400 ) ) ;
#3259 = EDGE_LOOP ( 'NONE', ( #34, #821, #2881, #2600, #1857 ) ) ;
#3260 = DIRECTION ( 'NONE',  ( -0.1839536846738603100, 0.5171085550499275900, -0.8359185272435860600 ) ) ;
#3261 = CARTESIAN_POINT ( 'NONE',  ( 26.53666929680486700, 380.8144146937681900, 141.2742297289312300 ) ) ;
#3262 = EDGE_LOOP ( 'NONE', ( #1704, #3081, #2726, #2937 ) ) ;
#3263 =( BOUNDED_SURFACE ( )  B_SPLINE_SURFACE ( 3, 2, ( 
 ( #2736, #2966, #851 ),
 ( #1387, #2724, #2219 ),
 ( #1137, #1908, #354 ),
 ( #2712, #639, #2991 ) ),
 .UNSPECIFIED., .F., .F., .F. ) 
 B_SPLINE_SURFACE_WITH_KNOTS ( ( 4, 4 ),
 ( 3, 3 ),
 ( 0.0000000000000000000, 0.006563110498402588800 ),
 ( 0.0000000000000000000, 1.000000000000000000 ),
 .UNSPECIFIED. ) 
 GEOMETRIC_REPRESENTATION_ITEM ( )  RATIONAL_B_SPLINE_SURFACE ( (
 ( 1.000000000000000000, 0.9906504106432347800, 1.000000000000000000),
 ( 1.000000000000000000, 0.9969058896704069400, 1.000000000000000000),
 ( 1.000000000000000000, 0.9999933592842842300, 1.000000000000000000),
 ( 1.000000000000000000, 1.000000000000000000, 1.000000000000000000) ) ) 
 REPRESENTATION_ITEM ( '' )  SURFACE ( )  );
#3264 = ORIENTED_EDGE ( 'NONE', *, *, #1810, .T. ) ;
#3265 = CARTESIAN_POINT ( 'NONE',  ( 34.05600788482204400, 395.4555830686619500, -134.0166189709150300 ) ) ;
#3266 = EDGE_CURVE ( 'NONE', #1082, #749, #2333, .T. ) ;
#3267 = CARTESIAN_POINT ( 'NONE',  ( 56.14449612234476200, 416.9761767704219400, -103.8371601570308100 ) ) ;
#3268 = CARTESIAN_POINT ( 'NONE',  ( -45.40190685134246000, 414.8004257964539100, 109.5768562718737700 ) ) ;
#3269 = CARTESIAN_POINT ( 'NONE',  ( 38.84322541360604200, 403.2968025531070600, 108.6738818462333900 ) ) ;
#3270 = CARTESIAN_POINT ( 'NONE',  ( -120.0000000000000000, 60.00000000000000000, -85.00000000000001400 ) ) ;
#3271 = CYLINDRICAL_SURFACE ( 'NONE', #2663, 12.00000000000000000 ) ;
#3272 = CARTESIAN_POINT ( 'NONE',  ( -119.9999999999999700, 420.0000000000000600, 144.9999999999999700 ) ) ;
#3273 = CARTESIAN_POINT ( 'NONE',  ( 37.97009337129169600, 401.2142915663072200, -113.7533195349017600 ) ) ;
#3274 = CARTESIAN_POINT ( 'NONE',  ( 28.08335349843590500, 381.2413305519077700, -141.1154887842782300 ) ) ;
#3275 = CARTESIAN_POINT ( 'NONE',  ( 0.0000000000000000000, 390.0000000000000000, -100.0000000000000000 ) ) ;
#3276 = LINE ( 'NONE', #3350, #763 ) ;
#3277 = DIRECTION ( 'NONE',  ( -0.0000000000000000000, -1.000000000000000000, -0.0000000000000000000 ) ) ;
#3278 = DIRECTION ( 'NONE',  ( 8.673617379884041600E-017, -0.0000000000000000000, 1.000000000000000000 ) ) ;
#3279 = LINE ( 'NONE', #1727, #1884 ) ;
#3280 =( NAMED_UNIT ( * ) PLANE_ANGLE_UNIT ( ) SI_UNIT ( $, .RADIAN. ) );
#3281 = DIRECTION ( 'NONE',  ( 0.0000000000000000000, 0.0000000000000000000, -1.000000000000000000 ) ) ;
#3282 = CARTESIAN_POINT ( 'NONE',  ( 24.18432639209523300, 380.3278746099576300, 141.4516166737179500 ) ) ;
#3283 = FACE_OUTER_BOUND ( 'NONE', #1518, .T. ) ;
#3284 = EDGE_CURVE ( 'NONE', #862, #413, #2293, .T. ) ;
#3285 = CARTESIAN_POINT ( 'NONE',  ( 31.60321278500883600, 393.7070279440209200, -124.5400674972696700 ) ) ;
#3286 = VECTOR ( 'NONE', #2792, 1000.000000000000000 ) ;
#3287 = CARTESIAN_POINT ( 'NONE',  ( 52.12471005538986900, 408.0511513375875600, -121.0275407019750600 ) ) ;
#3288 = ORIENTED_EDGE ( 'NONE', *, *, #3222, .F. ) ;
#3289 = CARTESIAN_POINT ( 'NONE',  ( 54.68183950104171500, 415.1146983995468000, -108.8127374078725000 ) ) ;
#3290 = CARTESIAN_POINT ( 'NONE',  ( -41.97791330327294200, 412.1086615165653500, 114.8148212753714900 ) ) ;
#3291 = AXIS2_PLACEMENT_3D ( 'NONE', #2993, #3225, #628 ) ;
#3292 = APPLICATION_PROTOCOL_DEFINITION ( 'draft international standard', 'automotive_design', 1998, #682 ) ;
#3293 = ORIENTED_EDGE ( 'NONE', *, *, #2136, .T. ) ;
#3294 = VERTEX_POINT ( 'NONE', #60 ) ;
#3295 = CARTESIAN_POINT ( 'NONE',  ( 51.23147272843588200, 405.5419352110110900, 124.1319380754152300 ) ) ;
#3296 = DIRECTION ( 'NONE',  ( -1.000000000000000000, 0.0000000000000000000, -0.0000000000000000000 ) ) ;
#3297 = ORIENTED_EDGE ( 'NONE', *, *, #1794, .T. ) ;
#3298 = VERTEX_POINT ( 'NONE', #334 ) ;
#3299 = DIRECTION ( 'NONE',  ( 8.673617379884041600E-017, 0.0000000000000000000, 1.000000000000000000 ) ) ;
#3300 = EDGE_CURVE ( 'NONE', #993, #314, #1341, .T. ) ;
#3301 = ORIENTED_EDGE ( 'NONE', *, *, #3138, .F. ) ;
#3302 = AXIS2_PLACEMENT_3D ( 'NONE', #2955, #1640, #52 ) ;
#3303 = CARTESIAN_POINT ( 'NONE',  ( -52.57034034901820300, 417.9272976265767700, -93.88319132183750100 ) ) ;
#3304 = CARTESIAN_POINT ( 'NONE',  ( -53.72731765964257300, 413.2276911188770300, 112.7132309793041000 ) ) ;
#3305 = EDGE_LOOP ( 'NONE', ( #952, #1915, #46, #1200 ) ) ;
#3306 = CARTESIAN_POINT ( 'NONE',  ( 0.0000000000000000000, 398.0000000000000000, -100.0000000000000000 ) ) ;
#3307 = CARTESIAN_POINT ( 'NONE',  ( -32.32673066994924200, 394.2475121378356000, 124.0113507627824600 ) ) ;
#3308 = ORIENTED_EDGE ( 'NONE', *, *, #2699, .T. ) ;
#3309 = CARTESIAN_POINT ( 'NONE',  ( 24.78095674573726000, 390.5677969241781400, -127.0627193827144300 ) ) ;
#3310 = CARTESIAN_POINT ( 'NONE',  ( -62.13254131598935700, 419.9948280069766600, -87.25668803942096500 ) ) ;
#3311 = DIRECTION ( 'NONE',  ( 1.000000000000000000, 0.0000000000000000000, -8.673617379884041600E-017 ) ) ;
#3312 = LINE ( 'NONE', #3208, #1540 ) ;
#3313 = DIRECTION ( 'NONE',  ( 0.0000000000000000000, -1.000000000000000000, 0.0000000000000000000 ) ) ;
#3314 = VECTOR ( 'NONE', #784, 1000.000000000000000 ) ;
#3315 = CARTESIAN_POINT ( 'NONE',  ( 0.0000000000000000000, 0.0000000000000000000, -85.00000000000001400 ) ) ;
#3316 = EDGE_CURVE ( 'NONE', #3210, #2058, #2948, .T. ) ;
#3317 = CARTESIAN_POINT ( 'NONE',  ( 61.53101562861810000, 420.0361253261572800, -86.93416685952254900 ) ) ;
#3318 = FACE_OUTER_BOUND ( 'NONE', #2359, .T. ) ;
#3319 = CARTESIAN_POINT ( 'NONE',  ( 10.99999999999999100, 420.0000000000000600, 125.0000000000000000 ) ) ;
#3320 = CARTESIAN_POINT ( 'NONE',  ( -62.73424474579424300, 419.9535184847600200, -87.57908167151907700 ) ) ;
#3321 = AXIS2_PLACEMENT_3D ( 'NONE', #1973, #927, #664 ) ;
#3322 = CIRCLE ( 'NONE', #2420, 30.00000000000000000 ) ;
#3323 = CARTESIAN_POINT ( 'NONE',  ( -15.00000000000000900, 420.0000000000000600, 121.0000000000000000 ) ) ;
#3324 = CARTESIAN_POINT ( 'NONE',  ( -28.61977021940500500, 391.9405994200945400, -126.0712031136198000 ) ) ;
#3325 = FACE_OUTER_BOUND ( 'NONE', #438, .T. ) ;
#3326 = CARTESIAN_POINT ( 'NONE',  ( -37.66479065867777400, 400.6155394699592300, 114.9702645415515100 ) ) ;
#3327 = CARTESIAN_POINT ( 'NONE',  ( 7.254066031970507000, 390.0000000000000000, 105.7879561162792000 ) ) ;
#3328 = VECTOR ( 'NONE', #2884, 1000.000000000000000 ) ;
#3329 = CARTESIAN_POINT ( 'NONE',  ( 64.10958373819470100, 419.8590955619843000, -85.00000000000001400 ) ) ;
#3330 = PRODUCT_RELATED_PRODUCT_CATEGORY ( 'part', '', ( #907 ) ) ;
#3331 = EDGE_CURVE ( 'NONE', #666, #1483, #3312, .T. ) ;
#3332 = CARTESIAN_POINT ( 'NONE',  ( -12.25663340714742900, 413.8547302820110800, 78.62651921453894500 ) ) ;
#3333 = CARTESIAN_POINT ( 'NONE',  ( 61.35815753331594600, 419.7810734273740000, -90.14854788350281500 ) ) ;
#3334 = EDGE_LOOP ( 'NONE', ( #817, #2977 ) ) ;
#3335 = CARTESIAN_POINT ( 'NONE',  ( -8.000000000000028400, 422.0000000000000600, -54.99999999999999300 ) ) ;
#3336 = CARTESIAN_POINT ( 'NONE',  ( -30.86720877350684600, 393.1989991125062100, -125.0147785538895700 ) ) ;
#3337 = VERTEX_POINT ( 'NONE', #1919 ) ;
#3338 = ORIENTED_EDGE ( 'NONE', *, *, #680, .T. ) ;
#3339 = CARTESIAN_POINT ( 'NONE',  ( 55.22583869019469900, 415.9103021292082800, 106.8745964695208700 ) ) ;
#3340 = CARTESIAN_POINT ( 'NONE',  ( 12.55175864512569600, 389.9999999999999400, 109.7770683379864600 ) ) ;
#3341 = CARTESIAN_POINT ( 'NONE',  ( -35.62280319930116000, 384.8046016266939100, 139.6467074821197500 ) ) ;
#3342 = ORIENTED_EDGE ( 'NONE', *, *, #3073, .T. ) ;
#3343 = ORIENTED_EDGE ( 'NONE', *, *, #663, .T. ) ;
#3344 = CARTESIAN_POINT ( 'NONE',  ( -52.12718421029362800, 408.0611608987761100, -121.0119246563497800 ) ) ;
#3345 = ORIENTED_EDGE ( 'NONE', *, *, #1196, .T. ) ;
#3346 = DIRECTION ( 'NONE',  ( 1.000000000000000000, 0.0000000000000000000, 0.0000000000000000000 ) ) ;
#3347 = CARTESIAN_POINT ( 'NONE',  ( -50.03256182451964000, 416.6678051047095400, 96.09484426144116800 ) ) ;
#3348 = CARTESIAN_POINT ( 'NONE',  ( -3.648821371989595000, 413.9233290656956100, 77.81991406082229900 ) ) ;
#3349 = CARTESIAN_POINT ( 'NONE',  ( -22.77233698779216200, 390.1458718961402500, 127.3385483899087700 ) ) ;
#3350 = CARTESIAN_POINT ( 'NONE',  ( 10.99999999999997500, 426.0000000000000600, -48.00000000000001400 ) ) ;
#3351 = CARTESIAN_POINT ( 'NONE',  ( 56.40411422907967400, 419.1888221542434400, -90.78801995559229000 ) ) ;
#3352 = CARTESIAN_POINT ( 'NONE',  ( -37.34910901154548000, 400.0474147761888700, -116.0415524825952100 ) ) ;
#3353 = VECTOR ( 'NONE', #1683, 1000.000000000000000 ) ;
#3354 = CARTESIAN_POINT ( 'NONE',  ( -3.000000000000011500, 384.0000000000000000, 75.60612308660186900 ) ) ;
#3355 = FACE_OUTER_BOUND ( 'NONE', #1608, .T. ) ;
#3356 = CARTESIAN_POINT ( 'NONE',  ( 50.36094077010759700, 403.4439678111502300, 126.3887366434237800 ) ) ;
#3357 = CARTESIAN_POINT ( 'NONE',  ( -39.70063503744692900, 405.4590697815483500, -107.2305651790497200 ) ) ;
#3358 = EDGE_CURVE ( 'NONE', #3251, #1149, #2865, .T. ) ;
#3359 = CARTESIAN_POINT ( 'NONE',  ( -13.20800061762445100, 412.5677931926009000, 84.83710077155400600 ) ) ;
#3360 = LINE ( 'NONE', #3323, #350 ) ;
#3361 = CARTESIAN_POINT ( 'NONE',  ( -50.16945062977226400, 403.0039930172080700, -126.8456109501657200 ) ) ;
#3362 = AXIS2_PLACEMENT_3D ( 'NONE', #915, #1710, #2786 ) ;
#3363 = B_SPLINE_CURVE_WITH_KNOTS ( 'NONE', 3,
 ( #2809, #1228, #3333, #3047, #1735, #164 ),
 .UNSPECIFIED., .F., .F.,
 ( 4, 2, 4 ),
 ( 0.0000000000000000000, 0.004376211983303831200, 0.008752423966607652100 ),
 .UNSPECIFIED. ) ;
#3364 = CIRCLE ( 'NONE', #2353, 3.000000000000002700 ) ;
#3365 = CARTESIAN_POINT ( 'NONE',  ( 40.73438915485945700, 407.4467743016970800, 105.7686281450027100 ) ) ;
#3366 = CARTESIAN_POINT ( 'NONE',  ( -49.19085299153157800, 416.1678989109753400, 96.85395018774362100 ) ) ;
#3367 = ADVANCED_FACE ( 'NONE', ( #2785 ), #1673, .F. ) ;
#3368 = ORIENTED_EDGE ( 'NONE', *, *, #1395, .T. ) ;
#3369 = DIRECTION ( 'NONE',  ( -0.0000000000000000000, -0.0000000000000000000, 1.000000000000000000 ) ) ;
#3370 = DIRECTION ( 'NONE',  ( 4.625929269271485900E-016, -0.0000000000000000000, 1.000000000000000000 ) ) ;
#3371 = CARTESIAN_POINT ( 'NONE',  ( 38.84322541360604200, 403.2968025531070600, 108.6738818462333900 ) ) ;
#3372 = EDGE_LOOP ( 'NONE', ( #2518, #3427, #2680, #2118 ) ) ;
#3373 = EDGE_CURVE ( 'NONE', #2925, #1732, #1586, .T. ) ;
#3374 = CARTESIAN_POINT ( 'NONE',  ( -7.989309183477278300, 389.9999999999999400, 106.1008290248536200 ) ) ;
#3375 = EDGE_LOOP ( 'NONE', ( #1730, #33, #197 ) ) ;
#3376 = AXIS2_PLACEMENT_3D ( 'NONE', #3160, #2379, #264 ) ;
#3377 = CARTESIAN_POINT ( 'NONE',  ( 3.686291501015223700, 414.0000000000000600, 75.60612308660186900 ) ) ;
#3378 = CARTESIAN_POINT ( 'NONE',  ( -33.55217207797134900, 395.2890428327423300, -122.9050798704892700 ) ) ;
#3379 = VERTEX_POINT ( 'NONE', #886 ) ;
#3380 = ORIENTED_EDGE ( 'NONE', *, *, #2780, .F. ) ;
#3381 = CARTESIAN_POINT ( 'NONE',  ( -38.67942830139096300, 402.8363557391767200, -109.9764478798596500 ) ) ;
#3382 = ORIENTED_EDGE ( 'NONE', *, *, #2086, .T. ) ;
#3383 = CARTESIAN_POINT ( 'NONE',  ( -30.92160885057661400, 393.2358898016196900, 124.9806560392655100 ) ) ;
#3384 = CARTESIAN_POINT ( 'NONE',  ( -41.21997513268984600, 389.5495273450241600, 137.2210300606956000 ) ) ;
#3385 = CARTESIAN_POINT ( 'NONE',  ( -53.13380363429455900, 411.6186700612247500, -115.6069043529195300 ) ) ;
#3386 = EDGE_CURVE ( 'NONE', #868, #3199, #2416, .T. ) ;
#3387 = ORIENTED_EDGE ( 'NONE', *, *, #1802, .T. ) ;
#3388 = AXIS2_PLACEMENT_3D ( 'NONE', #3270, #336, #881 ) ;
#3389 = DIRECTION ( 'NONE',  ( 0.0000000000000000000, 0.0000000000000000000, 1.000000000000000000 ) ) ;
#3390 = ADVANCED_FACE ( 'NONE', ( #598 ), #3271, .T. ) ;
#3391 = CARTESIAN_POINT ( 'NONE',  ( 0.0000000000000000000, 415.0000000000000600, -125.0000000000000000 ) ) ;
#3392 = EDGE_CURVE ( 'NONE', #2021, #1698, #1877, .T. ) ;
#3393 = DIRECTION ( 'NONE',  ( 9.570888143320316900E-017, -0.0000000000000000000, 1.000000000000000000 ) ) ;
#3394 = CARTESIAN_POINT ( 'NONE',  ( -34.88320740059692300, 396.2360099052038400, 133.3884942275210200 ) ) ;
#3395 = CARTESIAN_POINT ( 'NONE',  ( 49.55542041733038200, 401.6639543068442900, 128.1798241102770500 ) ) ;
#3396 = CARTESIAN_POINT ( 'NONE',  ( -59.99999999999996400, 360.0000000000000600, 84.99999999999997200 ) ) ;
#3397 = CYLINDRICAL_SURFACE ( 'NONE', #2001, 4.000000000000003600 ) ;
#3398 = CARTESIAN_POINT ( 'NONE',  ( -35.72357640288441900, 384.9688737200968400, -139.5588859365390700 ) ) ;
#3399 = EDGE_CURVE ( 'NONE', #2490, #981, #1628, .T. ) ;
#3400 = AXIS2_PLACEMENT_3D ( 'NONE', #2307, #987, #997 ) ;
#3401 = LINE ( 'NONE', #2926, #1836 ) ;
#3402 = CARTESIAN_POINT ( 'NONE',  ( -19.99999999999999300, 410.0000000000000600, -145.0000000000000300 ) ) ;
#3403 = CIRCLE ( 'NONE', #3404, 4.000000000000000000 ) ;
#3404 = AXIS2_PLACEMENT_3D ( 'NONE', #389, #909, #1164 ) ;
#3405 = CARTESIAN_POINT ( 'NONE',  ( -41.87830036727088900, 390.2354811644330000, 136.8269894751882700 ) ) ;
#3406 = CARTESIAN_POINT ( 'NONE',  ( 24.66374764409515000, 390.5158487414844300, 127.0981088363065700 ) ) ;
#3407 = DIRECTION ( 'NONE',  ( -3.541727096785985200E-015, 0.9047619047619046600, 0.4259177099999600400 ) ) ;
#3408 = CARTESIAN_POINT ( 'NONE',  ( -38.84322541360602100, 403.2968025531070600, -108.6738818462334400 ) ) ;
#3409 = VECTOR ( 'NONE', #2831, 1000.000000000000000 ) ;
#3410 = DIRECTION ( 'NONE',  ( 0.0000000000000000000, 1.000000000000000000, 0.0000000000000000000 ) ) ;
#3411 = CARTESIAN_POINT ( 'NONE',  ( -119.9999999999999700, 60.00000000000000000, 84.99999999999997200 ) ) ;
#3412 = DIRECTION ( 'NONE',  ( 1.000000000000000000, 0.0000000000000000000, 0.0000000000000000000 ) ) ;
#3413 = FACE_OUTER_BOUND ( 'NONE', #1617, .T. ) ;
#3414 = CARTESIAN_POINT ( 'NONE',  ( -61.52619403328022000, 419.9109751589227800, 86.93353081098726400 ) ) ;
#3415 = ORIENTED_EDGE ( 'NONE', *, *, #373, .F. ) ;
#3416 = DIRECTION ( 'NONE',  ( 0.0000000000000000000, 0.0000000000000000000, -1.000000000000000000 ) ) ;
#3417 = ORIENTED_EDGE ( 'NONE', *, *, #688, .F. ) ;
#3418 = EDGE_CURVE ( 'NONE', #3251, #862, #1254, .T. ) ;
#3419 = CARTESIAN_POINT ( 'NONE',  ( -27.09152281845730300, 380.9478973085906000, 141.2249820516323100 ) ) ;
#3420 = CARTESIAN_POINT ( 'NONE',  ( 35.68293498533105200, 397.5472177013333000, 120.1010364489282800 ) ) ;
#3421 = ORIENTED_EDGE ( 'NONE', *, *, #1275, .F. ) ;
#3422 = DIRECTION ( 'NONE',  ( 0.0000000000000000000, -0.0000000000000000000, 1.000000000000000000 ) ) ;
#3423 = EDGE_LOOP ( 'NONE', ( #1442, #2404, #1234 ) ) ;
#3424 = CARTESIAN_POINT ( 'NONE',  ( -12.68563726647270900, 418.0483853496693300, -36.78270634486651100 ) ) ;
#3425 = AXIS2_PLACEMENT_3D ( 'NONE', #2506, #936, #3043 ) ;
#3426 = CARTESIAN_POINT ( 'NONE',  ( -60.88033344288793800, 419.8801460948620800, -87.41630908856173200 ) ) ;
#3427 = ORIENTED_EDGE ( 'NONE', *, *, #1284, .F. ) ;
#3428 = ADVANCED_FACE ( 'NONE', ( #2166 ), #841, .T. ) ;
#3429 = CARTESIAN_POINT ( 'NONE',  ( -19.99999999999985100, 390.0000000000000000, -127.4264068711928800 ) ) ;
ENDSEC;
END-ISO-10303-21;
